2025-11-06 09:52:53,365 - DEBUG - /etc/timezone found, contents:
 Etc/UTC

2025-11-06 09:52:53,365 - DEBUG - /etc/localtime found
2025-11-06 09:52:53,366 - DEBUG - 2 found:
 {'/etc/timezone': 'Etc/UTC', '/etc/localtime is a symlink to': 'Etc/UTC'}
2025-11-06 09:52:53,411 - INFO - Synchronous call: start_bot
2025-11-06 09:52:53,412 - DEBUG - Using selector: EpollSelector
2025-11-06 09:52:53,412 - INFO - Asynchronous call: start_http_server
2025-11-06 09:52:53,413 - INFO - Asynchronous result start_http_server:
2025-11-06 09:52:53,413 - INFO - None
2025-11-06 09:52:53,413 - INFO - Asynchronous call: on_startup
2025-11-06 09:52:53,460 - INFO - Connection to the database is established
2025-11-06 09:52:53,460 - INFO - 
2025-11-06 09:52:53,460 - INFO - Asynchronous call: connect
2025-11-06 09:52:53,461 - DEBUG - [_cygrpc] Loaded running loop: id(loop)=140382279572944
2025-11-06 09:52:53,461 - DEBUG - Using AsyncIOEngine.POLLER as I/O engine
2025-11-06 09:52:53,461 - DEBUG - [_cygrpc] Loaded running loop: id(loop)=140382279572944
2025-11-06 09:52:53,462 - INFO - Asynchronous result connect:
2025-11-06 09:52:53,463 - INFO - None
2025-11-06 09:52:53,463 - INFO - Scheduler started
2025-11-06 09:52:53,463 - INFO - Система напоминаний запущена
2025-11-06 09:52:53,463 - INFO - Asynchronous result on_startup:
2025-11-06 09:52:53,463 - INFO - None
2025-11-06 09:52:53,463 - INFO - Start polling
2025-11-06 09:52:53,463 - INFO - Asynchronous call: start_notification_listener
2025-11-06 09:52:53,463 - INFO - Asynchronous call: subscribe_to_notifications
2025-11-06 09:52:53,464 - DEBUG - [_cygrpc] Loaded running loop: id(loop)=140382279572944
2025-11-06 09:52:53,464 - DEBUG - Looking for jobs to run
2025-11-06 09:52:53,464 - DEBUG - No jobs; waiting until a job is added
2025-11-06 09:52:56,881 - INFO - Run polling for bot @OperAItgbot id=7868636837 - 'OperAI'
2025-11-06 10:01:20,710 - INFO - Asynchronous execution error subscribe_to_notifications:
2025-11-06 10:01:20,710 - INFO - <AioRpcError of RPC that terminated with:
2025-11-06 10:01:20,710 - INFO - 	status = StatusCode.UNAVAILABLE
2025-11-06 10:01:20,710 - INFO - 	details = "Socket closed"
2025-11-06 10:01:20,710 - INFO - 	debug_error_string = "UNKNOWN:Error received from peer  {grpc_message:"Socket closed", grpc_status:14}"
2025-11-06 10:01:20,710 - INFO - >
2025-11-06 10:01:20,711 - INFO - Asynchronous result start_notification_listener:
2025-11-06 10:01:20,711 - INFO - None
2025-11-06 10:03:56,635 - DEBUG - /etc/timezone found, contents:
 Etc/UTC

2025-11-06 10:03:56,635 - DEBUG - /etc/localtime found
2025-11-06 10:03:56,636 - DEBUG - 2 found:
 {'/etc/timezone': 'Etc/UTC', '/etc/localtime is a symlink to': 'Etc/UTC'}
2025-11-06 10:03:56,678 - INFO - Synchronous call: start_bot
2025-11-06 10:03:56,678 - DEBUG - Using selector: EpollSelector
2025-11-06 10:03:56,679 - INFO - Asynchronous call: start_http_server
2025-11-06 10:03:56,679 - INFO - Asynchronous result start_http_server:
2025-11-06 10:03:56,679 - INFO - None
2025-11-06 10:03:56,680 - INFO - Asynchronous call: on_startup
2025-11-06 10:03:56,725 - INFO - Connection to the database is established
2025-11-06 10:03:56,725 - INFO - 
2025-11-06 10:03:56,725 - INFO - Asynchronous call: connect
2025-11-06 10:03:56,726 - DEBUG - [_cygrpc] Loaded running loop: id(loop)=140585447652880
2025-11-06 10:03:56,726 - DEBUG - Using AsyncIOEngine.POLLER as I/O engine
2025-11-06 10:03:56,726 - DEBUG - [_cygrpc] Loaded running loop: id(loop)=140585447652880
2025-11-06 10:03:56,727 - INFO - Asynchronous result connect:
2025-11-06 10:03:56,727 - INFO - None
2025-11-06 10:03:56,728 - INFO - Scheduler started
2025-11-06 10:03:56,728 - INFO - Система напоминаний запущена
2025-11-06 10:03:56,728 - INFO - Asynchronous result on_startup:
2025-11-06 10:03:56,728 - INFO - None
2025-11-06 10:03:56,728 - INFO - Start polling
2025-11-06 10:03:56,728 - INFO - Asynchronous call: start_notification_listener
2025-11-06 10:03:56,728 - INFO - Asynchronous call: subscribe_to_notifications
2025-11-06 10:03:56,728 - DEBUG - [_cygrpc] Loaded running loop: id(loop)=140585447652880
2025-11-06 10:03:56,728 - DEBUG - Looking for jobs to run
2025-11-06 10:03:56,728 - DEBUG - No jobs; waiting until a job is added
2025-11-06 10:03:59,550 - INFO - Run polling for bot @OperAItgbot id=7868636837 - 'OperAI'
2025-11-06 10:10:46,929 - INFO - Asynchronous call: start
2025-11-06 10:10:46,929 - INFO - Asynchronous call: cache_registration_check_wrapper
2025-11-06 10:10:46,982 - INFO - cache_registration_check: CACHE MISS (hit=0, miss=1, hit%=0.0)
2025-11-06 10:10:46,982 - INFO - Asynchronous result cache_registration_check_wrapper:
2025-11-06 10:10:46,982 - INFO - not_registered
2025-11-06 10:10:47,082 - INFO - Asynchronous result start:
2025-11-06 10:10:47,082 - INFO - 0
2025-11-06 10:10:47,082 - INFO - Update id=229437112 is handled. Duration 153 ms by bot id=7868636837
2025-11-06 10:10:50,763 - INFO - Asynchronous call: handle_registration_tap
2025-11-06 10:10:50,927 - INFO - Asynchronous result handle_registration_tap:
2025-11-06 10:10:50,927 - INFO - 0
2025-11-06 10:10:50,927 - INFO - Update id=229437113 is handled. Duration 165 ms by bot id=7868636837
2025-11-06 10:10:53,868 - INFO - Asynchronous call: handle_rate_tap
2025-11-06 10:10:54,178 - INFO - Asynchronous result handle_rate_tap:
2025-11-06 10:10:54,178 - INFO - 0
2025-11-06 10:10:54,178 - INFO - Update id=229437114 is handled. Duration 311 ms by bot id=7868636837
2025-11-06 10:11:05,346 - INFO - Asynchronous call: registrate_user_after_price
2025-11-06 10:11:05,346 - INFO - Asynchronous call: cache_new_user_price_w_city_wrapper
2025-11-06 10:11:05,353 - INFO - cache_new_user_price_w_city: CACHE MISS (hit=0, miss=1, hit%=0.0)
2025-11-06 10:11:05,353 - INFO - Asynchronous result cache_new_user_price_w_city_wrapper:
2025-11-06 10:11:05,353 - INFO - False
2025-11-06 10:11:05,430 - INFO - Asynchronous result registrate_user_after_price:
2025-11-06 10:11:05,430 - INFO - 0
2025-11-06 10:11:05,430 - INFO - Update id=229437115 is handled. Duration 84 ms by bot id=7868636837
2025-11-06 10:12:32,841 - INFO - Asynchronous call: handling_questions_from_miniapp
2025-11-06 10:12:32,841 - INFO - Asynchronous call: create_question_version_by_username_query
2025-11-06 10:12:32,845 - INFO - Asynchronous result create_question_version_by_username_query:
2025-11-06 10:12:32,845 - INFO - {'company_id': 6, 'version_no': 1}
2025-11-06 10:12:33,043 - INFO - Asynchronous result handling_questions_from_miniapp:
2025-11-06 10:12:33,043 - INFO - 0
2025-11-06 10:12:33,043 - INFO - Update id=229437116 is handled. Duration 203 ms by bot id=7868636837
2025-11-06 10:14:13,669 - INFO - Asynchronous call: cache_company_chat_link_wrapper
2025-11-06 10:14:13,673 - INFO - Asynchronous result cache_company_chat_link_wrapper:
2025-11-06 10:14:13,673 - INFO - {'id': 6, 'name': 'esscale group'}
2025-11-06 10:14:13,698 - INFO - Update id=229437118 is not handled. Duration 1 ms by bot id=7868636837
2025-11-06 10:14:13,768 - INFO - Update id=229437117 is handled. Duration 98 ms by bot id=7868636837
2025-11-06 10:15:08,434 - INFO - Update id=229437119 is not handled. Duration 0 ms by bot id=7868636837
2025-11-06 10:15:24,193 - INFO - Update id=229437120 is not handled. Duration 0 ms by bot id=7868636837
2025-11-06 10:15:24,237 - INFO - Update id=229437121 is not handled. Duration 1 ms by bot id=7868636837
2025-11-06 10:15:35,847 - INFO - Asynchronous call: registrate_without_info_adding_user
2025-11-06 10:15:35,847 - INFO - Asynchronous call: cache_company_id_by_chat_wrapper
2025-11-06 10:15:35,847 - INFO - cache_company_by_chat: CACHE HIT (hit=1, miss=0, hit%=100.0)
2025-11-06 10:15:35,848 - INFO - Asynchronous result cache_company_id_by_chat_wrapper:
2025-11-06 10:15:35,848 - INFO - {'id': 6, 'name': 'esscale group'}
2025-11-06 10:15:35,848 - INFO - Asynchronous call: cache_new_user_without_info_wrapper
2025-11-06 10:15:35,851 - INFO - cache_new_user_without_info: CACHE HIT (hit=1, miss=0, hit%=100.0)
2025-11-06 10:15:35,851 - INFO - Asynchronous result cache_new_user_without_info_wrapper:
2025-11-06 10:15:35,851 - INFO - 0
2025-11-06 10:15:35,921 - INFO - Update id=229437123 is not handled. Duration 1 ms by bot id=7868636837
2025-11-06 10:15:36,062 - INFO - Asynchronous result registrate_without_info_adding_user:
2025-11-06 10:15:36,062 - INFO - 0
2025-11-06 10:15:36,063 - INFO - Update id=229437122 is handled. Duration 215 ms by bot id=7868636837
2025-11-06 10:15:50,084 - INFO - Update id=229437124 is not handled. Duration 1 ms by bot id=7868636837
2025-11-06 10:16:26,864 - DEBUG - Error handling request from 162.142.125.37
Traceback (most recent call last):
  File "/tmp/onefile_1_1762423434_781169/aiohttp/web_protocol.py", line 408, in data_received
  File "aiohttp/_http_parser.pyx", line 558, in aiohttp._http_parser.HttpParser.feed_data
aiohttp.http_exceptions.BadHttpMethod: 400, message:
  Invalid method encountered:

    b'\x16\x03\x01'
      ^
2025-11-06 10:16:26,865 - INFO - 162.142.125.37 [06/Nov/2025:10:16:26 +0000] "UNKNOWN / HTTP/1.0" 400 215 "-" "-"
2025-11-06 10:16:31,575 - INFO - 162.142.125.37 [06/Nov/2025:10:16:31 +0000] "GET / HTTP/1.1" 404 175 "-" "Mozilla/5.0 (compatible; CensysInspect/1.1; +https://about.censys.io/)"
2025-11-06 10:16:32,961 - ERROR - Error handling request from 162.142.125.37
Traceback (most recent call last):
  File "/tmp/onefile_1_1762423434_781169/aiohttp/web_protocol.py", line 408, in data_received
  File "aiohttp/_http_parser.pyx", line 558, in aiohttp._http_parser.HttpParser.feed_data
aiohttp.http_exceptions.BadHttpMessage: 400, message:
  Pause on PRI/Upgrade:

    b''
      ^
2025-11-06 10:16:32,962 - INFO - 162.142.125.37 [06/Nov/2025:10:16:32 +0000] "UNKNOWN / HTTP/1.0" 400 197 "-" "-"
2025-11-06 10:16:54,270 - DEBUG - Error handling request from 162.142.125.37
Traceback (most recent call last):
  File "/tmp/onefile_1_1762423434_781169/aiohttp/web_protocol.py", line 408, in data_received
  File "aiohttp/_http_parser.pyx", line 558, in aiohttp._http_parser.HttpParser.feed_data
aiohttp.http_exceptions.BadHttpMethod: 400, message:
  Invalid method encountered:

    b'\x16\x03\x01'
      ^
2025-11-06 10:16:54,271 - INFO - 162.142.125.37 [06/Nov/2025:10:16:54 +0000] "UNKNOWN / HTTP/1.0" 400 215 "-" "-"
2025-11-06 10:16:56,248 - INFO - 162.142.125.37 [06/Nov/2025:10:16:56 +0000] "GET /.well-known/security.txt HTTP/1.1" 404 175 "-" "Mozilla/5.0 (compatible; CensysInspect/1.1; +https://about.censys.io/)"
2025-11-06 10:19:14,769 - INFO - Update id=229437125 is not handled. Duration 0 ms by bot id=7868636837
2025-11-06 10:19:32,363 - INFO - Update id=229437126 is not handled. Duration 0 ms by bot id=7868636837
2025-11-06 10:19:32,403 - INFO - Update id=229437127 is not handled. Duration 2 ms by bot id=7868636837
2025-11-06 10:19:43,395 - INFO - Asynchronous call: registrate_without_info_adding_user
2025-11-06 10:19:43,395 - INFO - Asynchronous call: cache_company_id_by_chat_wrapper
2025-11-06 10:19:43,396 - INFO - cache_company_by_chat: CACHE HIT (hit=2, miss=0, hit%=100.0)
2025-11-06 10:19:43,396 - INFO - Asynchronous result cache_company_id_by_chat_wrapper:
2025-11-06 10:19:43,396 - INFO - {'id': 6, 'name': 'esscale group'}
2025-11-06 10:19:43,396 - INFO - Asynchronous call: cache_new_user_without_info_wrapper
2025-11-06 10:19:43,399 - INFO - cache_new_user_without_info: CACHE HIT (hit=2, miss=0, hit%=100.0)
2025-11-06 10:19:43,399 - INFO - Asynchronous result cache_new_user_without_info_wrapper:
2025-11-06 10:19:43,399 - INFO - 0
2025-11-06 10:19:43,420 - INFO - Update id=229437129 is not handled. Duration 1 ms by bot id=7868636837
2025-11-06 10:19:43,496 - INFO - Asynchronous result registrate_without_info_adding_user:
2025-11-06 10:19:43,497 - INFO - 0
2025-11-06 10:19:43,497 - INFO - Update id=229437128 is handled. Duration 101 ms by bot id=7868636837
2025-11-06 10:19:45,721 - DEBUG - Error handling request from 13.89.121.32
Traceback (most recent call last):
  File "/tmp/onefile_1_1762423434_781169/aiohttp/web_protocol.py", line 408, in data_received
  File "aiohttp/_http_parser.pyx", line 558, in aiohttp._http_parser.HttpParser.feed_data
aiohttp.http_exceptions.BadHttpMethod: 400, message:
  Invalid method encountered:

    b'\x16\x03\x01'
      ^
2025-11-06 10:19:45,722 - INFO - 13.89.121.32 [06/Nov/2025:10:19:45 +0000] "UNKNOWN / HTTP/1.0" 400 215 "-" "-"
2025-11-06 10:19:46,418 - DEBUG - Error handling request from 13.89.121.32
Traceback (most recent call last):
  File "/tmp/onefile_1_1762423434_781169/aiohttp/web_protocol.py", line 408, in data_received
  File "aiohttp/_http_parser.pyx", line 558, in aiohttp._http_parser.HttpParser.feed_data
aiohttp.http_exceptions.BadHttpMethod: 400, message:
  Invalid method encountered:

    b'MGLNDD_217.26.24.217_443\n'
       ^
2025-11-06 10:19:46,418 - INFO - 13.89.121.32 [06/Nov/2025:10:19:46 +0000] "UNKNOWN / HTTP/1.0" 400 230 "-" "-"
2025-11-06 10:19:57,477 - INFO - Asynchronous call: start
2025-11-06 10:19:57,477 - INFO - Asynchronous call: cache_registration_check_wrapper
2025-11-06 10:19:57,480 - INFO - cache_registration_check: CACHE MISS (hit=0, miss=2, hit%=0.0)
2025-11-06 10:19:57,480 - INFO - Asynchronous result cache_registration_check_wrapper:
2025-11-06 10:19:57,480 - INFO - not_registered
2025-11-06 10:19:57,637 - INFO - Asynchronous result start:
2025-11-06 10:19:57,637 - INFO - 0
2025-11-06 10:19:57,637 - INFO - Update id=229437130 is handled. Duration 161 ms by bot id=7868636837
2025-11-06 10:20:02,473 - INFO - Update id=229437131 is not handled. Duration 1 ms by bot id=7868636837
2025-11-06 10:20:15,504 - INFO - Asynchronous call: start
2025-11-06 10:20:15,504 - INFO - Asynchronous call: cache_registration_check_wrapper
2025-11-06 10:20:15,505 - INFO - cache_registration_check: CACHE HIT (hit=1, miss=2, hit%=33.33)
2025-11-06 10:20:15,505 - INFO - Asynchronous result cache_registration_check_wrapper:
2025-11-06 10:20:15,505 - INFO - not_registered
2025-11-06 10:20:15,577 - INFO - Asynchronous result start:
2025-11-06 10:20:15,577 - INFO - 0
2025-11-06 10:20:15,577 - INFO - Update id=229437132 is handled. Duration 73 ms by bot id=7868636837
2025-11-06 10:20:16,601 - INFO - Asynchronous call: handle_registration_tap
2025-11-06 10:20:16,720 - INFO - Asynchronous result handle_registration_tap:
2025-11-06 10:20:16,720 - INFO - 0
2025-11-06 10:20:16,721 - INFO - Update id=229437133 is handled. Duration 120 ms by bot id=7868636837
2025-11-06 10:20:20,310 - INFO - Asynchronous call: handle_rate_tap
2025-11-06 10:20:20,429 - INFO - Asynchronous result handle_rate_tap:
2025-11-06 10:20:20,429 - INFO - 0
2025-11-06 10:20:20,429 - INFO - Update id=229437134 is handled. Duration 120 ms by bot id=7868636837
2025-11-06 10:20:20,923 - INFO - Asynchronous call: handle_registration_tap
2025-11-06 10:20:21,065 - INFO - Asynchronous result handle_registration_tap:
2025-11-06 10:20:21,066 - INFO - 0
2025-11-06 10:20:21,066 - INFO - Update id=229437135 is handled. Duration 143 ms by bot id=7868636837
2025-11-06 10:20:25,231 - INFO - Asynchronous call: handle_rate_tap
2025-11-06 10:20:25,401 - INFO - Asynchronous result handle_rate_tap:
2025-11-06 10:20:25,401 - INFO - 0
2025-11-06 10:20:25,401 - INFO - Update id=229437136 is handled. Duration 171 ms by bot id=7868636837
2025-11-06 10:20:34,496 - INFO - Asynchronous call: registrate_user_after_price
2025-11-06 10:20:34,496 - INFO - Asynchronous call: cache_new_user_price_w_city_wrapper
2025-11-06 10:20:34,500 - INFO - cache_new_user_price_w_city: CACHE MISS (hit=0, miss=2, hit%=0.0)
2025-11-06 10:20:34,500 - INFO - Asynchronous result cache_new_user_price_w_city_wrapper:
2025-11-06 10:20:34,500 - INFO - False
2025-11-06 10:20:34,583 - INFO - Asynchronous result registrate_user_after_price:
2025-11-06 10:20:34,583 - INFO - 0
2025-11-06 10:20:34,583 - INFO - Update id=229437137 is handled. Duration 87 ms by bot id=7868636837
2025-11-06 10:21:00,976 - INFO - Asynchronous call: registrate_user_after_price
2025-11-06 10:21:00,976 - INFO - Asynchronous call: cache_new_user_price_w_city_wrapper
2025-11-06 10:21:00,980 - INFO - cache_new_user_price_w_city: CACHE MISS (hit=0, miss=3, hit%=0.0)
2025-11-06 10:21:00,980 - INFO - Asynchronous result cache_new_user_price_w_city_wrapper:
2025-11-06 10:21:00,980 - INFO - False
2025-11-06 10:21:00,981 - INFO - Asynchronous execution error registrate_user_after_price:
2025-11-06 10:21:00,981 - INFO - Telegram server says - Bad Request: web App buttons can be used in private chats only
2025-11-06 10:21:00,981 - INFO - Update id=229437138 is handled. Duration 6 ms by bot id=7868636837
2025-11-06 10:21:14,549 - INFO - Update id=229437139 is not handled. Duration 0 ms by bot id=7868636837
2025-11-06 10:21:14,582 - INFO - Asynchronous call: registrate_user_after_price
2025-11-06 10:21:14,582 - INFO - Asynchronous call: cache_new_user_price_w_city_wrapper
2025-11-06 10:21:14,585 - INFO - cache_new_user_price_w_city: CACHE MISS (hit=0, miss=4, hit%=0.0)
2025-11-06 10:21:14,585 - INFO - Asynchronous result cache_new_user_price_w_city_wrapper:
2025-11-06 10:21:14,585 - INFO - False
2025-11-06 10:21:14,586 - INFO - Asynchronous execution error registrate_user_after_price:
2025-11-06 10:21:14,586 - INFO - Telegram server says - Bad Request: web App buttons can be used in private chats only
2025-11-06 10:21:14,586 - INFO - Update id=229437140 is handled. Duration 5 ms by bot id=7868636837
2025-11-06 10:21:19,050 - INFO - Asynchronous call: registrate_without_info_adding_user
2025-11-06 10:21:19,051 - INFO - Asynchronous call: cache_company_id_by_chat_wrapper
2025-11-06 10:21:19,051 - INFO - cache_company_by_chat: CACHE HIT (hit=3, miss=0, hit%=100.0)
2025-11-06 10:21:19,051 - INFO - Asynchronous result cache_company_id_by_chat_wrapper:
2025-11-06 10:21:19,051 - INFO - {'id': 6, 'name': 'esscale group'}
2025-11-06 10:21:19,051 - INFO - Asynchronous call: cache_new_user_without_info_wrapper
2025-11-06 10:21:19,053 - INFO - Asynchronous execution error cache_new_user_without_info_wrapper:
2025-11-06 10:21:19,054 - INFO - duplicate key value violates unique constraint "workers_username_tg_key"
2025-11-06 10:21:19,054 - INFO - DETAIL:  Key (username_tg)=(@ne_zuba) already exists.
2025-11-06 10:21:19,081 - INFO - Asynchronous call: registrate_user_after_price
2025-11-06 10:21:19,081 - INFO - Asynchronous call: cache_new_user_price_w_city_wrapper
2025-11-06 10:21:19,082 - INFO - cache_new_user_price_w_city: CACHE HIT (hit=1, miss=4, hit%=20.0)
2025-11-06 10:21:19,082 - INFO - Asynchronous result cache_new_user_price_w_city_wrapper:
2025-11-06 10:21:19,082 - INFO - True
2025-11-06 10:21:19,144 - INFO - Asynchronous result registrate_without_info_adding_user:
2025-11-06 10:21:19,144 - INFO - 0
2025-11-06 10:21:19,144 - INFO - Update id=229437141 is handled. Duration 93 ms by bot id=7868636837
2025-11-06 10:21:19,185 - INFO - Asynchronous result registrate_user_after_price:
2025-11-06 10:21:19,185 - INFO - None
2025-11-06 10:21:19,185 - INFO - Update id=229437142 is handled. Duration 105 ms by bot id=7868636837
2025-11-06 10:22:03,665 - INFO - Asynchronous call: registrate_user_after_price
2025-11-06 10:22:03,665 - INFO - Asynchronous call: cache_new_user_price_w_city_wrapper
2025-11-06 10:22:03,669 - INFO - cache_new_user_price_w_city: CACHE MISS (hit=1, miss=5, hit%=16.67)
2025-11-06 10:22:03,669 - INFO - Asynchronous result cache_new_user_price_w_city_wrapper:
2025-11-06 10:22:03,669 - INFO - False
2025-11-06 10:22:03,670 - INFO - Asynchronous execution error registrate_user_after_price:
2025-11-06 10:22:03,670 - INFO - Telegram server says - Bad Request: web App buttons can be used in private chats only
2025-11-06 10:22:03,670 - INFO - Update id=229437143 is handled. Duration 5 ms by bot id=7868636837
2025-11-06 10:22:15,687 - INFO - Asynchronous call: handle_settings
2025-11-06 10:22:15,808 - INFO - Asynchronous result handle_settings:
2025-11-06 10:22:15,808 - INFO - 0
2025-11-06 10:22:15,808 - INFO - Update id=229437144 is handled. Duration 124 ms by bot id=7868636837
2025-11-06 10:22:18,982 - INFO - Asynchronous call: handle_configuring_reports
2025-11-06 10:22:19,278 - INFO - Asynchronous result handle_configuring_reports:
2025-11-06 10:22:19,278 - INFO - 0
2025-11-06 10:22:19,279 - INFO - Update id=229437145 is handled. Duration 300 ms by bot id=7868636837
2025-11-06 10:22:24,673 - INFO - Asynchronous call: handle_set_reminder
2025-11-06 10:22:24,794 - INFO - Asynchronous result handle_set_reminder:
2025-11-06 10:22:24,794 - INFO - 0
2025-11-06 10:22:24,794 - INFO - Update id=229437146 is handled. Duration 123 ms by bot id=7868636837
2025-11-06 10:22:27,356 - INFO - Asynchronous call: handle_make_reminder
2025-11-06 10:22:27,356 - INFO - Asynchronous call: wrapper
2025-11-06 10:22:27,359 - INFO - cache_company_periods_get: CACHE MISS (hit=0, miss=1, hit%=0.0)
2025-11-06 10:22:27,359 - INFO - Asynchronous result wrapper:
2025-11-06 10:22:27,359 - INFO - None
2025-11-06 10:22:27,641 - INFO - Asynchronous result handle_make_reminder:
2025-11-06 10:22:27,641 - INFO - 0
2025-11-06 10:22:27,641 - INFO - Update id=229437147 is handled. Duration 289 ms by bot id=7868636837
2025-11-06 10:22:41,071 - INFO - Update id=229437148 is not handled. Duration 2 ms by bot id=7868636837
2025-11-06 10:22:46,224 - INFO - Update id=229437149 is not handled. Duration 3 ms by bot id=7868636837
2025-11-06 10:25:28,299 - INFO - Update id=229437150 is not handled. Duration 1 ms by bot id=7868636837
2025-11-06 10:25:41,513 - INFO - Update id=229437151 is not handled. Duration 1 ms by bot id=7868636837
2025-11-06 10:26:42,332 - INFO - Asynchronous call: registrate_user_after_price
2025-11-06 10:26:42,333 - INFO - Asynchronous call: cache_new_user_price_w_city_wrapper
2025-11-06 10:26:42,336 - INFO - cache_new_user_price_w_city: CACHE MISS (hit=1, miss=6, hit%=14.29)
2025-11-06 10:26:42,336 - INFO - Asynchronous result cache_new_user_price_w_city_wrapper:
2025-11-06 10:26:42,336 - INFO - False
2025-11-06 10:26:42,339 - INFO - Asynchronous execution error registrate_user_after_price:
2025-11-06 10:26:42,339 - INFO - Telegram server says - Bad Request: web App buttons can be used in private chats only
2025-11-06 10:26:42,340 - INFO - Update id=229437152 is handled. Duration 7 ms by bot id=7868636837
2025-11-06 10:26:48,730 - INFO - Asynchronous call: cache_company_chat_unlink_wrapper
2025-11-06 10:26:48,733 - INFO - Asynchronous result cache_company_chat_unlink_wrapper:
2025-11-06 10:26:48,733 - INFO - 0
2025-11-06 10:26:48,733 - INFO - Update id=229437153 is handled. Duration 3 ms by bot id=7868636837
2025-11-06 10:26:48,758 - INFO - Asynchronous call: registrate_user_after_price
2025-11-06 10:26:48,759 - INFO - Asynchronous call: cache_new_user_price_w_city_wrapper
2025-11-06 10:26:48,759 - INFO - cache_new_user_price_w_city: CACHE HIT (hit=2, miss=6, hit%=25.0)
2025-11-06 10:26:48,759 - INFO - Asynchronous result cache_new_user_price_w_city_wrapper:
2025-11-06 10:26:48,759 - INFO - True
2025-11-06 10:26:48,760 - INFO - Asynchronous execution error registrate_user_after_price:
2025-11-06 10:26:48,760 - INFO - Telegram server says - Forbidden: bot was kicked from the supergroup chat
2025-11-06 10:26:48,760 - INFO - Update id=229437154 is handled. Duration 2 ms by bot id=7868636837
2025-11-06 10:29:00,206 - DEBUG - /etc/timezone found, contents:
 Etc/UTC

2025-11-06 10:29:00,206 - DEBUG - /etc/localtime found
2025-11-06 10:29:00,207 - DEBUG - 2 found:
 {'/etc/timezone': 'Etc/UTC', '/etc/localtime is a symlink to': 'Etc/UTC'}
2025-11-06 10:29:00,249 - INFO - Synchronous call: start_bot
2025-11-06 10:29:00,249 - DEBUG - Using selector: EpollSelector
2025-11-06 10:29:00,249 - INFO - Asynchronous call: start_http_server
2025-11-06 10:29:00,250 - INFO - Asynchronous result start_http_server:
2025-11-06 10:29:00,250 - INFO - None
2025-11-06 10:29:00,250 - INFO - Asynchronous call: on_startup
2025-11-06 10:29:00,461 - INFO - Connection to the database is established
2025-11-06 10:29:00,462 - INFO - 
2025-11-06 10:29:00,462 - INFO - Asynchronous call: connect
2025-11-06 10:29:00,462 - DEBUG - [_cygrpc] Loaded running loop: id(loop)=140692785205648
2025-11-06 10:29:00,462 - DEBUG - Using AsyncIOEngine.POLLER as I/O engine
2025-11-06 10:29:00,462 - DEBUG - [_cygrpc] Loaded running loop: id(loop)=140692785205648
2025-11-06 10:29:00,464 - INFO - Asynchronous result connect:
2025-11-06 10:29:00,464 - INFO - None
2025-11-06 10:29:00,464 - INFO - Scheduler started
2025-11-06 10:29:00,464 - INFO - Система напоминаний запущена
2025-11-06 10:29:00,464 - INFO - Asynchronous result on_startup:
2025-11-06 10:29:00,464 - INFO - None
2025-11-06 10:29:00,464 - INFO - Start polling
2025-11-06 10:29:00,465 - INFO - Asynchronous call: start_notification_listener
2025-11-06 10:29:00,465 - INFO - Asynchronous call: subscribe_to_notifications
2025-11-06 10:29:00,465 - DEBUG - [_cygrpc] Loaded running loop: id(loop)=140692785205648
2025-11-06 10:29:00,465 - DEBUG - Looking for jobs to run
2025-11-06 10:29:00,465 - DEBUG - No jobs; waiting until a job is added
2025-11-06 10:29:03,418 - INFO - Run polling for bot @OperAItgbot id=7868636837 - 'OperAI'
2025-11-06 10:33:46,086 - INFO - Asynchronous call: start
2025-11-06 10:33:46,086 - INFO - Asynchronous call: cache_registration_check_wrapper
2025-11-06 10:33:46,090 - INFO - cache_registration_check: CACHE MISS (hit=0, miss=1, hit%=0.0)
2025-11-06 10:33:46,090 - INFO - Asynchronous result cache_registration_check_wrapper:
2025-11-06 10:33:46,090 - INFO - not_registered
2025-11-06 10:33:46,218 - INFO - Asynchronous result start:
2025-11-06 10:33:46,219 - INFO - 0
2025-11-06 10:33:46,219 - INFO - Update id=657892777 is handled. Duration 133 ms by bot id=7868636837
2025-11-06 10:33:48,081 - INFO - Asynchronous call: handle_registration_tap
2025-11-06 10:33:48,245 - INFO - Asynchronous result handle_registration_tap:
2025-11-06 10:33:48,245 - INFO - 0
2025-11-06 10:33:48,246 - INFO - Update id=657892778 is handled. Duration 165 ms by bot id=7868636837
2025-11-06 10:33:49,612 - INFO - Asynchronous call: handle_rate_tap
2025-11-06 10:33:49,748 - INFO - Asynchronous result handle_rate_tap:
2025-11-06 10:33:49,748 - INFO - 0
2025-11-06 10:33:49,748 - INFO - Update id=657892779 is handled. Duration 136 ms by bot id=7868636837
2025-11-06 10:33:54,930 - INFO - Asynchronous call: registrate_user_after_price
2025-11-06 10:33:54,930 - INFO - Asynchronous call: cache_new_user_price_w_city_wrapper
2025-11-06 10:33:54,937 - INFO - cache_new_user_price_w_city: CACHE MISS (hit=0, miss=1, hit%=0.0)
2025-11-06 10:33:54,937 - INFO - Asynchronous result cache_new_user_price_w_city_wrapper:
2025-11-06 10:33:54,937 - INFO - False
2025-11-06 10:33:55,083 - INFO - Asynchronous result registrate_user_after_price:
2025-11-06 10:33:55,083 - INFO - 0
2025-11-06 10:33:55,083 - INFO - Update id=657892780 is handled. Duration 153 ms by bot id=7868636837
2025-11-06 10:34:39,845 - INFO - Asynchronous call: handling_questions_from_miniapp
2025-11-06 10:34:39,846 - INFO - Asynchronous call: create_question_version_by_username_query
2025-11-06 10:34:39,852 - INFO - Asynchronous result create_question_version_by_username_query:
2025-11-06 10:34:39,852 - INFO - {'company_id': 12, 'version_no': 1}
2025-11-06 10:34:40,017 - INFO - Asynchronous result handling_questions_from_miniapp:
2025-11-06 10:34:40,018 - INFO - 0
2025-11-06 10:34:40,018 - INFO - Update id=657892781 is handled. Duration 172 ms by bot id=7868636837
2025-11-06 10:37:22,788 - INFO - Asynchronous call: start
2025-11-06 10:37:22,788 - INFO - Asynchronous call: cache_registration_check_wrapper
2025-11-06 10:37:22,790 - INFO - cache_registration_check: CACHE MISS (hit=0, miss=2, hit%=0.0)
2025-11-06 10:37:22,790 - INFO - Asynchronous result cache_registration_check_wrapper:
2025-11-06 10:37:22,790 - INFO - not_registered
2025-11-06 10:37:22,863 - INFO - Asynchronous result start:
2025-11-06 10:37:22,863 - INFO - 0
2025-11-06 10:37:22,863 - INFO - Update id=657892782 is handled. Duration 75 ms by bot id=7868636837
2025-11-06 10:37:23,874 - INFO - Asynchronous call: handle_registration_tap
2025-11-06 10:37:24,007 - INFO - Asynchronous result handle_registration_tap:
2025-11-06 10:37:24,008 - INFO - 0
2025-11-06 10:37:24,008 - INFO - Update id=657892783 is handled. Duration 134 ms by bot id=7868636837
2025-11-06 10:37:26,427 - INFO - Asynchronous call: handle_rate_tap
2025-11-06 10:37:26,565 - INFO - Asynchronous result handle_rate_tap:
2025-11-06 10:37:26,565 - INFO - 0
2025-11-06 10:37:26,565 - INFO - Update id=657892784 is handled. Duration 139 ms by bot id=7868636837
2025-11-06 10:37:41,199 - INFO - Asynchronous call: registrate_user_after_price
2025-11-06 10:37:41,199 - INFO - Asynchronous call: cache_new_user_price_w_city_wrapper
2025-11-06 10:37:41,204 - INFO - cache_new_user_price_w_city: CACHE MISS (hit=0, miss=2, hit%=0.0)
2025-11-06 10:37:41,204 - INFO - Asynchronous result cache_new_user_price_w_city_wrapper:
2025-11-06 10:37:41,204 - INFO - False
2025-11-06 10:37:41,273 - INFO - Asynchronous result registrate_user_after_price:
2025-11-06 10:37:41,273 - INFO - 0
2025-11-06 10:37:41,273 - INFO - Update id=657892785 is handled. Duration 74 ms by bot id=7868636837
2025-11-06 10:37:50,622 - INFO - Asynchronous call: cache_company_chat_link_wrapper
2025-11-06 10:37:50,626 - INFO - Asynchronous result cache_company_chat_link_wrapper:
2025-11-06 10:37:50,626 - INFO - {'id': 12, 'name': 'esscale'}
2025-11-06 10:37:50,626 - INFO - Update id=657892786 is not handled. Duration 4 ms by bot id=7868636837
2025-11-06 10:37:50,626 - ERROR - Cause exception while process update id=657892786 by bot id=7868636837
TelegramForbiddenError: Telegram server says - Forbidden: bot was kicked from the group chat
Traceback (most recent call last):
  File "/tmp/onefile_1_1762424938_355133/aiogram/dispatcher/dispatcher.py", line 309, in _process_update
  File "/tmp/onefile_1_1762424938_355133/aiogram/dispatcher/dispatcher.py", line 158, in feed_update
  File "/tmp/onefile_1_1762424938_355133/aiogram/dispatcher/middlewares/error.py", line 25, in __call__
  File "/tmp/onefile_1_1762424938_355133/aiogram/dispatcher/middlewares/user_context.py", line 56, in __call__
  File "/tmp/onefile_1_1762424938_355133/aiogram/fsm/middleware.py", line 42, in __call__
  File "/tmp/onefile_1_1762424938_355133/aiogram/dispatcher/event/telegram.py", line 121, in trigger
  File "/tmp/onefile_1_1762424938_355133/aiogram/dispatcher/event/handler.py", line 43, in call
  File "/tmp/onefile_1_1762424938_355133/aiogram/dispatcher/dispatcher.py", line 276, in _listen_update
  File "/tmp/onefile_1_1762424938_355133/aiogram/dispatcher/router.py", line 146, in propagate_event
  File "/tmp/onefile_1_1762424938_355133/aiogram/dispatcher/router.py", line 141, in _wrapped
  File "/tmp/onefile_1_1762424938_355133/aiogram/dispatcher/router.py", line 174, in _propagate_event
  File "/tmp/onefile_1_1762424938_355133/aiogram/dispatcher/router.py", line 146, in propagate_event
  File "/tmp/onefile_1_1762424938_355133/aiogram/dispatcher/router.py", line 141, in _wrapped
  File "/tmp/onefile_1_1762424938_355133/aiogram/dispatcher/router.py", line 166, in _propagate_event
  File "/tmp/onefile_1_1762424938_355133/aiogram/dispatcher/event/telegram.py", line 121, in trigger
  File "/tmp/onefile_1_1762424938_355133/aiogram/dispatcher/event/handler.py", line 43, in call
  File "/tmp/onefile_1_1762424938_355133/include/bot/router.py", line 245, in on_bot_added
  File "/tmp/onefile_1_1762424938_355133/aiogram/methods/base.py", line 84, in emit
  File "/tmp/onefile_1_1762424938_355133/aiogram/client/bot.py", line 485, in __call__
  File "/tmp/onefile_1_1762424938_355133/aiogram/client/session/base.py", line 254, in __call__
  File "/tmp/onefile_1_1762424938_355133/aiogram/client/session/aiohttp.py", line 185, in make_request
  File "/tmp/onefile_1_1762424938_355133/aiogram/client/session/base.py", line 128, in check_response
aiogram.exceptions.TelegramForbiddenError: Telegram server says - Forbidden: bot was kicked from the group chat
2025-11-06 10:37:50,644 - INFO - Update id=657892787 is not handled. Duration 1 ms by bot id=7868636837
2025-11-06 10:37:51,008 - INFO - Update id=657892788 is not handled. Duration 1 ms by bot id=7868636837
2025-11-06 10:39:19,061 - INFO - Update id=657892789 is not handled. Duration 1 ms by bot id=7868636837
2025-11-06 10:39:35,718 - INFO - Update id=657892790 is not handled. Duration 0 ms by bot id=7868636837
2025-11-06 10:39:48,827 - INFO - Update id=657892791 is not handled. Duration 0 ms by bot id=7868636837
2025-11-06 10:39:48,841 - INFO - Update id=657892792 is not handled. Duration 1 ms by bot id=7868636837
2025-11-06 10:39:53,946 - INFO - Asynchronous call: registrate_without_info_adding_user
2025-11-06 10:39:53,946 - INFO - Asynchronous call: cache_company_id_by_chat_wrapper
2025-11-06 10:39:53,947 - INFO - cache_company_by_chat: CACHE HIT (hit=1, miss=0, hit%=100.0)
2025-11-06 10:39:53,947 - INFO - Asynchronous result cache_company_id_by_chat_wrapper:
2025-11-06 10:39:53,947 - INFO - {'id': 12, 'name': 'esscale'}
2025-11-06 10:39:53,947 - INFO - Asynchronous call: cache_new_user_without_info_wrapper
2025-11-06 10:39:53,951 - INFO - cache_new_user_without_info: CACHE HIT (hit=1, miss=0, hit%=100.0)
2025-11-06 10:39:53,951 - INFO - Asynchronous result cache_new_user_without_info_wrapper:
2025-11-06 10:39:53,951 - INFO - 0
2025-11-06 10:39:53,960 - INFO - Update id=657892794 is not handled. Duration 1 ms by bot id=7868636837
2025-11-06 10:39:54,157 - INFO - Asynchronous result registrate_without_info_adding_user:
2025-11-06 10:39:54,157 - INFO - 0
2025-11-06 10:39:54,157 - INFO - Update id=657892793 is handled. Duration 211 ms by bot id=7868636837
2025-11-06 10:40:58,766 - INFO - Asynchronous call: registrate_without_info_adding_user
2025-11-06 10:40:58,766 - INFO - Asynchronous call: cache_company_id_by_chat_wrapper
2025-11-06 10:40:58,766 - INFO - cache_company_by_chat: CACHE HIT (hit=2, miss=0, hit%=100.0)
2025-11-06 10:40:58,767 - INFO - Asynchronous result cache_company_id_by_chat_wrapper:
2025-11-06 10:40:58,767 - INFO - {'id': 12, 'name': 'esscale'}
2025-11-06 10:40:58,767 - INFO - Asynchronous call: cache_new_user_without_info_wrapper
2025-11-06 10:40:58,770 - INFO - cache_new_user_without_info: CACHE HIT (hit=2, miss=0, hit%=100.0)
2025-11-06 10:40:58,770 - INFO - Asynchronous result cache_new_user_without_info_wrapper:
2025-11-06 10:40:58,770 - INFO - 0
2025-11-06 10:40:58,794 - INFO - Update id=657892796 is not handled. Duration 1 ms by bot id=7868636837
2025-11-06 10:40:58,852 - INFO - Asynchronous result registrate_without_info_adding_user:
2025-11-06 10:40:58,852 - INFO - 0
2025-11-06 10:40:58,852 - INFO - Update id=657892795 is handled. Duration 86 ms by bot id=7868636837
2025-11-06 10:41:45,558 - INFO - Update id=657892797 is not handled. Duration 1 ms by bot id=7868636837
2025-11-06 10:41:53,239 - INFO - Update id=657892798 is not handled. Duration 1 ms by bot id=7868636837
2025-11-06 10:42:02,659 - INFO - Asynchronous call: registrate_without_info_adding_user
2025-11-06 10:42:02,660 - INFO - Asynchronous call: cache_company_id_by_chat_wrapper
2025-11-06 10:42:02,660 - INFO - cache_company_by_chat: CACHE HIT (hit=3, miss=0, hit%=100.0)
2025-11-06 10:42:02,660 - INFO - Asynchronous result cache_company_id_by_chat_wrapper:
2025-11-06 10:42:02,660 - INFO - {'id': 12, 'name': 'esscale'}
2025-11-06 10:42:02,660 - INFO - Asynchronous call: cache_new_user_without_info_wrapper
2025-11-06 10:42:02,663 - INFO - cache_new_user_without_info: CACHE HIT (hit=3, miss=0, hit%=100.0)
2025-11-06 10:42:02,663 - INFO - Asynchronous result cache_new_user_without_info_wrapper:
2025-11-06 10:42:02,663 - INFO - 0
2025-11-06 10:42:02,677 - INFO - Update id=657892800 is not handled. Duration 1 ms by bot id=7868636837
2025-11-06 10:42:02,737 - INFO - Asynchronous result registrate_without_info_adding_user:
2025-11-06 10:42:02,738 - INFO - 0
2025-11-06 10:42:02,738 - INFO - Update id=657892799 is handled. Duration 78 ms by bot id=7868636837
2025-11-06 10:42:12,013 - INFO - Asynchronous call: registrate_without_info_adding_user
2025-11-06 10:42:12,013 - INFO - Asynchronous call: cache_company_id_by_chat_wrapper
2025-11-06 10:42:12,014 - INFO - cache_company_by_chat: CACHE HIT (hit=4, miss=0, hit%=100.0)
2025-11-06 10:42:12,014 - INFO - Asynchronous result cache_company_id_by_chat_wrapper:
2025-11-06 10:42:12,014 - INFO - {'id': 12, 'name': 'esscale'}
2025-11-06 10:42:12,014 - INFO - Asynchronous call: cache_new_user_without_info_wrapper
2025-11-06 10:42:12,017 - INFO - cache_new_user_without_info: CACHE HIT (hit=4, miss=0, hit%=100.0)
2025-11-06 10:42:12,017 - INFO - Asynchronous result cache_new_user_without_info_wrapper:
2025-11-06 10:42:12,017 - INFO - 0
2025-11-06 10:42:12,048 - INFO - Update id=657892802 is not handled. Duration 1 ms by bot id=7868636837
2025-11-06 10:42:12,092 - INFO - Asynchronous result registrate_without_info_adding_user:
2025-11-06 10:42:12,092 - INFO - 0
2025-11-06 10:42:12,092 - INFO - Update id=657892801 is handled. Duration 79 ms by bot id=7868636837
2025-11-06 10:42:27,036 - INFO - Asynchronous call: start
2025-11-06 10:42:27,036 - INFO - Asynchronous call: cache_registration_check_wrapper
2025-11-06 10:42:27,036 - INFO - cache_registration_check: CACHE HIT (hit=1, miss=2, hit%=33.33)
2025-11-06 10:42:27,036 - INFO - Asynchronous result cache_registration_check_wrapper:
2025-11-06 10:42:27,036 - INFO - worker
2025-11-06 10:42:27,106 - INFO - Asynchronous call: save_registration_invitation_message
2025-11-06 10:42:27,108 - INFO - Asynchronous result save_registration_invitation_message:
2025-11-06 10:42:27,108 - INFO - 0
2025-11-06 10:42:27,108 - INFO - Asynchronous result start:
2025-11-06 10:42:27,108 - INFO - 0
2025-11-06 10:42:27,108 - INFO - Update id=657892803 is handled. Duration 73 ms by bot id=7868636837
2025-11-06 10:42:55,725 - INFO - Asynchronous call: start
2025-11-06 10:42:55,725 - INFO - Asynchronous call: cache_registration_check_wrapper
2025-11-06 10:42:55,726 - INFO - cache_registration_check: CACHE HIT (hit=2, miss=2, hit%=50.0)
2025-11-06 10:42:55,726 - INFO - Asynchronous result cache_registration_check_wrapper:
2025-11-06 10:42:55,726 - INFO - worker
2025-11-06 10:42:55,866 - INFO - Asynchronous call: save_registration_invitation_message
2025-11-06 10:42:55,868 - INFO - Asynchronous result save_registration_invitation_message:
2025-11-06 10:42:55,868 - INFO - 0
2025-11-06 10:42:55,869 - INFO - Asynchronous result start:
2025-11-06 10:42:55,869 - INFO - 0
2025-11-06 10:42:55,869 - INFO - Update id=657892804 is handled. Duration 143 ms by bot id=7868636837
2025-11-06 10:43:25,089 - INFO - Update id=657892805 is not handled. Duration 1 ms by bot id=7868636837
2025-11-06 10:43:35,338 - INFO - Update id=657892806 is not handled. Duration 1 ms by bot id=7868636837
2025-11-06 10:43:36,505 - INFO - Update id=657892807 is not handled. Duration 1 ms by bot id=7868636837
2025-11-06 10:43:41,420 - INFO - Update id=657892808 is not handled. Duration 1 ms by bot id=7868636837
2025-11-06 10:43:47,297 - INFO - Update id=657892809 is not handled. Duration 1 ms by bot id=7868636837
2025-11-06 10:43:50,596 - INFO - Asynchronous call: http_handle_worker_answers
2025-11-06 10:43:50,596 - INFO - Asynchronous call: messages_on_QA
2025-11-06 10:43:50,676 - INFO - Asynchronous call: save_registration_confirmation_messages_query
2025-11-06 10:43:50,679 - INFO - Asynchronous result save_registration_confirmation_messages_query:
2025-11-06 10:43:50,679 - INFO - None
2025-11-06 10:43:50,679 - INFO - Asynchronous call: get_registration_invitation_messages
2025-11-06 10:43:50,680 - INFO - Asynchronous result get_registration_invitation_messages:
2025-11-06 10:43:50,680 - INFO - [124]
2025-11-06 10:43:50,738 - INFO - Asynchronous call: delete_registration_invitation_messages
2025-11-06 10:43:50,740 - INFO - Asynchronous result delete_registration_invitation_messages:
2025-11-06 10:43:50,740 - INFO - 0
2025-11-06 10:43:50,809 - INFO - Asynchronous result messages_on_QA:
2025-11-06 10:43:50,809 - INFO - {'ok': True, 'sent_to_bosses': 1}
2025-11-06 10:43:50,810 - INFO - Asynchronous result http_handle_worker_answers:
2025-11-06 10:43:50,810 - INFO - <Response OK not prepared>
2025-11-06 10:43:50,810 - INFO - 109.69.21.24 [06/Nov/2025:10:43:50 +0000] "POST /handle_worker_answers HTTP/1.1" 200 172 "-" "python-httpx/0.28.1"
2025-11-06 10:43:56,845 - INFO - Asynchronous call: handle_registration_approve
2025-11-06 10:43:56,845 - INFO - Asynchronous call: handle_registration_approval
2025-11-06 10:43:56,845 - INFO - Asynchronous call: get_registration_confirmations_query
2025-11-06 10:43:56,846 - INFO - Asynchronous result get_registration_confirmations_query:
2025-11-06 10:43:56,847 - INFO - [{'boss_chat_id': 5960911489, 'message_id': 132}]
2025-11-06 10:43:56,847 - INFO - Asynchronous call: get_user_ids
2025-11-06 10:43:56,856 - INFO - Asynchronous result get_user_ids:
2025-11-06 10:43:56,856 - INFO - [6376686274]
2025-11-06 10:43:56,856 - INFO - Asynchronous call: register_user_in_db
2025-11-06 10:43:56,856 - INFO - Asynchronous call: get_user_answers_query
2025-11-06 10:43:56,858 - INFO - Asynchronous result get_user_answers_query:
2025-11-06 10:43:56,858 - INFO - {"1": ["@moiseyevanton"], "2": "Михаил", "3": "Величко", "4": "Павлович", "5": "Москва", "6": "СТО", "7": "21", "8": "Меньше года"}
2025-11-06 10:43:56,858 - INFO - Asynchronous call: cache_active_user_wrapper
2025-11-06 10:43:56,861 - INFO - Asynchronous result cache_active_user_wrapper:
2025-11-06 10:43:56,861 - INFO - None
2025-11-06 10:43:56,861 - INFO - Asynchronous call: init_bosses_query
2025-11-06 10:43:56,861 - INFO - Asynchronous call: fetch_worker_ids_by_usernames
2025-11-06 10:43:56,861 - INFO - Asynchronous call: fetch_worker_ids_by_usernames
2025-11-06 10:43:56,863 - INFO - Asynchronous result fetch_worker_ids_by_usernames:
2025-11-06 10:43:56,863 - INFO - ([20], [])
2025-11-06 10:43:56,914 - INFO - Asynchronous result fetch_worker_ids_by_usernames:
2025-11-06 10:43:56,914 - INFO - ([15], [])
2025-11-06 10:43:56,970 - INFO - Asynchronous result init_bosses_query:
2025-11-06 10:43:56,970 - INFO - []
2025-11-06 10:43:56,970 - INFO - Asynchronous call: save_answers_by_username_query
2025-11-06 10:43:56,972 - INFO - Asynchronous result save_answers_by_username_query:
2025-11-06 10:43:56,972 - INFO - 1
2025-11-06 10:43:56,972 - INFO - Asynchronous result register_user_in_db:
2025-11-06 10:43:56,972 - INFO - 0
2025-11-06 10:43:57,227 - INFO - Asynchronous call: delete_registration_confirmations_query
2025-11-06 10:43:57,231 - INFO - Asynchronous result delete_registration_confirmations_query:
2025-11-06 10:43:57,231 - INFO - None
2025-11-06 10:43:57,339 - INFO - Asynchronous result handle_registration_approval:
2025-11-06 10:43:57,339 - INFO - 0
2025-11-06 10:43:57,339 - INFO - Asynchronous result handle_registration_approve:
2025-11-06 10:43:57,339 - INFO - 0
2025-11-06 10:43:57,339 - INFO - Update id=657892810 is handled. Duration 495 ms by bot id=7868636837
2025-11-06 10:44:04,490 - INFO - Asynchronous call: handle_meets
2025-11-06 10:44:04,645 - INFO - Asynchronous result handle_meets:
2025-11-06 10:44:04,645 - INFO - 0
2025-11-06 10:44:04,645 - INFO - Update id=657892811 is handled. Duration 158 ms by bot id=7868636837
2025-11-06 10:44:06,888 - INFO - Asynchronous call: handle_back_tap
2025-11-06 10:44:07,015 - INFO - Asynchronous result handle_back_tap:
2025-11-06 10:44:07,015 - INFO - 0
2025-11-06 10:44:07,015 - INFO - Update id=657892812 is handled. Duration 127 ms by bot id=7868636837
2025-11-06 10:44:07,775 - INFO - Update id=657892813 is not handled. Duration 2 ms by bot id=7868636837
2025-11-06 10:44:08,215 - INFO - Asynchronous call: handle_abstract
2025-11-06 10:44:08,342 - INFO - Asynchronous result handle_abstract:
2025-11-06 10:44:08,342 - INFO - 0
2025-11-06 10:44:08,342 - INFO - Update id=657892814 is handled. Duration 129 ms by bot id=7868636837
2025-11-06 10:44:10,482 - INFO - Asynchronous call: handle_back_tap
2025-11-06 10:44:10,599 - INFO - Asynchronous result handle_back_tap:
2025-11-06 10:44:10,599 - INFO - 0
2025-11-06 10:44:10,599 - INFO - Update id=657892815 is handled. Duration 117 ms by bot id=7868636837
2025-11-06 10:44:11,791 - INFO - Asynchronous call: handle_reports
2025-11-06 10:44:11,913 - INFO - Asynchronous result handle_reports:
2025-11-06 10:44:11,913 - INFO - 0
2025-11-06 10:44:11,913 - INFO - Update id=657892816 is handled. Duration 123 ms by bot id=7868636837
2025-11-06 10:44:15,620 - DEBUG - Error handling request from 162.244.82.179
Traceback (most recent call last):
  File "/tmp/onefile_1_1762424938_355133/aiohttp/web_protocol.py", line 408, in data_received
  File "aiohttp/_http_parser.pyx", line 558, in aiohttp._http_parser.HttpParser.feed_data
aiohttp.http_exceptions.BadHttpMethod: 400, message:
  Invalid method encountered:

    b'\x16\x03\x01\x02'
      ^
2025-11-06 10:44:15,621 - INFO - 162.244.82.179 [06/Nov/2025:10:44:15 +0000] "UNKNOWN / HTTP/1.0" 400 219 "-" "-"
2025-11-06 10:44:20,185 - INFO - Asynchronous call: handle_ather_reports
2025-11-06 10:44:20,370 - INFO - Asynchronous result handle_ather_reports:
2025-11-06 10:44:20,370 - INFO - 0
2025-11-06 10:44:20,370 - INFO - Update id=657892817 is handled. Duration 186 ms by bot id=7868636837
2025-11-06 10:44:22,350 - INFO - Asynchronous call: handle_back_tap
2025-11-06 10:44:22,536 - INFO - Asynchronous result handle_back_tap:
2025-11-06 10:44:22,536 - INFO - 0
2025-11-06 10:44:22,536 - INFO - Update id=657892818 is handled. Duration 187 ms by bot id=7868636837
2025-11-06 10:44:25,124 - INFO - Asynchronous call: http_handle_worker_answers
2025-11-06 10:44:25,124 - INFO - Asynchronous call: messages_on_QA
2025-11-06 10:44:25,226 - INFO - Asynchronous call: save_registration_confirmation_messages_query
2025-11-06 10:44:25,232 - INFO - Asynchronous result save_registration_confirmation_messages_query:
2025-11-06 10:44:25,232 - INFO - None
2025-11-06 10:44:25,232 - INFO - Asynchronous call: get_registration_invitation_messages
2025-11-06 10:44:25,233 - INFO - Asynchronous result get_registration_invitation_messages:
2025-11-06 10:44:25,233 - INFO - [126]
2025-11-06 10:44:25,309 - INFO - Asynchronous call: delete_registration_invitation_messages
2025-11-06 10:44:25,311 - INFO - Asynchronous result delete_registration_invitation_messages:
2025-11-06 10:44:25,311 - INFO - 0
2025-11-06 10:44:25,409 - INFO - Asynchronous result messages_on_QA:
2025-11-06 10:44:25,409 - INFO - {'ok': True, 'sent_to_bosses': 1}
2025-11-06 10:44:25,409 - INFO - Asynchronous result http_handle_worker_answers:
2025-11-06 10:44:25,409 - INFO - <Response OK not prepared>
2025-11-06 10:44:25,410 - INFO - 109.69.21.24 [06/Nov/2025:10:44:25 +0000] "POST /handle_worker_answers HTTP/1.1" 200 172 "-" "python-httpx/0.28.1"
2025-11-06 10:44:39,688 - INFO - Update id=657892819 is not handled. Duration 1 ms by bot id=7868636837
2025-11-06 10:44:54,908 - DEBUG - Error handling request from 139.177.206.222
Traceback (most recent call last):
  File "/tmp/onefile_1_1762424938_355133/aiohttp/web_protocol.py", line 408, in data_received
  File "aiohttp/_http_parser.pyx", line 558, in aiohttp._http_parser.HttpParser.feed_data
aiohttp.http_exceptions.BadHttpMethod: 400, message:
  Invalid method encountered:

    b'\x16\x03\x01'
      ^
2025-11-06 10:44:54,908 - INFO - 139.177.206.222 [06/Nov/2025:10:44:54 +0000] "UNKNOWN / HTTP/1.0" 400 215 "-" "-"
2025-11-06 10:44:55,408 - DEBUG - Error handling request from 67.207.94.216
Traceback (most recent call last):
  File "/tmp/onefile_1_1762424938_355133/aiohttp/web_protocol.py", line 408, in data_received
  File "aiohttp/_http_parser.pyx", line 558, in aiohttp._http_parser.HttpParser.feed_data
aiohttp.http_exceptions.BadHttpMethod: 400, message:
  Invalid method encountered:

    b'\x16\x03\x01'
      ^
2025-11-06 10:44:55,408 - INFO - 67.207.94.216 [06/Nov/2025:10:44:55 +0000] "UNKNOWN / HTTP/1.0" 400 215 "-" "-"
2025-11-06 10:45:51,523 - INFO - Asynchronous call: handle_registration_approve
2025-11-06 10:45:51,524 - INFO - Asynchronous call: handle_registration_approval
2025-11-06 10:45:51,524 - INFO - Asynchronous call: get_registration_confirmations_query
2025-11-06 10:45:51,528 - INFO - Asynchronous result get_registration_confirmations_query:
2025-11-06 10:45:51,529 - INFO - [{'boss_chat_id': 5960911489, 'message_id': 136}]
2025-11-06 10:45:51,529 - INFO - Asynchronous call: get_user_ids
2025-11-06 10:45:51,534 - INFO - Asynchronous result get_user_ids:
2025-11-06 10:45:51,534 - INFO - [5100984667]
2025-11-06 10:45:51,534 - INFO - Asynchronous call: register_user_in_db
2025-11-06 10:45:51,534 - INFO - Asynchronous call: get_user_answers_query
2025-11-06 10:45:51,535 - INFO - Asynchronous result get_user_answers_query:
2025-11-06 10:45:51,535 - INFO - {"1": ["@moiseyevanton"], "2": "Даниил", "3": "Рынкевич", "4": "Гелавич", "5": "Москва", "6": "Программист", "7": "21", "8": "2 месяца"}
2025-11-06 10:45:51,535 - INFO - Asynchronous call: cache_active_user_wrapper
2025-11-06 10:45:51,538 - INFO - Asynchronous result cache_active_user_wrapper:
2025-11-06 10:45:51,538 - INFO - None
2025-11-06 10:45:51,538 - INFO - Asynchronous call: init_bosses_query
2025-11-06 10:45:51,538 - INFO - Asynchronous call: fetch_worker_ids_by_usernames
2025-11-06 10:45:51,538 - INFO - Asynchronous call: fetch_worker_ids_by_usernames
2025-11-06 10:45:51,538 - INFO - Asynchronous result fetch_worker_ids_by_usernames:
2025-11-06 10:45:51,538 - INFO - ([19], [])
2025-11-06 10:45:51,539 - INFO - Asynchronous result fetch_worker_ids_by_usernames:
2025-11-06 10:45:51,539 - INFO - ([15], [])
2025-11-06 10:45:51,582 - INFO - Asynchronous result init_bosses_query:
2025-11-06 10:45:51,582 - INFO - []
2025-11-06 10:45:51,582 - INFO - Asynchronous call: save_answers_by_username_query
2025-11-06 10:45:51,584 - INFO - Asynchronous result save_answers_by_username_query:
2025-11-06 10:45:51,584 - INFO - 1
2025-11-06 10:45:51,584 - INFO - Asynchronous result register_user_in_db:
2025-11-06 10:45:51,584 - INFO - 0
2025-11-06 10:45:51,891 - INFO - Asynchronous call: delete_registration_confirmations_query
2025-11-06 10:45:51,893 - INFO - Asynchronous result delete_registration_confirmations_query:
2025-11-06 10:45:51,893 - INFO - None
2025-11-06 10:45:51,983 - INFO - Asynchronous result handle_registration_approval:
2025-11-06 10:45:51,983 - INFO - 0
2025-11-06 10:45:51,983 - INFO - Asynchronous result handle_registration_approve:
2025-11-06 10:45:51,983 - INFO - 0
2025-11-06 10:45:51,983 - INFO - Update id=657892820 is handled. Duration 460 ms by bot id=7868636837
2025-11-06 10:46:13,709 - INFO - Asynchronous call: handle_my_reports
2025-11-06 10:46:13,709 - INFO - Asynchronous call: wrapper
2025-11-06 10:46:13,712 - INFO - cache_company_periods_get: CACHE MISS (hit=0, miss=1, hit%=0.0)
2025-11-06 10:46:13,712 - INFO - Asynchronous result wrapper:
2025-11-06 10:46:13,712 - INFO - None
2025-11-06 10:46:13,855 - INFO - Asynchronous result handle_my_reports:
2025-11-06 10:46:13,855 - INFO - None
2025-11-06 10:46:13,855 - INFO - Update id=657892821 is handled. Duration 147 ms by bot id=7868636837
2025-11-06 10:46:27,798 - INFO - Asynchronous call: handle_reports
2025-11-06 10:46:28,083 - INFO - Asynchronous result handle_reports:
2025-11-06 10:46:28,084 - INFO - 0
2025-11-06 10:46:28,084 - INFO - Update id=657892822 is handled. Duration 286 ms by bot id=7868636837
2025-11-06 10:46:31,128 - INFO - Update id=657892823 is not handled. Duration 1 ms by bot id=7868636837
2025-11-06 10:46:33,308 - INFO - Asynchronous call: handle_subordinates_reports
2025-11-06 10:46:33,579 - INFO - Asynchronous result handle_subordinates_reports:
2025-11-06 10:46:33,579 - INFO - 0
2025-11-06 10:46:33,579 - INFO - Update id=657892824 is handled. Duration 271 ms by bot id=7868636837
2025-11-06 10:46:36,601 - INFO - Asynchronous call: handle_all_reports
2025-11-06 10:46:36,601 - INFO - Asynchronous call: wrapper
2025-11-06 10:46:36,603 - INFO - cache_company_periods_get: CACHE MISS (hit=0, miss=2, hit%=0.0)
2025-11-06 10:46:36,603 - INFO - Asynchronous result wrapper:
2025-11-06 10:46:36,603 - INFO - None
2025-11-06 10:46:36,743 - INFO - Asynchronous result handle_all_reports:
2025-11-06 10:46:36,743 - INFO - 0
2025-11-06 10:46:36,743 - INFO - Update id=657892825 is handled. Duration 143 ms by bot id=7868636837
2025-11-06 10:46:44,547 - INFO - Update id=657892826 is not handled. Duration 1 ms by bot id=7868636837
2025-11-06 10:47:00,973 - INFO - Update id=657892827 is not handled. Duration 1 ms by bot id=7868636837
2025-11-06 10:47:19,219 - INFO - Update id=657892828 is not handled. Duration 1 ms by bot id=7868636837
2025-11-06 10:47:47,457 - INFO - Asynchronous call: registrate_without_info_adding_user
2025-11-06 10:47:47,457 - INFO - Asynchronous call: cache_company_id_by_chat_wrapper
2025-11-06 10:47:47,458 - INFO - cache_company_by_chat: CACHE HIT (hit=5, miss=0, hit%=100.0)
2025-11-06 10:47:47,458 - INFO - Asynchronous result cache_company_id_by_chat_wrapper:
2025-11-06 10:47:47,458 - INFO - {'id': 12, 'name': 'esscale'}
2025-11-06 10:47:47,458 - INFO - Asynchronous call: cache_new_user_without_info_wrapper
2025-11-06 10:47:47,462 - INFO - cache_new_user_without_info: CACHE HIT (hit=5, miss=0, hit%=100.0)
2025-11-06 10:47:47,462 - INFO - Asynchronous result cache_new_user_without_info_wrapper:
2025-11-06 10:47:47,462 - INFO - 0
2025-11-06 10:47:47,512 - INFO - Update id=657892830 is not handled. Duration 1 ms by bot id=7868636837
2025-11-06 10:47:47,538 - INFO - Asynchronous result registrate_without_info_adding_user:
2025-11-06 10:47:47,538 - INFO - 0
2025-11-06 10:47:47,538 - INFO - Update id=657892829 is handled. Duration 81 ms by bot id=7868636837
2025-11-06 10:48:04,114 - INFO - Update id=657892831 is not handled. Duration 1 ms by bot id=7868636837
2025-11-06 10:52:25,556 - INFO - Asynchronous call: handle_settings
2025-11-06 10:52:25,684 - INFO - Asynchronous result handle_settings:
2025-11-06 10:52:25,684 - INFO - 0
2025-11-06 10:52:25,684 - INFO - Update id=657892832 is handled. Duration 130 ms by bot id=7868636837
2025-11-06 10:52:27,048 - INFO - Asynchronous call: handle_configuring_reports
2025-11-06 10:52:27,168 - INFO - Asynchronous result handle_configuring_reports:
2025-11-06 10:52:27,168 - INFO - 0
2025-11-06 10:52:27,168 - INFO - Update id=657892833 is handled. Duration 122 ms by bot id=7868636837
2025-11-06 10:52:29,588 - INFO - Asynchronous call: handle_period
2025-11-06 10:52:29,900 - INFO - Asynchronous result handle_period:
2025-11-06 10:52:29,900 - INFO - 0
2025-11-06 10:52:29,900 - INFO - Update id=657892834 is handled. Duration 315 ms by bot id=7868636837
2025-11-06 10:52:31,907 - INFO - Asynchronous call: handle_make_period
2025-11-06 10:52:32,142 - INFO - Asynchronous result handle_make_period:
2025-11-06 10:52:32,142 - INFO - 0
2025-11-06 10:52:32,142 - INFO - Update id=657892835 is handled. Duration 238 ms by bot id=7868636837
2025-11-06 10:52:33,919 - INFO - Asynchronous call: handle_new_period_selection
2025-11-06 10:52:34,107 - INFO - Asynchronous call: wrapper
2025-11-06 10:52:34,113 - INFO - Asynchronous result wrapper:
2025-11-06 10:52:34,113 - INFO - 12
2025-11-06 10:52:34,317 - INFO - Asynchronous result handle_new_period_selection:
2025-11-06 10:52:34,317 - INFO - 0
2025-11-06 10:52:34,317 - INFO - Update id=657892836 is handled. Duration 403 ms by bot id=7868636837
2025-11-06 10:52:40,431 - INFO - Asynchronous call: handle_configuring_reports
2025-11-06 10:52:40,618 - INFO - Asynchronous result handle_configuring_reports:
2025-11-06 10:52:40,618 - INFO - 0
2025-11-06 10:52:40,618 - INFO - Update id=657892837 is handled. Duration 190 ms by bot id=7868636837
2025-11-06 10:52:43,706 - INFO - Asynchronous call: handle_athers_configuring
2025-11-06 10:52:43,879 - INFO - Asynchronous result handle_athers_configuring:
2025-11-06 10:52:43,880 - INFO - 0
2025-11-06 10:52:43,880 - INFO - Update id=657892838 is handled. Duration 176 ms by bot id=7868636837
2025-11-06 10:52:45,950 - INFO - Asynchronous call: handle_athers_configuring
2025-11-06 10:52:46,074 - INFO - Asynchronous call: wrapper
2025-11-06 10:52:46,075 - INFO - cache_company_periods_get: CACHE HIT (hit=1, miss=2, hit%=33.33)
2025-11-06 10:52:46,075 - INFO - Asynchronous result wrapper:
2025-11-06 10:52:46,075 - INFO - {'company_id': 12, 'periods': ['weekly']}
2025-11-06 10:52:46,360 - INFO - Asynchronous result handle_athers_configuring:
2025-11-06 10:52:46,360 - INFO - 0
2025-11-06 10:52:46,360 - INFO - Update id=657892839 is handled. Duration 412 ms by bot id=7868636837
2025-11-06 10:52:50,558 - INFO - Asynchronous call: handle_period_selection
2025-11-06 10:52:50,739 - INFO - Asynchronous result handle_period_selection:
2025-11-06 10:52:50,739 - INFO - 0
2025-11-06 10:52:50,739 - INFO - Update id=657892840 is handled. Duration 181 ms by bot id=7868636837
2025-11-06 10:53:04,507 - INFO - Asynchronous call: handle_day_of_week_selection
2025-11-06 10:53:04,636 - INFO - Asynchronous result handle_day_of_week_selection:
2025-11-06 10:53:04,637 - INFO - 0
2025-11-06 10:53:04,637 - INFO - Update id=657892841 is handled. Duration 132 ms by bot id=7868636837
2025-11-06 10:53:06,847 - INFO - Asynchronous call: handle_back_tap
2025-11-06 10:53:06,968 - INFO - Asynchronous result handle_back_tap:
2025-11-06 10:53:06,968 - INFO - 0
2025-11-06 10:53:06,968 - INFO - Update id=657892842 is handled. Duration 121 ms by bot id=7868636837
2025-11-06 10:53:08,336 - INFO - Asynchronous call: handle_day_of_week_selection
2025-11-06 10:53:08,482 - INFO - Asynchronous result handle_day_of_week_selection:
2025-11-06 10:53:08,482 - INFO - 0
2025-11-06 10:53:08,482 - INFO - Update id=657892843 is handled. Duration 150 ms by bot id=7868636837
2025-11-06 10:53:16,473 - INFO - Asynchronous call: handle_day_of_week_selection
2025-11-06 10:53:16,540 - INFO - Asynchronous result handle_day_of_week_selection:
2025-11-06 10:53:16,540 - INFO - 0
2025-11-06 10:53:16,540 - INFO - Update id=657892844 is handled. Duration 70 ms by bot id=7868636837
2025-11-06 10:53:21,125 - INFO - Asynchronous call: handle_day_of_week_selection
2025-11-06 10:53:21,516 - INFO - Asynchronous call: add_deadline_query
2025-11-06 10:53:21,520 - INFO - Asynchronous result add_deadline_query:
2025-11-06 10:53:21,520 - INFO - True
2025-11-06 10:53:21,776 - INFO - Asynchronous result handle_day_of_week_selection:
2025-11-06 10:53:21,777 - INFO - 0
2025-11-06 10:53:21,777 - INFO - Update id=657892845 is handled. Duration 655 ms by bot id=7868636837
2025-11-06 10:53:30,070 - INFO - Asynchronous call: handle_configuring_reports
2025-11-06 10:53:30,217 - INFO - Asynchronous result handle_configuring_reports:
2025-11-06 10:53:30,218 - INFO - 0
2025-11-06 10:53:30,218 - INFO - Update id=657892846 is handled. Duration 149 ms by bot id=7868636837
2025-11-06 10:53:32,099 - INFO - Asynchronous call: handle_set_reminder
2025-11-06 10:53:32,359 - INFO - Asynchronous result handle_set_reminder:
2025-11-06 10:53:32,359 - INFO - 0
2025-11-06 10:53:32,360 - INFO - Update id=657892847 is handled. Duration 263 ms by bot id=7868636837
2025-11-06 10:53:34,816 - INFO - Asynchronous call: handle_make_reminder
2025-11-06 10:53:34,816 - INFO - Asynchronous call: wrapper
2025-11-06 10:53:34,817 - INFO - cache_company_periods_get: CACHE HIT (hit=2, miss=2, hit%=50.0)
2025-11-06 10:53:34,817 - INFO - Asynchronous result wrapper:
2025-11-06 10:53:34,817 - INFO - {'company_id': 12, 'periods': ['weekly']}
2025-11-06 10:53:34,945 - INFO - Asynchronous result handle_make_reminder:
2025-11-06 10:53:34,945 - INFO - 0
2025-11-06 10:53:34,945 - INFO - Update id=657892848 is handled. Duration 132 ms by bot id=7868636837
2025-11-06 10:53:37,053 - INFO - Asynchronous call: handle_period_selection
2025-11-06 10:53:37,260 - INFO - Asynchronous result handle_period_selection:
2025-11-06 10:53:37,260 - INFO - 0
2025-11-06 10:53:37,260 - INFO - Update id=657892849 is handled. Duration 207 ms by bot id=7868636837
2025-11-06 10:53:40,418 - INFO - Asynchronous call: handle_day_of_week_selection
2025-11-06 10:53:40,806 - INFO - Asynchronous result handle_day_of_week_selection:
2025-11-06 10:53:40,806 - INFO - 0
2025-11-06 10:53:40,806 - INFO - Update id=657892850 is handled. Duration 390 ms by bot id=7868636837
2025-11-06 10:53:42,791 - INFO - Asynchronous call: handle_day_of_week_selection
2025-11-06 10:53:42,854 - INFO - Asynchronous result handle_day_of_week_selection:
2025-11-06 10:53:42,854 - INFO - 0
2025-11-06 10:53:42,855 - INFO - Update id=657892851 is handled. Duration 66 ms by bot id=7868636837
2025-11-06 10:53:44,798 - INFO - Asynchronous call: handle_day_of_week_selection
2025-11-06 10:53:44,985 - INFO - Asynchronous result handle_day_of_week_selection:
2025-11-06 10:53:44,985 - INFO - 0
2025-11-06 10:53:44,985 - INFO - Update id=657892852 is handled. Duration 190 ms by bot id=7868636837
2025-11-06 10:54:05,288 - INFO - Asynchronous call: handle_text
2025-11-06 10:54:05,288 - INFO - Asynchronous call: wrapper
2025-11-06 10:54:05,289 - INFO - cache_company_periods_get: CACHE HIT (hit=3, miss=2, hit%=60.0)
2025-11-06 10:54:05,289 - INFO - Asynchronous result wrapper:
2025-11-06 10:54:05,289 - INFO - {'company_id': 12, 'periods': ['weekly']}
2025-11-06 10:54:05,289 - INFO - Synchronous call: add_reminder
2025-11-06 10:54:05,290 - INFO - Added job "Reminder for 12 (weekly)" to job store "default"
2025-11-06 10:54:05,290 - INFO - Добавлено weekly напоминание для компании 12
2025-11-06 10:54:05,290 - INFO - Synchronous result add_reminder:
2025-11-06 10:54:05,290 - INFO - True
2025-11-06 10:54:05,290 - DEBUG - Looking for jobs to run
2025-11-06 10:54:05,291 - DEBUG - Next wakeup is due at 2025-11-06 11:10:00+00:00 (in 954.708999 seconds)
2025-11-06 10:54:05,431 - INFO - Asynchronous result handle_text:
2025-11-06 10:54:05,431 - INFO - 0
2025-11-06 10:54:05,431 - INFO - Update id=657892853 is handled. Duration 144 ms by bot id=7868636837
2025-11-06 10:54:17,076 - INFO - Asynchronous call: handle_configuring_reports
2025-11-06 10:54:17,208 - INFO - Asynchronous result handle_configuring_reports:
2025-11-06 10:54:17,208 - INFO - 0
2025-11-06 10:54:17,208 - INFO - Update id=657892854 is handled. Duration 135 ms by bot id=7868636837
2025-11-06 10:54:24,306 - INFO - Asynchronous call: handle_set_reminder
2025-11-06 10:54:24,473 - INFO - Asynchronous result handle_set_reminder:
2025-11-06 10:54:24,473 - INFO - 0
2025-11-06 10:54:24,474 - INFO - Update id=657892855 is handled. Duration 170 ms by bot id=7868636837
2025-11-06 10:54:27,446 - INFO - Asynchronous call: handle_change_reminder
2025-11-06 10:54:27,446 - INFO - Asynchronous call: wrapper
2025-11-06 10:54:27,447 - INFO - cache_company_periods_get: CACHE HIT (hit=4, miss=2, hit%=66.67)
2025-11-06 10:54:27,447 - INFO - Asynchronous result wrapper:
2025-11-06 10:54:27,447 - INFO - {'company_id': 12, 'periods': ['weekly']}
2025-11-06 10:54:27,788 - INFO - Asynchronous result handle_change_reminder:
2025-11-06 10:54:27,788 - INFO - 0
2025-11-06 10:54:27,788 - INFO - Update id=657892856 is handled. Duration 345 ms by bot id=7868636837
2025-11-06 10:54:29,360 - INFO - Asynchronous call: handle_period_selection
2025-11-06 10:54:29,490 - INFO - Asynchronous result handle_period_selection:
2025-11-06 10:54:29,490 - INFO - 0
2025-11-06 10:54:29,490 - INFO - Update id=657892857 is handled. Duration 130 ms by bot id=7868636837
2025-11-06 10:54:30,832 - INFO - Asynchronous call: handle_day_of_week_selection
2025-11-06 10:54:31,010 - INFO - Asynchronous result handle_day_of_week_selection:
2025-11-06 10:54:31,010 - INFO - 0
2025-11-06 10:54:31,011 - INFO - Update id=657892858 is handled. Duration 183 ms by bot id=7868636837
2025-11-06 10:54:39,967 - INFO - Asynchronous call: handle_day_of_week_selection
2025-11-06 10:54:40,143 - INFO - Asynchronous result handle_day_of_week_selection:
2025-11-06 10:54:40,143 - INFO - 0
2025-11-06 10:54:40,143 - INFO - Update id=657892859 is handled. Duration 179 ms by bot id=7868636837
2025-11-06 10:54:41,488 - INFO - Asynchronous call: handle_day_of_week_selection
2025-11-06 10:54:41,677 - INFO - Asynchronous result handle_day_of_week_selection:
2025-11-06 10:54:41,677 - INFO - 0
2025-11-06 10:54:41,677 - INFO - Update id=657892860 is handled. Duration 192 ms by bot id=7868636837
2025-11-06 10:55:04,945 - INFO - Asynchronous call: handle_text
2025-11-06 10:55:04,945 - INFO - Asynchronous call: wrapper
2025-11-06 10:55:04,946 - INFO - cache_company_periods_get: CACHE HIT (hit=5, miss=2, hit%=71.43)
2025-11-06 10:55:04,946 - INFO - Asynchronous result wrapper:
2025-11-06 10:55:04,946 - INFO - {'company_id': 12, 'periods': ['weekly']}
2025-11-06 10:55:04,946 - INFO - Synchronous call: remove_reminder
2025-11-06 10:55:04,946 - INFO - Removed job 12_weekly
2025-11-06 10:55:04,946 - INFO - Удалено weekly напоминание для компании 12
2025-11-06 10:55:04,946 - INFO - Synchronous result remove_reminder:
2025-11-06 10:55:04,946 - INFO - True
2025-11-06 10:55:04,946 - INFO - Synchronous call: add_reminder
2025-11-06 10:55:04,947 - INFO - Added job "Reminder for 12 (weekly)" to job store "default"
2025-11-06 10:55:04,947 - INFO - Добавлено weekly напоминание для компании 12
2025-11-06 10:55:04,947 - INFO - Synchronous result add_reminder:
2025-11-06 10:55:04,947 - INFO - True
2025-11-06 10:55:04,947 - DEBUG - Looking for jobs to run
2025-11-06 10:55:04,947 - DEBUG - Next wakeup is due at 2025-11-06 11:10:00+00:00 (in 895.052352 seconds)
2025-11-06 10:55:05,187 - INFO - Asynchronous result handle_text:
2025-11-06 10:55:05,187 - INFO - 0
2025-11-06 10:55:05,187 - INFO - Update id=657892861 is handled. Duration 242 ms by bot id=7868636837
2025-11-06 10:55:08,629 - INFO - Asynchronous call: handle_configuring_reports
2025-11-06 10:55:08,846 - INFO - Asynchronous result handle_configuring_reports:
2025-11-06 10:55:08,846 - INFO - 0
2025-11-06 10:55:08,846 - INFO - Update id=657892862 is handled. Duration 221 ms by bot id=7868636837
2025-11-06 10:55:19,269 - INFO - Asynchronous call: handle_set_reminder
2025-11-06 10:55:19,644 - INFO - Asynchronous result handle_set_reminder:
2025-11-06 10:55:19,644 - INFO - 0
2025-11-06 10:55:19,644 - INFO - Update id=657892863 is handled. Duration 378 ms by bot id=7868636837
2025-11-06 10:55:21,015 - INFO - Asynchronous call: handle_change_reminder
2025-11-06 10:55:21,015 - INFO - Asynchronous call: wrapper
2025-11-06 10:55:21,016 - INFO - cache_company_periods_get: CACHE HIT (hit=6, miss=2, hit%=75.0)
2025-11-06 10:55:21,016 - INFO - Asynchronous result wrapper:
2025-11-06 10:55:21,016 - INFO - {'company_id': 12, 'periods': ['weekly']}
2025-11-06 10:55:21,396 - INFO - Asynchronous result handle_change_reminder:
2025-11-06 10:55:21,396 - INFO - 0
2025-11-06 10:55:21,396 - INFO - Update id=657892864 is handled. Duration 384 ms by bot id=7868636837
2025-11-06 10:55:22,494 - INFO - Asynchronous call: handle_period_selection
2025-11-06 10:55:22,620 - INFO - Asynchronous result handle_period_selection:
2025-11-06 10:55:22,620 - INFO - 0
2025-11-06 10:55:22,620 - INFO - Update id=657892865 is handled. Duration 126 ms by bot id=7868636837
2025-11-06 10:55:24,011 - INFO - Asynchronous call: handle_day_of_week_selection
2025-11-06 10:55:24,135 - INFO - Asynchronous result handle_day_of_week_selection:
2025-11-06 10:55:24,135 - INFO - 0
2025-11-06 10:55:24,135 - INFO - Update id=657892866 is handled. Duration 126 ms by bot id=7868636837
2025-11-06 10:55:26,622 - INFO - Asynchronous call: handle_day_of_week_selection
2025-11-06 10:55:26,688 - INFO - Asynchronous result handle_day_of_week_selection:
2025-11-06 10:55:26,688 - INFO - 0
2025-11-06 10:55:26,688 - INFO - Update id=657892867 is handled. Duration 69 ms by bot id=7868636837
2025-11-06 10:55:29,433 - INFO - Asynchronous call: handle_day_of_week_selection
2025-11-06 10:55:29,649 - INFO - Asynchronous result handle_day_of_week_selection:
2025-11-06 10:55:29,649 - INFO - 0
2025-11-06 10:55:29,649 - INFO - Update id=657892868 is handled. Duration 220 ms by bot id=7868636837
2025-11-06 10:55:46,093 - INFO - Asynchronous call: handle_text
2025-11-06 10:55:46,093 - INFO - Asynchronous call: wrapper
2025-11-06 10:55:46,094 - INFO - cache_company_periods_get: CACHE HIT (hit=7, miss=2, hit%=77.78)
2025-11-06 10:55:46,094 - INFO - Asynchronous result wrapper:
2025-11-06 10:55:46,094 - INFO - {'company_id': 12, 'periods': ['weekly']}
2025-11-06 10:55:46,094 - INFO - Synchronous call: remove_reminder
2025-11-06 10:55:46,094 - INFO - Removed job 12_weekly
2025-11-06 10:55:46,094 - INFO - Удалено weekly напоминание для компании 12
2025-11-06 10:55:46,094 - INFO - Synchronous result remove_reminder:
2025-11-06 10:55:46,094 - INFO - True
2025-11-06 10:55:46,094 - INFO - Synchronous call: add_reminder
2025-11-06 10:55:46,095 - INFO - Added job "Reminder for 12 (weekly)" to job store "default"
2025-11-06 10:55:46,095 - INFO - Добавлено weekly напоминание для компании 12
2025-11-06 10:55:46,095 - INFO - Synchronous result add_reminder:
2025-11-06 10:55:46,095 - INFO - True
2025-11-06 10:55:46,095 - DEBUG - Looking for jobs to run
2025-11-06 10:55:46,095 - DEBUG - Next wakeup is due at 2025-11-06 11:00:00+00:00 (in 253.904370 seconds)
2025-11-06 10:55:46,368 - INFO - Asynchronous result handle_text:
2025-11-06 10:55:46,368 - INFO - 0
2025-11-06 10:55:46,368 - INFO - Update id=657892869 is handled. Duration 276 ms by bot id=7868636837
2025-11-06 10:55:52,713 - INFO - Asynchronous call: handle_configuring_reports
2025-11-06 10:55:52,957 - INFO - Asynchronous result handle_configuring_reports:
2025-11-06 10:55:52,957 - INFO - 0
2025-11-06 10:55:52,958 - INFO - Update id=657892870 is handled. Duration 249 ms by bot id=7868636837
2025-11-06 10:56:10,173 - INFO - 20.14.74.80 [06/Nov/2025:10:56:10 +0000] "GET / HTTP/1.1" 404 175 "-" "Mozilla/5.0 zgrab/0.x"
2025-11-06 10:56:15,513 - DEBUG - Error handling request from 20.14.74.80
Traceback (most recent call last):
  File "/tmp/onefile_1_1762424938_355133/aiohttp/web_protocol.py", line 408, in data_received
  File "aiohttp/_http_parser.pyx", line 558, in aiohttp._http_parser.HttpParser.feed_data
aiohttp.http_exceptions.BadHttpMethod: 400, message:
  Invalid method encountered:

    b'MGLNDD_217.26.24.217_443\n'
       ^
2025-11-06 10:56:15,514 - INFO - 20.14.74.80 [06/Nov/2025:10:56:15 +0000] "UNKNOWN / HTTP/1.0" 400 230 "-" "-"
2025-11-06 10:58:06,642 - INFO - Asynchronous call: handle_back_tap
2025-11-06 10:58:06,772 - INFO - Asynchronous result handle_back_tap:
2025-11-06 10:58:06,772 - INFO - 0
2025-11-06 10:58:06,772 - INFO - Update id=657892871 is handled. Duration 131 ms by bot id=7868636837
2025-11-06 10:58:23,937 - INFO - Update id=657892872 is not handled. Duration 2 ms by bot id=7868636837
2025-11-06 10:58:30,587 - INFO - Update id=657892873 is not handled. Duration 0 ms by bot id=7868636837
2025-11-06 10:58:50,174 - INFO - Update id=657892874 is not handled. Duration 2 ms by bot id=7868636837
2025-11-06 10:59:15,839 - INFO - Asynchronous call: handle_athers_configuring
2025-11-06 10:59:15,963 - INFO - Asynchronous result handle_athers_configuring:
2025-11-06 10:59:15,964 - INFO - 0
2025-11-06 10:59:15,964 - INFO - Update id=657892875 is handled. Duration 127 ms by bot id=7868636837
2025-11-06 10:59:18,483 - INFO - Asynchronous call: handle_edit_questionnaire
2025-11-06 10:59:18,483 - INFO - Asynchronous call: get_all_subordinates_with_details_query
2025-11-06 10:59:18,660 - INFO - Asynchronous result get_all_subordinates_with_details_query:
2025-11-06 10:59:18,660 - INFO - [{'username_tg': '@imishgen', 'full_name': 'Величко Михаил Павлович'}, {'username_tg': '@rin_rin16', 'full_name': 'Рынкевич Даниил Гелавич'}]
2025-11-06 10:59:18,932 - INFO - Asynchronous result handle_edit_questionnaire:
2025-11-06 10:59:18,932 - INFO - 0
2025-11-06 10:59:18,932 - INFO - Update id=657892876 is handled. Duration 449 ms by bot id=7868636837
2025-11-06 11:00:00,002 - DEBUG - Looking for jobs to run
2025-11-06 11:00:00,003 - DEBUG - Next wakeup is due at 2025-11-13 11:00:00+00:00 (in 604799.996735 seconds)
2025-11-06 11:00:00,003 - INFO - Running job "Reminder for 12 (weekly) (trigger: cron[day_of_week='thu', hour='14', minute='0'], next run at: 2025-11-13 14:00:00 MSK)" (scheduled at 2025-11-06 14:00:00+03:00)
2025-11-06 11:00:00,003 - INFO - Asynchronous call: reminder_callback
2025-11-06 11:00:00,003 - INFO - Напоминание о сдаче недельного отчета! | Время: 2025-11-06 11:00:00.003535
2025-11-06 11:00:00,003 - INFO - Asynchronous call: send_messages_all_subordinates
2025-11-06 11:00:00,003 - INFO - Asynchronous call: get_employees_except_director_query
2025-11-06 11:00:00,006 - INFO - Asynchronous result get_employees_except_director_query:
2025-11-06 11:00:00,006 - INFO - [5100984667, 6376686274]
2025-11-06 11:00:00,006 - INFO - Asynchronous call: get_director_user_id_tg_query
2025-11-06 11:00:00,007 - INFO - Asynchronous result get_director_user_id_tg_query:
2025-11-06 11:00:00,007 - INFO - 5960911489
2025-11-06 11:00:00,008 - INFO - Asynchronous call: send_message_directly_by_username
2025-11-06 11:00:00,008 - INFO - Asynchronous call: send_message_directly_by_username
2025-11-06 11:00:00,008 - INFO - Asynchronous call: send_message_directly_by_username
2025-11-06 11:00:00,008 - INFO - Asynchronous call: send_message_directly_by_username
2025-11-06 11:00:00,009 - INFO - Asynchronous call: send_message_directly_by_username
2025-11-06 11:00:00,009 - INFO - Asynchronous call: send_message_directly_by_username
2025-11-06 11:00:00,099 - INFO - Asynchronous result send_message_directly_by_username:
2025-11-06 11:00:00,100 - INFO - None
2025-11-06 11:00:00,100 - INFO - Asynchronous result send_message_directly_by_username:
2025-11-06 11:00:00,100 - INFO - None
2025-11-06 11:00:00,144 - INFO - Asynchronous result send_message_directly_by_username:
2025-11-06 11:00:00,144 - INFO - None
2025-11-06 11:00:00,144 - INFO - Asynchronous result send_message_directly_by_username:
2025-11-06 11:00:00,144 - INFO - None
2025-11-06 11:00:00,144 - INFO - Asynchronous result send_message_directly_by_username:
2025-11-06 11:00:00,144 - INFO - None
2025-11-06 11:00:00,144 - INFO - Asynchronous result send_message_directly_by_username:
2025-11-06 11:00:00,144 - INFO - None
2025-11-06 11:00:00,144 - INFO - Asynchronous result send_messages_all_subordinates:
2025-11-06 11:00:00,144 - INFO - None
2025-11-06 11:00:00,144 - INFO - Asynchronous result reminder_callback:
2025-11-06 11:00:00,144 - INFO - None
2025-11-06 11:00:00,144 - INFO - Job "Reminder for 12 (weekly) (trigger: cron[day_of_week='thu', hour='14', minute='0'], next run at: 2025-11-13 14:00:00 MSK)" executed successfully
2025-11-06 11:00:13,706 - INFO - Asynchronous call: handle_reports
2025-11-06 11:00:13,992 - INFO - Asynchronous result handle_reports:
2025-11-06 11:00:13,992 - INFO - 0
2025-11-06 11:00:13,992 - INFO - Update id=657892877 is handled. Duration 287 ms by bot id=7868636837
2025-11-06 11:00:16,529 - INFO - Asynchronous call: handle_add_reports
2025-11-06 11:00:16,529 - INFO - Asynchronous call: wrapper
2025-11-06 11:00:16,532 - INFO - cache_company_periods_get: CACHE MISS (hit=7, miss=3, hit%=70.0)
2025-11-06 11:00:16,532 - INFO - Asynchronous result wrapper:
2025-11-06 11:00:16,532 - INFO - {'company_id': 12, 'periods': ['weekly']}
2025-11-06 11:00:16,700 - INFO - Asynchronous result handle_add_reports:
2025-11-06 11:00:16,700 - INFO - 0
2025-11-06 11:00:16,700 - INFO - Update id=657892878 is handled. Duration 172 ms by bot id=7868636837
2025-11-06 11:00:17,987 - INFO - Asynchronous call: handle_period_selection
2025-11-06 11:00:18,328 - INFO - Asynchronous result handle_period_selection:
2025-11-06 11:00:18,328 - INFO - 0
2025-11-06 11:00:18,328 - INFO - Update id=657892879 is handled. Duration 341 ms by bot id=7868636837
2025-11-06 11:00:28,268 - INFO - Asynchronous call: handle_back_tap
2025-11-06 11:00:28,402 - INFO - Asynchronous result handle_back_tap:
2025-11-06 11:00:28,402 - INFO - 0
2025-11-06 11:00:28,402 - INFO - Update id=657892880 is handled. Duration 134 ms by bot id=7868636837
2025-11-06 11:00:33,056 - INFO - Asynchronous call: handle_abstract
2025-11-06 11:00:33,206 - INFO - Asynchronous result handle_abstract:
2025-11-06 11:00:33,206 - INFO - 0
2025-11-06 11:00:33,206 - INFO - Update id=657892881 is handled. Duration 152 ms by bot id=7868636837
2025-11-06 11:00:35,374 - INFO - Asynchronous call: handle_back_tap
2025-11-06 11:00:35,560 - INFO - Asynchronous result handle_back_tap:
2025-11-06 11:00:35,560 - INFO - 0
2025-11-06 11:00:35,560 - INFO - Update id=657892882 is handled. Duration 186 ms by bot id=7868636837
2025-11-06 11:00:36,800 - INFO - Asynchronous call: handle_meets
2025-11-06 11:00:37,014 - INFO - Asynchronous result handle_meets:
2025-11-06 11:00:37,014 - INFO - 0
2025-11-06 11:00:37,014 - INFO - Update id=657892883 is handled. Duration 218 ms by bot id=7868636837
2025-11-06 11:00:37,162 - INFO - Asynchronous call: handle_document
2025-11-06 11:00:37,376 - INFO - Asynchronous call: cache_uploaded_file_wrapper
2025-11-06 11:00:37,380 - INFO - Asynchronous result cache_uploaded_file_wrapper:
2025-11-06 11:00:37,380 - INFO - 0
2025-11-06 11:00:37,500 - INFO - Asynchronous result handle_document:
2025-11-06 11:00:37,500 - INFO - 0
2025-11-06 11:00:37,500 - INFO - Update id=657892884 is handled. Duration 338 ms by bot id=7868636837
2025-11-06 11:00:39,866 - INFO - Asynchronous call: handle_back_tap
2025-11-06 11:00:39,985 - INFO - Asynchronous result handle_back_tap:
2025-11-06 11:00:39,985 - INFO - 0
2025-11-06 11:00:39,985 - INFO - Update id=657892885 is handled. Duration 119 ms by bot id=7868636837
2025-11-06 11:00:40,593 - INFO - Asynchronous call: handle_my_reports
2025-11-06 11:00:40,593 - INFO - Asynchronous call: wrapper
2025-11-06 11:00:40,593 - INFO - cache_company_periods_get: CACHE HIT (hit=8, miss=3, hit%=72.73)
2025-11-06 11:00:40,594 - INFO - Asynchronous result wrapper:
2025-11-06 11:00:40,594 - INFO - {'company_id': 12, 'periods': ['weekly']}
2025-11-06 11:00:40,732 - INFO - Asynchronous result handle_my_reports:
2025-11-06 11:00:40,732 - INFO - None
2025-11-06 11:00:40,732 - INFO - Update id=657892886 is handled. Duration 140 ms by bot id=7868636837
2025-11-06 11:00:41,619 - INFO - Asynchronous call: handle_period_selection
2025-11-06 11:00:41,680 - INFO - Asynchronous call: get_latest_my_report_query
2025-11-06 11:00:41,683 - INFO - Asynchronous result get_latest_my_report_query:
2025-11-06 11:00:41,683 - INFO - [{'rel_dir': '2025/11/04d', 'file_name_key': '1762426837BQACAgIAAxkBAAOtaQx_1YsR--kc8dZg8hjl1-EvfhwAApuGAAKEYWlINMZfkEaELlk2BA', 'file_name': 'ARCHITECTURE.txt', 'uploaded_at': datetime.datetime(2025, 11, 6, 11, 0, 37, tzinfo=datetime.timezone.utc)}]
2025-11-06 11:00:41,940 - INFO - Asynchronous result handle_period_selection:
2025-11-06 11:00:41,940 - INFO - 0
2025-11-06 11:00:41,940 - INFO - Update id=657892887 is handled. Duration 322 ms by bot id=7868636837
2025-11-06 11:02:02,380 - INFO - Asynchronous call: handle_meets
2025-11-06 11:02:02,595 - INFO - Asynchronous result handle_meets:
2025-11-06 11:02:02,595 - INFO - 0
2025-11-06 11:02:02,596 - INFO - Update id=657892888 is handled. Duration 217 ms by bot id=7868636837
2025-11-06 11:02:34,423 - INFO - Asynchronous call: handle_subordinates_reports
2025-11-06 11:02:34,565 - INFO - Asynchronous result handle_subordinates_reports:
2025-11-06 11:02:34,566 - INFO - 0
2025-11-06 11:02:34,566 - INFO - Update id=657892889 is handled. Duration 144 ms by bot id=7868636837
2025-11-06 11:02:38,951 - INFO - Asynchronous call: handle_all_reports
2025-11-06 11:02:38,951 - INFO - Asynchronous call: wrapper
2025-11-06 11:02:38,951 - INFO - cache_company_periods_get: CACHE HIT (hit=9, miss=3, hit%=75.0)
2025-11-06 11:02:38,952 - INFO - Asynchronous result wrapper:
2025-11-06 11:02:38,952 - INFO - {'company_id': 12, 'periods': ['weekly']}
2025-11-06 11:02:39,148 - INFO - Asynchronous result handle_all_reports:
2025-11-06 11:02:39,148 - INFO - 0
2025-11-06 11:02:39,148 - INFO - Update id=657892890 is handled. Duration 199 ms by bot id=7868636837
2025-11-06 11:02:40,149 - INFO - Asynchronous call: handle_period_selection
2025-11-06 11:02:40,313 - INFO - Asynchronous result handle_period_selection:
2025-11-06 11:02:40,314 - INFO - 0
2025-11-06 11:02:40,314 - INFO - Update id=657892891 is handled. Duration 165 ms by bot id=7868636837
2025-11-06 11:02:45,472 - INFO - Asynchronous call: handle_back_tap
2025-11-06 11:02:45,622 - INFO - Asynchronous result handle_back_tap:
2025-11-06 11:02:45,622 - INFO - 0
2025-11-06 11:02:45,622 - INFO - Update id=657892892 is handled. Duration 150 ms by bot id=7868636837
2025-11-06 11:04:00,917 - INFO - Asynchronous call: http_create_meeting
2025-11-06 11:04:00,917 - INFO - Asynchronous call: handle_create_meeting_from_server
2025-11-06 11:04:00,917 - INFO - Asynchronous call: meetings_insert_query
2025-11-06 11:04:00,922 - INFO - Asynchronous result meetings_insert_query:
2025-11-06 11:04:00,922 - INFO - {'meeting_id': 2, 'recipients': [{'participant_id': 20, 'tg_id': 6376686274}]}
2025-11-06 11:04:01,033 - INFO - Asynchronous call: meetings_set_invite_msg_ids_query
2025-11-06 11:04:01,044 - INFO - Asynchronous result meetings_set_invite_msg_ids_query:
2025-11-06 11:04:01,044 - INFO - 1
2025-11-06 11:04:01,044 - INFO - Asynchronous result handle_create_meeting_from_server:
2025-11-06 11:04:01,044 - INFO - {'ok': True, 'sent': 1, 'meeting_id': 2}
2025-11-06 11:04:01,044 - INFO - Asynchronous result http_create_meeting:
2025-11-06 11:04:01,044 - INFO - <Response OK not prepared>
2025-11-06 11:04:01,045 - INFO - 109.69.21.24 [06/Nov/2025:11:04:00 +0000] "POST /create_meeting HTTP/1.1" 200 200 "-" "python-httpx/0.28.1"
2025-11-06 11:04:14,561 - INFO - Asynchronous call: handle_meet_accept
2025-11-06 11:04:14,561 - INFO - Asynchronous call: meetings_record_response_query
2025-11-06 11:04:14,565 - INFO - Asynchronous result meetings_record_response_query:
2025-11-06 11:04:14,565 - INFO - {'responder_tg': 6376686274, 'creator_tg': 5960911489, 'topic': 'Созвон по боту', 'date_meet': '2025-11-06', 'time_meet': '14:05:00', 'link': 'https://esscale.ru'}
2025-11-06 11:04:14,969 - INFO - Asynchronous result handle_meet_accept:
2025-11-06 11:04:14,969 - INFO - 0
2025-11-06 11:04:14,970 - INFO - Update id=657892893 is handled. Duration 412 ms by bot id=7868636837
2025-11-06 11:04:53,579 - INFO - Asynchronous call: handle_back_tap
2025-11-06 11:04:53,698 - INFO - Asynchronous result handle_back_tap:
2025-11-06 11:04:53,698 - INFO - 0
2025-11-06 11:04:53,698 - INFO - Update id=657892894 is handled. Duration 119 ms by bot id=7868636837
2025-11-06 11:04:56,702 - INFO - Asynchronous call: handle_reports
2025-11-06 11:04:56,823 - INFO - Asynchronous result handle_reports:
2025-11-06 11:04:56,823 - INFO - 0
2025-11-06 11:04:56,823 - INFO - Update id=657892895 is handled. Duration 122 ms by bot id=7868636837
2025-11-06 11:05:01,937 - INFO - Asynchronous call: handle_archive
2025-11-06 11:05:02,073 - INFO - Asynchronous result handle_archive:
2025-11-06 11:05:02,073 - INFO - 0
2025-11-06 11:05:02,073 - INFO - Update id=657892896 is handled. Duration 138 ms by bot id=7868636837
2025-11-06 11:05:04,335 - INFO - Asynchronous call: handle_back_tap
2025-11-06 11:05:04,704 - INFO - Asynchronous result handle_back_tap:
2025-11-06 11:05:04,704 - INFO - 0
2025-11-06 11:05:04,704 - INFO - Update id=657892897 is handled. Duration 370 ms by bot id=7868636837
2025-11-06 11:05:07,261 - INFO - Asynchronous call: handle_archive
2025-11-06 11:05:07,410 - INFO - Asynchronous result handle_archive:
2025-11-06 11:05:07,410 - INFO - 0
2025-11-06 11:05:07,410 - INFO - Update id=657892898 is handled. Duration 150 ms by bot id=7868636837
2025-11-06 11:05:09,776 - INFO - Asynchronous call: handle_archive
2025-11-06 11:05:09,776 - INFO - Asynchronous call: wrapper
2025-11-06 11:05:09,777 - INFO - cache_company_periods_get: CACHE HIT (hit=10, miss=3, hit%=76.92)
2025-11-06 11:05:09,777 - INFO - Asynchronous result wrapper:
2025-11-06 11:05:09,777 - INFO - {'company_id': 12, 'periods': ['weekly']}
2025-11-06 11:05:09,901 - INFO - Asynchronous result handle_archive:
2025-11-06 11:05:09,901 - INFO - 0
2025-11-06 11:05:09,901 - INFO - Update id=657892899 is handled. Duration 127 ms by bot id=7868636837
2025-11-06 11:05:12,459 - INFO - Asynchronous call: handle_period_selection
2025-11-06 11:05:12,620 - INFO - Asynchronous call: get_deadline_base_info_query
2025-11-06 11:05:12,622 - INFO - Asynchronous result get_deadline_base_info_query:
2025-11-06 11:05:12,623 - INFO - {'created_at': datetime.datetime(2025, 11, 6, 10, 53, 21, 517318, tzinfo=datetime.timezone.utc), 'dweek_day': 4, 'dtime': datetime.time(14, 10)}
2025-11-06 11:05:12,797 - INFO - Asynchronous result handle_period_selection:
2025-11-06 11:05:12,797 - INFO - 0
2025-11-06 11:05:12,797 - INFO - Update id=657892900 is handled. Duration 338 ms by bot id=7868636837
2025-11-06 11:05:21,712 - INFO - Asynchronous call: handle_day_of_week_selection
2025-11-06 11:05:21,763 - INFO - Asynchronous call: get_archive_reports_query
2025-11-06 11:05:21,767 - INFO - Asynchronous result get_archive_reports_query:
2025-11-06 11:05:21,767 - INFO - {'has_subordinates': True, 'has_files': False, 'files': []}
2025-11-06 11:05:21,946 - INFO - Asynchronous result handle_day_of_week_selection:
2025-11-06 11:05:21,946 - INFO - 0
2025-11-06 11:05:21,946 - INFO - Update id=657892901 is handled. Duration 236 ms by bot id=7868636837
2025-11-06 11:05:36,150 - INFO - Asynchronous call: handle_back_tap
2025-11-06 11:05:36,338 - INFO - Asynchronous result handle_back_tap:
2025-11-06 11:05:36,338 - INFO - 0
2025-11-06 11:05:36,339 - INFO - Update id=657892902 is handled. Duration 189 ms by bot id=7868636837
2025-11-06 11:05:41,196 - INFO - Asynchronous call: handle_subordinates_reports
2025-11-06 11:05:41,324 - INFO - Asynchronous result handle_subordinates_reports:
2025-11-06 11:05:41,324 - INFO - 0
2025-11-06 11:05:41,324 - INFO - Update id=657892903 is handled. Duration 129 ms by bot id=7868636837
2025-11-06 11:05:46,068 - INFO - Asynchronous call: handle_all_reports
2025-11-06 11:05:46,068 - INFO - Asynchronous call: wrapper
2025-11-06 11:05:46,069 - INFO - cache_company_periods_get: CACHE HIT (hit=11, miss=3, hit%=78.57)
2025-11-06 11:05:46,069 - INFO - Asynchronous result wrapper:
2025-11-06 11:05:46,069 - INFO - {'company_id': 12, 'periods': ['weekly']}
2025-11-06 11:05:46,234 - INFO - Asynchronous result handle_all_reports:
2025-11-06 11:05:46,234 - INFO - 0
2025-11-06 11:05:46,235 - INFO - Update id=657892904 is handled. Duration 169 ms by bot id=7868636837
2025-11-06 11:05:48,160 - INFO - Asynchronous call: handle_back_tap
2025-11-06 11:05:48,289 - INFO - Asynchronous result handle_back_tap:
2025-11-06 11:05:48,289 - INFO - 0
2025-11-06 11:05:48,289 - INFO - Update id=657892905 is handled. Duration 129 ms by bot id=7868636837
2025-11-06 11:05:54,185 - INFO - Asynchronous call: handle_all_reports
2025-11-06 11:05:54,185 - INFO - Asynchronous call: wrapper
2025-11-06 11:05:54,186 - INFO - cache_company_periods_get: CACHE HIT (hit=12, miss=3, hit%=80.0)
2025-11-06 11:05:54,186 - INFO - Asynchronous result wrapper:
2025-11-06 11:05:54,186 - INFO - {'company_id': 12, 'periods': ['weekly']}
2025-11-06 11:05:54,403 - INFO - Asynchronous result handle_all_reports:
2025-11-06 11:05:54,403 - INFO - 0
2025-11-06 11:05:54,403 - INFO - Update id=657892906 is handled. Duration 220 ms by bot id=7868636837
2025-11-06 11:05:56,447 - INFO - Asynchronous call: handle_period_selection
2025-11-06 11:05:56,867 - INFO - Asynchronous result handle_period_selection:
2025-11-06 11:05:56,867 - INFO - 0
2025-11-06 11:05:56,867 - INFO - Update id=657892907 is handled. Duration 420 ms by bot id=7868636837
2025-11-06 11:06:36,258 - INFO - Update id=657892908 is not handled. Duration 2 ms by bot id=7868636837
2025-11-06 11:07:31,326 - INFO - Asynchronous call: start
2025-11-06 11:07:31,326 - INFO - Asynchronous call: cache_registration_check_wrapper
2025-11-06 11:07:31,327 - INFO - cache_registration_check: CACHE HIT (hit=3, miss=2, hit%=60.0)
2025-11-06 11:07:31,327 - INFO - Asynchronous result cache_registration_check_wrapper:
2025-11-06 11:07:31,327 - INFO - worker
2025-11-06 11:07:31,398 - INFO - Asynchronous call: save_registration_invitation_message
2025-11-06 11:07:31,404 - INFO - Asynchronous result save_registration_invitation_message:
2025-11-06 11:07:31,404 - INFO - 0
2025-11-06 11:07:31,405 - INFO - Asynchronous result start:
2025-11-06 11:07:31,405 - INFO - 0
2025-11-06 11:07:31,405 - INFO - Update id=657892909 is handled. Duration 78 ms by bot id=7868636837
2025-11-06 11:09:21,480 - INFO - Asynchronous call: http_handle_worker_answers
2025-11-06 11:09:21,480 - INFO - Asynchronous call: messages_on_QA
2025-11-06 11:09:21,565 - INFO - Asynchronous call: save_registration_confirmation_messages_query
2025-11-06 11:09:21,569 - INFO - Asynchronous result save_registration_confirmation_messages_query:
2025-11-06 11:09:21,569 - INFO - None
2025-11-06 11:09:21,569 - INFO - Asynchronous call: get_registration_invitation_messages
2025-11-06 11:09:21,570 - INFO - Asynchronous result get_registration_invitation_messages:
2025-11-06 11:09:21,570 - INFO - [185]
2025-11-06 11:09:21,624 - INFO - Asynchronous call: delete_registration_invitation_messages
2025-11-06 11:09:21,626 - INFO - Asynchronous result delete_registration_invitation_messages:
2025-11-06 11:09:21,626 - INFO - 0
2025-11-06 11:09:21,711 - INFO - Asynchronous result messages_on_QA:
2025-11-06 11:09:21,711 - INFO - {'ok': True, 'sent_to_bosses': 1}
2025-11-06 11:09:21,711 - INFO - Asynchronous result http_handle_worker_answers:
2025-11-06 11:09:21,711 - INFO - <Response OK not prepared>
2025-11-06 11:09:21,711 - INFO - 109.69.21.24 [06/Nov/2025:11:09:21 +0000] "POST /handle_worker_answers HTTP/1.1" 200 172 "-" "python-httpx/0.28.1"
2025-11-06 11:09:40,745 - INFO - Asynchronous call: handle_registration_approve
2025-11-06 11:09:40,745 - INFO - Asynchronous call: handle_registration_approval
2025-11-06 11:09:40,745 - INFO - Asynchronous call: get_registration_confirmations_query
2025-11-06 11:09:40,747 - INFO - Asynchronous result get_registration_confirmations_query:
2025-11-06 11:09:40,747 - INFO - [{'boss_chat_id': 5960911489, 'message_id': 186}]
2025-11-06 11:09:40,747 - INFO - Asynchronous call: get_user_ids
2025-11-06 11:09:40,748 - INFO - Asynchronous result get_user_ids:
2025-11-06 11:09:40,748 - INFO - [1017236652]
2025-11-06 11:09:40,748 - INFO - Asynchronous call: register_user_in_db
2025-11-06 11:09:40,748 - INFO - Asynchronous call: get_user_answers_query
2025-11-06 11:09:40,749 - INFO - Asynchronous result get_user_answers_query:
2025-11-06 11:09:40,749 - INFO - {"1": ["@moiseyevanton"], "2": "Ксени", "3": "Литвиненко", "4": "Витальевна", "5": "Санкт-Петербург", "6": "Экономист", "7": "21", "8": "3 месяца"}
2025-11-06 11:09:40,749 - INFO - Asynchronous call: cache_active_user_wrapper
2025-11-06 11:09:40,752 - INFO - Asynchronous result cache_active_user_wrapper:
2025-11-06 11:09:40,752 - INFO - None
2025-11-06 11:09:40,752 - INFO - Asynchronous call: init_bosses_query
2025-11-06 11:09:40,752 - INFO - Asynchronous call: fetch_worker_ids_by_usernames
2025-11-06 11:09:40,752 - INFO - Asynchronous call: fetch_worker_ids_by_usernames
2025-11-06 11:09:40,753 - INFO - Asynchronous result fetch_worker_ids_by_usernames:
2025-11-06 11:09:40,754 - INFO - ([18], [])
2025-11-06 11:09:40,798 - INFO - Asynchronous result fetch_worker_ids_by_usernames:
2025-11-06 11:09:40,798 - INFO - ([15], [])
2025-11-06 11:09:40,845 - INFO - Asynchronous result init_bosses_query:
2025-11-06 11:09:40,845 - INFO - []
2025-11-06 11:09:40,845 - INFO - Asynchronous call: save_answers_by_username_query
2025-11-06 11:09:40,847 - INFO - Asynchronous result save_answers_by_username_query:
2025-11-06 11:09:40,847 - INFO - 1
2025-11-06 11:09:40,847 - INFO - Asynchronous result register_user_in_db:
2025-11-06 11:09:40,847 - INFO - 0
2025-11-06 11:09:40,986 - INFO - Asynchronous call: delete_registration_confirmations_query
2025-11-06 11:09:40,988 - INFO - Asynchronous result delete_registration_confirmations_query:
2025-11-06 11:09:40,988 - INFO - None
2025-11-06 11:09:41,046 - INFO - Asynchronous result handle_registration_approval:
2025-11-06 11:09:41,046 - INFO - 0
2025-11-06 11:09:41,046 - INFO - Asynchronous result handle_registration_approve:
2025-11-06 11:09:41,046 - INFO - 0
2025-11-06 11:09:41,046 - INFO - Update id=657892910 is handled. Duration 302 ms by bot id=7868636837
2025-11-06 11:10:45,550 - INFO - Asynchronous call: handle_subordinates_reports
2025-11-06 11:10:45,707 - INFO - Asynchronous result handle_subordinates_reports:
2025-11-06 11:10:45,707 - INFO - 0
2025-11-06 11:10:45,707 - INFO - Update id=657892911 is handled. Duration 157 ms by bot id=7868636837
2025-11-06 11:10:46,584 - INFO - Asynchronous call: handle_back_tap
2025-11-06 11:10:46,727 - INFO - Asynchronous result handle_back_tap:
2025-11-06 11:10:46,727 - INFO - 0
2025-11-06 11:10:46,727 - INFO - Update id=657892912 is handled. Duration 144 ms by bot id=7868636837
2025-11-06 11:10:48,184 - INFO - Asynchronous call: handle_back_tap
2025-11-06 11:10:48,537 - INFO - Asynchronous result handle_back_tap:
2025-11-06 11:10:48,537 - INFO - 0
2025-11-06 11:10:48,537 - INFO - Update id=657892913 is handled. Duration 354 ms by bot id=7868636837
2025-11-06 11:10:51,173 - INFO - Asynchronous call: handle_reports
2025-11-06 11:10:51,343 - INFO - Asynchronous result handle_reports:
2025-11-06 11:10:51,343 - INFO - 0
2025-11-06 11:10:51,343 - INFO - Update id=657892914 is handled. Duration 172 ms by bot id=7868636837
2025-11-06 11:10:57,286 - INFO - Asynchronous call: handle_back_tap
2025-11-06 11:10:57,422 - INFO - Asynchronous result handle_back_tap:
2025-11-06 11:10:57,422 - INFO - 0
2025-11-06 11:10:57,422 - INFO - Update id=657892915 is handled. Duration 136 ms by bot id=7868636837
2025-11-06 11:10:58,359 - INFO - Asynchronous call: handle_settings
2025-11-06 11:10:58,494 - INFO - Asynchronous result handle_settings:
2025-11-06 11:10:58,495 - INFO - 0
2025-11-06 11:10:58,495 - INFO - Update id=657892916 is handled. Duration 138 ms by bot id=7868636837
2025-11-06 11:10:59,512 - INFO - Asynchronous call: handle_athers_configuring
2025-11-06 11:10:59,650 - INFO - Asynchronous result handle_athers_configuring:
2025-11-06 11:10:59,650 - INFO - 0
2025-11-06 11:10:59,650 - INFO - Update id=657892917 is handled. Duration 142 ms by bot id=7868636837
2025-11-06 11:11:01,839 - INFO - Asynchronous call: handle_edit_questionnaire
2025-11-06 11:11:01,839 - INFO - Asynchronous call: get_all_subordinates_with_details_query
2025-11-06 11:11:01,842 - INFO - Asynchronous result get_all_subordinates_with_details_query:
2025-11-06 11:11:01,842 - INFO - [{'username_tg': '@imishgen', 'full_name': 'Величко Михаил Павлович'}, {'username_tg': '@kseni_laxx', 'full_name': 'Литвиненко Ксени Витальевна'}, {'username_tg': '@rin_rin16', 'full_name': 'Рынкевич Даниил Гелавич'}]
2025-11-06 11:11:02,539 - INFO - Asynchronous result handle_edit_questionnaire:
2025-11-06 11:11:02,539 - INFO - 0
2025-11-06 11:11:02,539 - INFO - Update id=657892918 is handled. Duration 701 ms by bot id=7868636837
2025-11-06 11:12:44,745 - INFO - Update id=657892919 is not handled. Duration 2 ms by bot id=7868636837
2025-11-06 11:12:53,586 - INFO - Update id=657892920 is not handled. Duration 2 ms by bot id=7868636837
2025-11-06 11:16:09,299 - INFO - Asynchronous call: start
2025-11-06 11:16:09,299 - INFO - Asynchronous call: cache_registration_check_wrapper
2025-11-06 11:16:09,300 - INFO - cache_registration_check: CACHE HIT (hit=4, miss=2, hit%=66.67)
2025-11-06 11:16:09,300 - INFO - Asynchronous result cache_registration_check_wrapper:
2025-11-06 11:16:09,300 - INFO - worker
2025-11-06 11:16:09,430 - INFO - Asynchronous call: save_registration_invitation_message
2025-11-06 11:16:09,478 - INFO - Asynchronous result save_registration_invitation_message:
2025-11-06 11:16:09,478 - INFO - 0
2025-11-06 11:16:09,478 - INFO - Asynchronous result start:
2025-11-06 11:16:09,478 - INFO - 0
2025-11-06 11:16:09,478 - INFO - Update id=657892921 is handled. Duration 179 ms by bot id=7868636837
2025-11-06 11:18:21,309 - INFO - Asynchronous call: handle_athers_configuring
2025-11-06 11:18:21,424 - INFO - Asynchronous result handle_athers_configuring:
2025-11-06 11:18:21,425 - INFO - 0
2025-11-06 11:18:21,425 - INFO - Update id=657892922 is handled. Duration 119 ms by bot id=7868636837
2025-11-06 11:18:22,271 - INFO - Asynchronous call: handle_edit_questionnaire
2025-11-06 11:18:22,271 - INFO - Asynchronous call: get_all_subordinates_with_details_query
2025-11-06 11:18:22,275 - INFO - Asynchronous result get_all_subordinates_with_details_query:
2025-11-06 11:18:22,275 - INFO - [{'username_tg': '@imishgen', 'full_name': 'Величко Михаил Павлович'}, {'username_tg': '@kseni_laxx', 'full_name': 'Литвиненко Ксени Витальевна'}, {'username_tg': '@rin_rin16', 'full_name': 'Рынкевич Даниил Гелавич'}]
2025-11-06 11:18:22,543 - INFO - Asynchronous result handle_edit_questionnaire:
2025-11-06 11:18:22,543 - INFO - 0
2025-11-06 11:18:22,543 - INFO - Update id=657892923 is handled. Duration 273 ms by bot id=7868636837
2025-11-06 11:21:17,446 - DEBUG - Error handling request from 162.244.82.179
Traceback (most recent call last):
  File "/tmp/onefile_1_1762424938_355133/aiohttp/web_protocol.py", line 408, in data_received
  File "aiohttp/_http_parser.pyx", line 558, in aiohttp._http_parser.HttpParser.feed_data
aiohttp.http_exceptions.BadHttpMethod: 400, message:
  Invalid method encountered:

    b'\x16\x03\x01\x02'
      ^
2025-11-06 11:21:17,447 - INFO - 162.244.82.179 [06/Nov/2025:11:21:17 +0000] "UNKNOWN / HTTP/1.0" 400 219 "-" "-"
2025-11-06 11:21:56,258 - INFO - Update id=657892924 is not handled. Duration 2 ms by bot id=7868636837
2025-11-06 11:22:08,067 - INFO - Update id=657892925 is not handled. Duration 2 ms by bot id=7868636837
2025-11-06 11:22:17,079 - INFO - Asynchronous call: get_questions
2025-11-06 11:22:17,079 - INFO - Asynchronous call: get_questions_query
2025-11-06 11:22:17,082 - INFO - Asynchronous result get_questions_query:
2025-11-06 11:22:17,082 - INFO - {"1": "Какая у вас должность в команде? ", "2": "Сколько вам лет?", "3": "Какой стаж работы? "}
2025-11-06 11:22:17,154 - INFO - Asynchronous result get_questions:
2025-11-06 11:22:17,154 - INFO - 0
2025-11-06 11:22:17,154 - INFO - Update id=657892926 is handled. Duration 75 ms by bot id=7868636837
2025-11-06 11:23:08,124 - INFO - Update id=657892927 is not handled. Duration 2 ms by bot id=7868636837
2025-11-06 11:23:31,068 - INFO - Update id=657892928 is not handled. Duration 1 ms by bot id=7868636837
2025-11-06 11:24:51,646 - DEBUG - Error handling request from 20.65.193.168
Traceback (most recent call last):
  File "/tmp/onefile_1_1762424938_355133/aiohttp/web_protocol.py", line 408, in data_received
  File "aiohttp/_http_parser.pyx", line 558, in aiohttp._http_parser.HttpParser.feed_data
aiohttp.http_exceptions.BadHttpMethod: 400, message:
  Invalid method encountered:

    b'\x16\x03\x01'
      ^
2025-11-06 11:24:51,647 - INFO - 20.65.193.168 [06/Nov/2025:11:24:51 +0000] "UNKNOWN / HTTP/1.0" 400 215 "-" "-"
2025-11-06 12:00:05,077 - DEBUG - Error handling request from 162.244.82.179
Traceback (most recent call last):
  File "/tmp/onefile_1_1762424938_355133/aiohttp/web_protocol.py", line 408, in data_received
  File "aiohttp/_http_parser.pyx", line 558, in aiohttp._http_parser.HttpParser.feed_data
aiohttp.http_exceptions.BadHttpMethod: 400, message:
  Invalid method encountered:

    b'\x16\x03\x01\x02'
      ^
2025-11-06 12:00:05,078 - INFO - 162.244.82.179 [06/Nov/2025:12:00:05 +0000] "UNKNOWN / HTTP/1.0" 400 219 "-" "-"
2025-11-06 12:11:08,557 - INFO - Update id=657892929 is not handled. Duration 2 ms by bot id=7868636837
2025-11-06 12:12:55,587 - INFO - Asynchronous call: start
2025-11-06 12:12:55,587 - INFO - Asynchronous call: cache_registration_check_wrapper
2025-11-06 12:12:55,588 - INFO - cache_registration_check: CACHE HIT (hit=5, miss=2, hit%=71.43)
2025-11-06 12:12:55,588 - INFO - Asynchronous result cache_registration_check_wrapper:
2025-11-06 12:12:55,588 - INFO - worker
2025-11-06 12:12:55,739 - INFO - Asynchronous call: save_registration_invitation_message
2025-11-06 12:12:55,786 - INFO - Asynchronous result save_registration_invitation_message:
2025-11-06 12:12:55,786 - INFO - 0
2025-11-06 12:12:55,786 - INFO - Asynchronous result start:
2025-11-06 12:12:55,787 - INFO - 0
2025-11-06 12:12:55,787 - INFO - Update id=657892930 is handled. Duration 200 ms by bot id=7868636837
2025-11-06 12:14:15,397 - INFO - Asynchronous call: http_handle_worker_answers
2025-11-06 12:14:15,397 - INFO - Asynchronous call: messages_on_QA
2025-11-06 12:14:15,532 - INFO - Asynchronous call: save_registration_confirmation_messages_query
2025-11-06 12:14:15,535 - INFO - Asynchronous result save_registration_confirmation_messages_query:
2025-11-06 12:14:15,535 - INFO - None
2025-11-06 12:14:15,535 - INFO - Asynchronous call: get_registration_invitation_messages
2025-11-06 12:14:15,536 - INFO - Asynchronous result get_registration_invitation_messages:
2025-11-06 12:14:15,537 - INFO - [205]
2025-11-06 12:14:15,668 - INFO - Asynchronous call: delete_registration_invitation_messages
2025-11-06 12:14:15,670 - INFO - Asynchronous result delete_registration_invitation_messages:
2025-11-06 12:14:15,671 - INFO - 0
2025-11-06 12:14:15,804 - INFO - Asynchronous result messages_on_QA:
2025-11-06 12:14:15,804 - INFO - {'ok': True, 'sent_to_bosses': 1}
2025-11-06 12:14:15,804 - INFO - Asynchronous result http_handle_worker_answers:
2025-11-06 12:14:15,804 - INFO - <Response OK not prepared>
2025-11-06 12:14:15,804 - INFO - 109.69.21.24 [06/Nov/2025:12:14:15 +0000] "POST /handle_worker_answers HTTP/1.1" 200 172 "-" "python-httpx/0.28.1"
2025-11-06 12:14:19,590 - INFO - Asynchronous call: handle_registration_approve
2025-11-06 12:14:19,590 - INFO - Asynchronous call: handle_registration_approval
2025-11-06 12:14:19,590 - INFO - Asynchronous call: get_registration_confirmations_query
2025-11-06 12:14:19,591 - INFO - Asynchronous result get_registration_confirmations_query:
2025-11-06 12:14:19,591 - INFO - [{'boss_chat_id': 5960911489, 'message_id': 206}]
2025-11-06 12:14:19,591 - INFO - Asynchronous call: get_user_ids
2025-11-06 12:14:19,600 - INFO - Asynchronous result get_user_ids:
2025-11-06 12:14:19,601 - INFO - [877617880]
2025-11-06 12:14:19,601 - INFO - Asynchronous call: register_user_in_db
2025-11-06 12:14:19,601 - INFO - Asynchronous call: get_user_answers_query
2025-11-06 12:14:19,603 - INFO - Asynchronous result get_user_answers_query:
2025-11-06 12:14:19,603 - INFO - {"1": ["@moiseyevanton"], "2": "Мурат", "3": "Зулкашев", "4": "Саматович", "5": "Туапсе", "6": "Frontend, тех. директор ген. видео", "7": "21", "8": "Год"}
2025-11-06 12:14:19,603 - INFO - Asynchronous call: cache_active_user_wrapper
2025-11-06 12:14:19,606 - INFO - Asynchronous result cache_active_user_wrapper:
2025-11-06 12:14:19,606 - INFO - None
2025-11-06 12:14:19,606 - INFO - Asynchronous call: init_bosses_query
2025-11-06 12:14:19,606 - INFO - Asynchronous call: fetch_worker_ids_by_usernames
2025-11-06 12:14:19,606 - INFO - Asynchronous call: fetch_worker_ids_by_usernames
2025-11-06 12:14:19,607 - INFO - Asynchronous result fetch_worker_ids_by_usernames:
2025-11-06 12:14:19,607 - INFO - ([17], [])
2025-11-06 12:14:19,630 - INFO - Asynchronous result fetch_worker_ids_by_usernames:
2025-11-06 12:14:19,631 - INFO - ([15], [])
2025-11-06 12:14:19,678 - INFO - Asynchronous result init_bosses_query:
2025-11-06 12:14:19,678 - INFO - []
2025-11-06 12:14:19,678 - INFO - Asynchronous call: save_answers_by_username_query
2025-11-06 12:14:19,680 - INFO - Asynchronous result save_answers_by_username_query:
2025-11-06 12:14:19,680 - INFO - 1
2025-11-06 12:14:19,680 - INFO - Asynchronous result register_user_in_db:
2025-11-06 12:14:19,680 - INFO - 0
2025-11-06 12:14:19,865 - INFO - Asynchronous call: delete_registration_confirmations_query
2025-11-06 12:14:19,867 - INFO - Asynchronous result delete_registration_confirmations_query:
2025-11-06 12:14:19,867 - INFO - None
2025-11-06 12:14:19,935 - INFO - Asynchronous result handle_registration_approval:
2025-11-06 12:14:19,935 - INFO - 0
2025-11-06 12:14:19,935 - INFO - Asynchronous result handle_registration_approve:
2025-11-06 12:14:19,935 - INFO - 0
2025-11-06 12:14:19,936 - INFO - Update id=657892931 is handled. Duration 346 ms by bot id=7868636837
2025-11-06 12:16:21,055 - DEBUG - Error handling request from 185.12.59.118
Traceback (most recent call last):
  File "/tmp/onefile_1_1762424938_355133/aiohttp/web_protocol.py", line 408, in data_received
  File "aiohttp/_http_parser.pyx", line 558, in aiohttp._http_parser.HttpParser.feed_data
aiohttp.http_exceptions.BadHttpMethod: 400, message:
  Invalid method encountered:

    b'\x16\x03\x01'
      ^
2025-11-06 12:16:21,055 - INFO - 185.12.59.118 [06/Nov/2025:12:16:21 +0000] "UNKNOWN / HTTP/1.0" 400 215 "-" "-"
2025-11-06 12:21:06,367 - INFO - Asynchronous call: handle_athers_configuring
2025-11-06 12:21:06,502 - INFO - Asynchronous result handle_athers_configuring:
2025-11-06 12:21:06,502 - INFO - 0
2025-11-06 12:21:06,502 - INFO - Update id=657892932 is handled. Duration 138 ms by bot id=7868636837
2025-11-06 12:21:07,847 - INFO - Asynchronous call: handle_edit_questionnaire
2025-11-06 12:21:07,847 - INFO - Asynchronous call: get_all_subordinates_with_details_query
2025-11-06 12:21:08,071 - INFO - Asynchronous result get_all_subordinates_with_details_query:
2025-11-06 12:21:08,072 - INFO - [{'username_tg': '@imishgen', 'full_name': 'Величко Михаил Павлович'}, {'username_tg': '@riftinink', 'full_name': 'Зулкашев Мурат Саматович'}, {'username_tg': '@kseni_laxx', 'full_name': 'Литвиненко Ксени Витальевна'}, {'username_tg': '@rin_rin16', 'full_name': 'Рынкевич Даниил Гелавич'}]
2025-11-06 12:21:08,361 - INFO - Asynchronous result handle_edit_questionnaire:
2025-11-06 12:21:08,361 - INFO - 0
2025-11-06 12:21:08,361 - INFO - Update id=657892933 is handled. Duration 515 ms by bot id=7868636837
2025-11-06 12:37:42,583 - DEBUG - Error handling request from 162.244.82.179
Traceback (most recent call last):
  File "/tmp/onefile_1_1762424938_355133/aiohttp/web_protocol.py", line 408, in data_received
  File "aiohttp/_http_parser.pyx", line 558, in aiohttp._http_parser.HttpParser.feed_data
aiohttp.http_exceptions.BadHttpMethod: 400, message:
  Invalid method encountered:

    b'\x16\x03\x01\x02'
      ^
2025-11-06 12:37:42,584 - INFO - 162.244.82.179 [06/Nov/2025:12:37:42 +0000] "UNKNOWN / HTTP/1.0" 400 219 "-" "-"
2025-11-06 13:40:51,211 - DEBUG - Error handling request from 34.59.175.189
Traceback (most recent call last):
  File "/tmp/onefile_1_1762424938_355133/aiohttp/web_protocol.py", line 408, in data_received
  File "aiohttp/_http_parser.pyx", line 558, in aiohttp._http_parser.HttpParser.feed_data
aiohttp.http_exceptions.BadHttpMethod: 400, message:
  Invalid method encountered:

    b'\x16\x03\x01'
      ^
2025-11-06 13:40:51,211 - INFO - 34.59.175.189 [06/Nov/2025:13:40:51 +0000] "UNKNOWN / HTTP/1.0" 400 215 "-" "-"
2025-11-06 13:54:09,264 - DEBUG - Error handling request from 162.244.82.179
Traceback (most recent call last):
  File "/tmp/onefile_1_1762424938_355133/aiohttp/web_protocol.py", line 408, in data_received
  File "aiohttp/_http_parser.pyx", line 558, in aiohttp._http_parser.HttpParser.feed_data
aiohttp.http_exceptions.BadHttpMethod: 400, message:
  Invalid method encountered:

    b'\x16\x03\x01\x02'
      ^
2025-11-06 13:54:09,264 - INFO - 162.244.82.179 [06/Nov/2025:13:54:09 +0000] "UNKNOWN / HTTP/1.0" 400 219 "-" "-"
2025-11-06 13:55:32,004 - INFO - Asynchronous call: registrate_without_info_adding_user
2025-11-06 13:55:32,004 - INFO - Asynchronous call: cache_company_id_by_chat_wrapper
2025-11-06 13:55:32,004 - INFO - cache_company_by_chat: CACHE HIT (hit=6, miss=0, hit%=100.0)
2025-11-06 13:55:32,005 - INFO - Asynchronous result cache_company_id_by_chat_wrapper:
2025-11-06 13:55:32,005 - INFO - {'id': 12, 'name': 'esscale'}
2025-11-06 13:55:32,005 - INFO - Asynchronous call: cache_new_user_without_info_wrapper
2025-11-06 13:55:32,058 - INFO - cache_new_user_without_info: CACHE HIT (hit=6, miss=0, hit%=100.0)
2025-11-06 13:55:32,059 - INFO - Asynchronous result cache_new_user_without_info_wrapper:
2025-11-06 13:55:32,059 - INFO - 0
2025-11-06 13:55:32,081 - INFO - Update id=657892935 is not handled. Duration 1 ms by bot id=7868636837
2025-11-06 13:55:32,132 - INFO - Asynchronous call: registrate_without_info_adding_user
2025-11-06 13:55:32,133 - INFO - Asynchronous call: cache_company_id_by_chat_wrapper
2025-11-06 13:55:32,133 - INFO - cache_company_by_chat: CACHE HIT (hit=7, miss=0, hit%=100.0)
2025-11-06 13:55:32,133 - INFO - Asynchronous result cache_company_id_by_chat_wrapper:
2025-11-06 13:55:32,133 - INFO - {'id': 12, 'name': 'esscale'}
2025-11-06 13:55:32,133 - INFO - Asynchronous call: cache_new_user_without_info_wrapper
2025-11-06 13:55:32,136 - INFO - cache_new_user_without_info: CACHE HIT (hit=7, miss=0, hit%=100.0)
2025-11-06 13:55:32,136 - INFO - Asynchronous result cache_new_user_without_info_wrapper:
2025-11-06 13:55:32,136 - INFO - 0
2025-11-06 13:55:32,169 - INFO - Asynchronous result registrate_without_info_adding_user:
2025-11-06 13:55:32,169 - INFO - 0
2025-11-06 13:55:32,169 - INFO - Update id=657892934 is handled. Duration 165 ms by bot id=7868636837
2025-11-06 13:55:32,218 - INFO - Update id=657892937 is not handled. Duration 2 ms by bot id=7868636837
2025-11-06 13:55:32,255 - INFO - Asynchronous result registrate_without_info_adding_user:
2025-11-06 13:55:32,255 - INFO - 0
2025-11-06 13:55:32,255 - INFO - Update id=657892936 is handled. Duration 122 ms by bot id=7868636837
2025-11-06 13:55:45,952 - INFO - Asynchronous call: start
2025-11-06 13:55:45,952 - INFO - Asynchronous call: cache_registration_check_wrapper
2025-11-06 13:55:45,952 - INFO - cache_registration_check: CACHE HIT (hit=6, miss=2, hit%=75.0)
2025-11-06 13:55:45,952 - INFO - Asynchronous result cache_registration_check_wrapper:
2025-11-06 13:55:45,952 - INFO - worker
2025-11-06 13:55:46,130 - INFO - Asynchronous call: save_registration_invitation_message
2025-11-06 13:55:46,133 - INFO - Asynchronous result save_registration_invitation_message:
2025-11-06 13:55:46,133 - INFO - 0
2025-11-06 13:55:46,133 - INFO - Asynchronous result start:
2025-11-06 13:55:46,133 - INFO - 0
2025-11-06 13:55:46,133 - INFO - Update id=657892938 is handled. Duration 181 ms by bot id=7868636837
2025-11-06 13:56:11,265 - INFO - Update id=657892939 is not handled. Duration 2 ms by bot id=7868636837
2025-11-06 13:56:20,253 - INFO - Update id=657892940 is not handled. Duration 2 ms by bot id=7868636837
2025-11-06 13:56:48,395 - INFO - Asynchronous call: cache_company_chat_link_wrapper
2025-11-06 13:56:48,399 - INFO - Asynchronous result cache_company_chat_link_wrapper:
2025-11-06 13:56:48,399 - INFO - {'id': 12, 'name': 'esscale'}
2025-11-06 13:56:48,450 - INFO - Update id=657892942 is not handled. Duration 3 ms by bot id=7868636837
2025-11-06 13:56:48,450 - INFO - Update id=657892943 is not handled. Duration 2 ms by bot id=7868636837
2025-11-06 13:56:48,534 - INFO - Update id=657892941 is handled. Duration 139 ms by bot id=7868636837
2025-11-06 13:56:51,945 - INFO - Asynchronous call: http_handle_worker_answers
2025-11-06 13:56:51,945 - INFO - Asynchronous call: messages_on_QA
2025-11-06 13:56:52,037 - INFO - Asynchronous call: save_registration_confirmation_messages_query
2025-11-06 13:56:52,040 - INFO - Asynchronous result save_registration_confirmation_messages_query:
2025-11-06 13:56:52,040 - INFO - None
2025-11-06 13:56:52,040 - INFO - Asynchronous call: get_registration_invitation_messages
2025-11-06 13:56:52,041 - INFO - Asynchronous result get_registration_invitation_messages:
2025-11-06 13:56:52,041 - INFO - [194]
2025-11-06 13:56:52,161 - INFO - Asynchronous call: delete_registration_invitation_messages
2025-11-06 13:56:52,163 - INFO - Asynchronous result delete_registration_invitation_messages:
2025-11-06 13:56:52,163 - INFO - 0
2025-11-06 13:56:52,237 - INFO - Asynchronous result messages_on_QA:
2025-11-06 13:56:52,237 - INFO - {'ok': True, 'sent_to_bosses': 1}
2025-11-06 13:56:52,237 - INFO - Asynchronous result http_handle_worker_answers:
2025-11-06 13:56:52,237 - INFO - <Response OK not prepared>
2025-11-06 13:56:52,238 - INFO - 109.69.21.24 [06/Nov/2025:13:56:51 +0000] "POST /handle_worker_answers HTTP/1.1" 200 172 "-" "python-httpx/0.28.1"
2025-11-06 13:56:54,202 - INFO - Asynchronous call: http_handle_worker_answers
2025-11-06 13:56:54,202 - INFO - Asynchronous call: messages_on_QA
2025-11-06 13:56:54,285 - INFO - Asynchronous call: save_registration_confirmation_messages_query
2025-11-06 13:56:54,288 - INFO - Asynchronous result save_registration_confirmation_messages_query:
2025-11-06 13:56:54,288 - INFO - None
2025-11-06 13:56:54,288 - INFO - Asynchronous call: get_registration_invitation_messages
2025-11-06 13:56:54,289 - INFO - Asynchronous result get_registration_invitation_messages:
2025-11-06 13:56:54,289 - INFO - [216]
2025-11-06 13:56:54,349 - INFO - Asynchronous call: delete_registration_invitation_messages
2025-11-06 13:56:54,351 - INFO - Asynchronous result delete_registration_invitation_messages:
2025-11-06 13:56:54,351 - INFO - 0
2025-11-06 13:56:54,454 - INFO - Asynchronous result messages_on_QA:
2025-11-06 13:56:54,454 - INFO - {'ok': True, 'sent_to_bosses': 1}
2025-11-06 13:56:54,454 - INFO - Asynchronous result http_handle_worker_answers:
2025-11-06 13:56:54,454 - INFO - <Response OK not prepared>
2025-11-06 13:56:54,454 - INFO - 109.69.21.24 [06/Nov/2025:13:56:54 +0000] "POST /handle_worker_answers HTTP/1.1" 200 172 "-" "python-httpx/0.28.1"
2025-11-06 13:57:03,472 - INFO - Asynchronous call: handle_registration_approve
2025-11-06 13:57:03,473 - INFO - Asynchronous call: handle_registration_approval
2025-11-06 13:57:03,473 - INFO - Asynchronous call: get_registration_confirmations_query
2025-11-06 13:57:03,474 - INFO - Asynchronous result get_registration_confirmations_query:
2025-11-06 13:57:03,474 - INFO - [{'boss_chat_id': 5960911489, 'message_id': 220}]
2025-11-06 13:57:03,474 - INFO - Asynchronous call: get_user_ids
2025-11-06 13:57:03,483 - INFO - Asynchronous result get_user_ids:
2025-11-06 13:57:03,483 - INFO - [994146506]
2025-11-06 13:57:03,483 - INFO - Asynchronous call: register_user_in_db
2025-11-06 13:57:03,483 - INFO - Asynchronous call: get_user_answers_query
2025-11-06 13:57:03,485 - INFO - Asynchronous result get_user_answers_query:
2025-11-06 13:57:03,485 - INFO - {"1": ["@moiseyevanton"], "2": "Александр", "3": "Тусиков", "4": "Александрович", "5": "Москва", "6": "Экономист", "7": "20", "8": "0"}
2025-11-06 13:57:03,485 - INFO - Asynchronous call: cache_active_user_wrapper
2025-11-06 13:57:03,488 - INFO - Asynchronous result cache_active_user_wrapper:
2025-11-06 13:57:03,488 - INFO - None
2025-11-06 13:57:03,488 - INFO - Asynchronous call: init_bosses_query
2025-11-06 13:57:03,488 - INFO - Asynchronous call: fetch_worker_ids_by_usernames
2025-11-06 13:57:03,488 - INFO - Asynchronous call: fetch_worker_ids_by_usernames
2025-11-06 13:57:03,489 - INFO - Asynchronous result fetch_worker_ids_by_usernames:
2025-11-06 13:57:03,489 - INFO - ([21], [])
2025-11-06 13:57:03,512 - INFO - Asynchronous result fetch_worker_ids_by_usernames:
2025-11-06 13:57:03,512 - INFO - ([15], [])
2025-11-06 13:57:03,563 - INFO - Asynchronous result init_bosses_query:
2025-11-06 13:57:03,563 - INFO - []
2025-11-06 13:57:03,563 - INFO - Asynchronous call: save_answers_by_username_query
2025-11-06 13:57:03,565 - INFO - Asynchronous result save_answers_by_username_query:
2025-11-06 13:57:03,565 - INFO - 1
2025-11-06 13:57:03,565 - INFO - Asynchronous result register_user_in_db:
2025-11-06 13:57:03,565 - INFO - 0
2025-11-06 13:57:03,715 - INFO - Asynchronous call: delete_registration_confirmations_query
2025-11-06 13:57:03,718 - INFO - Asynchronous result delete_registration_confirmations_query:
2025-11-06 13:57:03,718 - INFO - None
2025-11-06 13:57:03,789 - INFO - Asynchronous result handle_registration_approval:
2025-11-06 13:57:03,789 - INFO - 0
2025-11-06 13:57:03,789 - INFO - Asynchronous result handle_registration_approve:
2025-11-06 13:57:03,789 - INFO - 0
2025-11-06 13:57:03,789 - INFO - Update id=657892944 is handled. Duration 317 ms by bot id=7868636837
2025-11-06 13:57:04,786 - INFO - Asynchronous call: handle_registration_approve
2025-11-06 13:57:04,786 - INFO - Asynchronous call: handle_registration_approval
2025-11-06 13:57:04,786 - INFO - Asynchronous call: get_registration_confirmations_query
2025-11-06 13:57:04,787 - INFO - Asynchronous result get_registration_confirmations_query:
2025-11-06 13:57:04,787 - INFO - [{'boss_chat_id': 5960911489, 'message_id': 222}]
2025-11-06 13:57:04,788 - INFO - Asynchronous call: get_user_ids
2025-11-06 13:57:04,793 - INFO - Asynchronous result get_user_ids:
2025-11-06 13:57:04,793 - INFO - [441532640]
2025-11-06 13:57:04,793 - INFO - Asynchronous call: register_user_in_db
2025-11-06 13:57:04,793 - INFO - Asynchronous call: get_user_answers_query
2025-11-06 13:57:04,794 - INFO - Asynchronous result get_user_answers_query:
2025-11-06 13:57:04,794 - INFO - {"1": ["@moiseyevanton"], "2": "Екатерина", "3": "Кармалитова", "4": "Александровна", "5": "Москва", "6": "Junior Frontend developer", "7": "20", "8": "Полгода"}
2025-11-06 13:57:04,794 - INFO - Asynchronous call: cache_active_user_wrapper
2025-11-06 13:57:04,797 - INFO - Asynchronous result cache_active_user_wrapper:
2025-11-06 13:57:04,797 - INFO - None
2025-11-06 13:57:04,797 - INFO - Asynchronous call: init_bosses_query
2025-11-06 13:57:04,797 - INFO - Asynchronous call: fetch_worker_ids_by_usernames
2025-11-06 13:57:04,797 - INFO - Asynchronous call: fetch_worker_ids_by_usernames
2025-11-06 13:57:04,798 - INFO - Asynchronous result fetch_worker_ids_by_usernames:
2025-11-06 13:57:04,798 - INFO - ([23], [])
2025-11-06 13:57:04,798 - INFO - Asynchronous result fetch_worker_ids_by_usernames:
2025-11-06 13:57:04,798 - INFO - ([15], [])
2025-11-06 13:57:04,845 - INFO - Asynchronous result init_bosses_query:
2025-11-06 13:57:04,845 - INFO - []
2025-11-06 13:57:04,845 - INFO - Asynchronous call: save_answers_by_username_query
2025-11-06 13:57:04,847 - INFO - Asynchronous result save_answers_by_username_query:
2025-11-06 13:57:04,847 - INFO - 1
2025-11-06 13:57:04,847 - INFO - Asynchronous result register_user_in_db:
2025-11-06 13:57:04,847 - INFO - 0
2025-11-06 13:57:05,180 - INFO - Asynchronous call: delete_registration_confirmations_query
2025-11-06 13:57:05,183 - INFO - Asynchronous result delete_registration_confirmations_query:
2025-11-06 13:57:05,183 - INFO - None
2025-11-06 13:57:05,316 - INFO - Asynchronous result handle_registration_approval:
2025-11-06 13:57:05,316 - INFO - 0
2025-11-06 13:57:05,316 - INFO - Asynchronous result handle_registration_approve:
2025-11-06 13:57:05,316 - INFO - 0
2025-11-06 13:57:05,316 - INFO - Update id=657892945 is handled. Duration 531 ms by bot id=7868636837
2025-11-06 13:57:10,750 - INFO - Asynchronous call: handle_athers_configuring
2025-11-06 13:57:11,047 - INFO - Asynchronous result handle_athers_configuring:
2025-11-06 13:57:11,048 - INFO - 0
2025-11-06 13:57:11,048 - INFO - Update id=657892946 is handled. Duration 301 ms by bot id=7868636837
2025-11-06 13:57:12,005 - INFO - Asynchronous call: handle_edit_questionnaire
2025-11-06 13:57:12,005 - INFO - Asynchronous call: get_all_subordinates_with_details_query
2025-11-06 13:57:12,008 - INFO - Asynchronous result get_all_subordinates_with_details_query:
2025-11-06 13:57:12,008 - INFO - [{'username_tg': '@imishgen', 'full_name': 'Величко Михаил Павлович'}, {'username_tg': '@riftinink', 'full_name': 'Зулкашев Мурат Саматович'}, {'username_tg': '@madam_mayor', 'full_name': 'Кармалитова Екатерина Александровна'}, {'username_tg': '@kseni_laxx', 'full_name': 'Литвиненко Ксени Витальевна'}, {'username_tg': '@rin_rin16', 'full_name': 'Рынкевич Даниил Гелавич'}, {'username_tg': '@AlexandrTusikov', 'full_name': 'Тусиков Александр Александрович'}]
2025-11-06 13:57:12,622 - INFO - Asynchronous result handle_edit_questionnaire:
2025-11-06 13:57:12,622 - INFO - 0
2025-11-06 13:57:12,622 - INFO - Update id=657892947 is handled. Duration 618 ms by bot id=7868636837
2025-11-06 13:59:55,084 - INFO - Asynchronous call: handle_back_tap
2025-11-06 13:59:55,259 - INFO - Asynchronous result handle_back_tap:
2025-11-06 13:59:55,259 - INFO - 0
2025-11-06 13:59:55,260 - INFO - Update id=657892948 is handled. Duration 176 ms by bot id=7868636837
2025-11-06 14:00:00,372 - INFO - Asynchronous call: handle_settings
2025-11-06 14:00:00,503 - INFO - Asynchronous result handle_settings:
2025-11-06 14:00:00,503 - INFO - 0
2025-11-06 14:00:00,503 - INFO - Update id=657892949 is handled. Duration 135 ms by bot id=7868636837
2025-11-06 14:00:01,739 - INFO - Asynchronous call: handle_athers_configuring
2025-11-06 14:00:01,875 - INFO - Asynchronous result handle_athers_configuring:
2025-11-06 14:00:01,875 - INFO - 0
2025-11-06 14:00:01,875 - INFO - Update id=657892950 is handled. Duration 140 ms by bot id=7868636837
2025-11-06 14:00:07,098 - INFO - Asynchronous call: handle_edit_questionnaire
2025-11-06 14:00:07,099 - INFO - Asynchronous call: get_all_subordinates_with_details_query
2025-11-06 14:00:07,101 - INFO - Asynchronous result get_all_subordinates_with_details_query:
2025-11-06 14:00:07,101 - INFO - [{'username_tg': '@imishgen', 'full_name': 'Величко Михаил Павлович'}, {'username_tg': '@riftinink', 'full_name': 'Зулкашев Мурат Саматович'}, {'username_tg': '@madam_mayor', 'full_name': 'Кармалитова Екатерина Александровна'}, {'username_tg': '@kseni_laxx', 'full_name': 'Литвиненко Ксени Витальевна'}, {'username_tg': '@rin_rin16', 'full_name': 'Рынкевич Даниил Гелавич'}, {'username_tg': '@AlexandrTusikov', 'full_name': 'Тусиков Александр Александрович'}]
2025-11-06 14:00:07,484 - INFO - Asynchronous result handle_edit_questionnaire:
2025-11-06 14:00:07,484 - INFO - 0
2025-11-06 14:00:07,484 - INFO - Update id=657892951 is handled. Duration 386 ms by bot id=7868636837
2025-11-06 14:25:07,447 - INFO - Asynchronous call: start
2025-11-06 14:25:07,448 - INFO - Asynchronous call: cache_registration_check_wrapper
2025-11-06 14:25:07,498 - INFO - cache_registration_check: CACHE MISS (hit=6, miss=3, hit%=66.67)
2025-11-06 14:25:07,498 - INFO - Asynchronous result cache_registration_check_wrapper:
2025-11-06 14:25:07,498 - INFO - not_registered
2025-11-06 14:25:07,703 - INFO - Asynchronous result start:
2025-11-06 14:25:07,703 - INFO - 0
2025-11-06 14:25:07,703 - INFO - Update id=657892952 is handled. Duration 255 ms by bot id=7868636837
2025-11-06 14:25:13,815 - INFO - Asynchronous call: handle_registration_tap
2025-11-06 14:25:13,932 - INFO - Asynchronous result handle_registration_tap:
2025-11-06 14:25:13,933 - INFO - 0
2025-11-06 14:25:13,933 - INFO - Update id=657892953 is handled. Duration 118 ms by bot id=7868636837
2025-11-06 14:25:20,330 - INFO - Asynchronous call: handle_rate_tap
2025-11-06 14:25:20,449 - INFO - Asynchronous result handle_rate_tap:
2025-11-06 14:25:20,449 - INFO - 0
2025-11-06 14:25:20,450 - INFO - Update id=657892954 is handled. Duration 120 ms by bot id=7868636837
2025-11-06 14:25:37,129 - INFO - Asynchronous call: registrate_user_after_price
2025-11-06 14:25:37,129 - INFO - Asynchronous call: cache_new_user_price_w_city_wrapper
2025-11-06 14:25:37,140 - INFO - cache_new_user_price_w_city: CACHE MISS (hit=0, miss=3, hit%=0.0)
2025-11-06 14:25:37,140 - INFO - Asynchronous result cache_new_user_price_w_city_wrapper:
2025-11-06 14:25:37,140 - INFO - False
2025-11-06 14:25:37,211 - INFO - Asynchronous result registrate_user_after_price:
2025-11-06 14:25:37,212 - INFO - 0
2025-11-06 14:25:37,212 - INFO - Update id=657892955 is handled. Duration 83 ms by bot id=7868636837
2025-11-06 14:27:05,698 - INFO - Asynchronous call: handling_questions_from_miniapp
2025-11-06 14:27:05,699 - INFO - Asynchronous call: create_question_version_by_username_query
2025-11-06 14:27:05,702 - INFO - Asynchronous result create_question_version_by_username_query:
2025-11-06 14:27:05,702 - INFO - {'company_id': 14, 'version_no': 1}
2025-11-06 14:27:06,047 - INFO - Asynchronous result handling_questions_from_miniapp:
2025-11-06 14:27:06,047 - INFO - 0
2025-11-06 14:27:06,047 - INFO - Update id=657892956 is handled. Duration 348 ms by bot id=7868636837
2025-11-06 14:27:43,490 - INFO - Asynchronous call: cache_company_chat_link_wrapper
2025-11-06 14:27:43,494 - INFO - Asynchronous result cache_company_chat_link_wrapper:
2025-11-06 14:27:43,494 - INFO - {'id': 14, 'name': 'Daily Chalenge'}
2025-11-06 14:27:43,546 - INFO - Update id=657892958 is not handled. Duration 1 ms by bot id=7868636837
2025-11-06 14:27:43,625 - INFO - Update id=657892957 is handled. Duration 135 ms by bot id=7868636837
2025-11-06 14:28:04,445 - INFO - Asynchronous call: cache_company_chat_link_wrapper
2025-11-06 14:28:04,448 - INFO - Asynchronous result cache_company_chat_link_wrapper:
2025-11-06 14:28:04,448 - INFO - {'id': 14, 'name': 'Daily Chalenge'}
2025-11-06 14:28:04,568 - INFO - Update id=657892959 is handled. Duration 123 ms by bot id=7868636837
2025-11-06 14:28:04,585 - INFO - Update id=657892960 is not handled. Duration 2 ms by bot id=7868636837
2025-11-06 14:28:05,686 - INFO - Update id=657892961 is not handled. Duration 0 ms by bot id=7868636837
2025-11-06 14:28:34,937 - INFO - Update id=657892962 is not handled. Duration 2 ms by bot id=7868636837
2025-11-06 14:28:59,482 - INFO - Asynchronous call: registrate_without_info_adding_user
2025-11-06 14:28:59,482 - INFO - Asynchronous call: cache_company_id_by_chat_wrapper
2025-11-06 14:28:59,483 - INFO - cache_company_by_chat: CACHE HIT (hit=8, miss=0, hit%=100.0)
2025-11-06 14:28:59,483 - INFO - Asynchronous result cache_company_id_by_chat_wrapper:
2025-11-06 14:28:59,483 - INFO - {'id': 14, 'name': 'Daily Chalenge'}
2025-11-06 14:28:59,483 - INFO - Asynchronous call: cache_new_user_without_info_wrapper
2025-11-06 14:28:59,487 - INFO - cache_new_user_without_info: CACHE HIT (hit=8, miss=0, hit%=100.0)
2025-11-06 14:28:59,487 - INFO - Asynchronous result cache_new_user_without_info_wrapper:
2025-11-06 14:28:59,487 - INFO - 0
2025-11-06 14:28:59,667 - INFO - Asynchronous result registrate_without_info_adding_user:
2025-11-06 14:28:59,667 - INFO - 0
2025-11-06 14:28:59,667 - INFO - Update id=657892963 is handled. Duration 185 ms by bot id=7868636837
2025-11-06 14:29:18,556 - INFO - Asynchronous call: start
2025-11-06 14:29:18,557 - INFO - Asynchronous call: cache_registration_check_wrapper
2025-11-06 14:29:18,557 - INFO - cache_registration_check: CACHE HIT (hit=7, miss=3, hit%=70.0)
2025-11-06 14:29:18,557 - INFO - Asynchronous result cache_registration_check_wrapper:
2025-11-06 14:29:18,557 - INFO - worker
2025-11-06 14:29:18,656 - INFO - Asynchronous call: save_registration_invitation_message
2025-11-06 14:29:18,659 - INFO - Asynchronous result save_registration_invitation_message:
2025-11-06 14:29:18,659 - INFO - 0
2025-11-06 14:29:18,659 - INFO - Asynchronous result start:
2025-11-06 14:29:18,659 - INFO - 0
2025-11-06 14:29:18,659 - INFO - Update id=657892964 is handled. Duration 103 ms by bot id=7868636837
2025-11-06 14:29:27,037 - INFO - Update id=657892965 is not handled. Duration 1 ms by bot id=7868636837
2025-11-06 14:31:25,951 - INFO - Asynchronous call: http_handle_worker_answers
2025-11-06 14:31:25,951 - INFO - Asynchronous call: messages_on_QA
2025-11-06 14:31:26,063 - INFO - Asynchronous call: save_registration_confirmation_messages_query
2025-11-06 14:31:26,066 - INFO - Asynchronous result save_registration_confirmation_messages_query:
2025-11-06 14:31:26,066 - INFO - None
2025-11-06 14:31:26,066 - INFO - Asynchronous call: get_registration_invitation_messages
2025-11-06 14:31:26,067 - INFO - Asynchronous result get_registration_invitation_messages:
2025-11-06 14:31:26,067 - INFO - [241]
2025-11-06 14:31:26,122 - INFO - Asynchronous call: delete_registration_invitation_messages
2025-11-06 14:31:26,124 - INFO - Asynchronous result delete_registration_invitation_messages:
2025-11-06 14:31:26,124 - INFO - 0
2025-11-06 14:31:26,204 - INFO - Asynchronous result messages_on_QA:
2025-11-06 14:31:26,204 - INFO - {'ok': True, 'sent_to_bosses': 1}
2025-11-06 14:31:26,204 - INFO - Asynchronous result http_handle_worker_answers:
2025-11-06 14:31:26,204 - INFO - <Response OK not prepared>
2025-11-06 14:31:26,204 - INFO - 109.69.21.24 [06/Nov/2025:14:31:25 +0000] "POST /handle_worker_answers HTTP/1.1" 200 172 "-" "python-httpx/0.28.1"
2025-11-06 14:32:02,957 - INFO - Asynchronous call: handle_registration_approve
2025-11-06 14:32:02,957 - INFO - Asynchronous call: handle_registration_approval
2025-11-06 14:32:02,957 - INFO - Asynchronous call: get_registration_confirmations_query
2025-11-06 14:32:02,959 - INFO - Asynchronous result get_registration_confirmations_query:
2025-11-06 14:32:02,959 - INFO - [{'boss_chat_id': 130034615, 'message_id': 242}]
2025-11-06 14:32:02,959 - INFO - Asynchronous call: get_user_ids
2025-11-06 14:32:02,967 - INFO - Asynchronous result get_user_ids:
2025-11-06 14:32:02,967 - INFO - [591009822]
2025-11-06 14:32:02,967 - INFO - Asynchronous call: register_user_in_db
2025-11-06 14:32:02,967 - INFO - Asynchronous call: get_user_answers_query
2025-11-06 14:32:02,968 - INFO - Asynchronous result get_user_answers_query:
2025-11-06 14:32:02,968 - INFO - {"1": ["@Taburinsky"], "2": "Илья", "3": "Степанов", "4": "Николаевич", "5": "Москва", "6": "Сооснователь", "7": "Сооснователь"}
2025-11-06 14:32:02,968 - INFO - Asynchronous call: cache_active_user_wrapper
2025-11-06 14:32:02,971 - INFO - Asynchronous result cache_active_user_wrapper:
2025-11-06 14:32:02,971 - INFO - None
2025-11-06 14:32:02,971 - INFO - Asynchronous call: init_bosses_query
2025-11-06 14:32:02,971 - INFO - Asynchronous call: fetch_worker_ids_by_usernames
2025-11-06 14:32:02,972 - INFO - Asynchronous call: fetch_worker_ids_by_usernames
2025-11-06 14:32:02,973 - INFO - Asynchronous result fetch_worker_ids_by_usernames:
2025-11-06 14:32:02,973 - INFO - ([25], [])
2025-11-06 14:32:03,019 - INFO - Asynchronous result fetch_worker_ids_by_usernames:
2025-11-06 14:32:03,019 - INFO - ([24], [])
2025-11-06 14:32:03,067 - INFO - Asynchronous result init_bosses_query:
2025-11-06 14:32:03,067 - INFO - []
2025-11-06 14:32:03,067 - INFO - Asynchronous call: save_answers_by_username_query
2025-11-06 14:32:03,069 - INFO - Asynchronous result save_answers_by_username_query:
2025-11-06 14:32:03,069 - INFO - 1
2025-11-06 14:32:03,069 - INFO - Asynchronous result register_user_in_db:
2025-11-06 14:32:03,069 - INFO - 0
2025-11-06 14:32:03,230 - INFO - Asynchronous call: delete_registration_confirmations_query
2025-11-06 14:32:03,233 - INFO - Asynchronous result delete_registration_confirmations_query:
2025-11-06 14:32:03,233 - INFO - None
2025-11-06 14:32:03,298 - INFO - Asynchronous result handle_registration_approval:
2025-11-06 14:32:03,298 - INFO - 0
2025-11-06 14:32:03,298 - INFO - Asynchronous result handle_registration_approve:
2025-11-06 14:32:03,298 - INFO - 0
2025-11-06 14:32:03,298 - INFO - Update id=657892966 is handled. Duration 342 ms by bot id=7868636837
2025-11-06 14:32:42,516 - DEBUG - Error handling request from 162.244.82.179
Traceback (most recent call last):
  File "/tmp/onefile_1_1762424938_355133/aiohttp/web_protocol.py", line 408, in data_received
  File "aiohttp/_http_parser.pyx", line 558, in aiohttp._http_parser.HttpParser.feed_data
aiohttp.http_exceptions.BadHttpMethod: 400, message:
  Invalid method encountered:

    b'\x16\x03\x01\x02'
      ^
2025-11-06 14:32:42,517 - INFO - 162.244.82.179 [06/Nov/2025:14:32:42 +0000] "UNKNOWN / HTTP/1.0" 400 219 "-" "-"
2025-11-06 14:34:33,137 - INFO - Asynchronous call: registrate_without_info_adding_user
2025-11-06 14:34:33,137 - INFO - Asynchronous call: cache_company_id_by_chat_wrapper
2025-11-06 14:34:33,138 - INFO - cache_company_by_chat: CACHE HIT (hit=9, miss=0, hit%=100.0)
2025-11-06 14:34:33,138 - INFO - Asynchronous result cache_company_id_by_chat_wrapper:
2025-11-06 14:34:33,138 - INFO - {'id': 14, 'name': 'Daily Chalenge'}
2025-11-06 14:34:33,138 - INFO - Asynchronous call: cache_new_user_without_info_wrapper
2025-11-06 14:34:33,142 - INFO - cache_new_user_without_info: CACHE HIT (hit=9, miss=0, hit%=100.0)
2025-11-06 14:34:33,142 - INFO - Asynchronous result cache_new_user_without_info_wrapper:
2025-11-06 14:34:33,142 - INFO - 0
2025-11-06 14:34:33,343 - INFO - Asynchronous result registrate_without_info_adding_user:
2025-11-06 14:34:33,343 - INFO - 0
2025-11-06 14:34:33,343 - INFO - Update id=657892967 is handled. Duration 206 ms by bot id=7868636837
2025-11-06 14:34:46,430 - INFO - Asynchronous call: start
2025-11-06 14:34:46,430 - INFO - Asynchronous call: cache_registration_check_wrapper
2025-11-06 14:34:46,430 - INFO - cache_registration_check: CACHE HIT (hit=8, miss=3, hit%=72.73)
2025-11-06 14:34:46,430 - INFO - Asynchronous result cache_registration_check_wrapper:
2025-11-06 14:34:46,430 - INFO - worker
2025-11-06 14:34:46,562 - INFO - Asynchronous call: save_registration_invitation_message
2025-11-06 14:34:46,565 - INFO - Asynchronous result save_registration_invitation_message:
2025-11-06 14:34:46,565 - INFO - 0
2025-11-06 14:34:46,565 - INFO - Asynchronous result start:
2025-11-06 14:34:46,565 - INFO - 0
2025-11-06 14:34:46,565 - INFO - Update id=657892968 is handled. Duration 135 ms by bot id=7868636837
2025-11-06 14:36:00,356 - INFO - Asynchronous call: http_handle_worker_answers
2025-11-06 14:36:00,356 - INFO - Asynchronous call: messages_on_QA
2025-11-06 14:36:00,594 - INFO - Asynchronous call: save_registration_confirmation_messages_query
2025-11-06 14:36:00,597 - INFO - Asynchronous result save_registration_confirmation_messages_query:
2025-11-06 14:36:00,597 - INFO - None
2025-11-06 14:36:00,597 - INFO - Asynchronous call: get_registration_invitation_messages
2025-11-06 14:36:00,598 - INFO - Asynchronous result get_registration_invitation_messages:
2025-11-06 14:36:00,598 - INFO - [246]
2025-11-06 14:36:00,768 - INFO - Asynchronous call: delete_registration_invitation_messages
2025-11-06 14:36:00,770 - INFO - Asynchronous result delete_registration_invitation_messages:
2025-11-06 14:36:00,770 - INFO - 0
2025-11-06 14:36:00,941 - INFO - Asynchronous result messages_on_QA:
2025-11-06 14:36:00,941 - INFO - {'ok': True, 'sent_to_bosses': 1}
2025-11-06 14:36:00,941 - INFO - Asynchronous result http_handle_worker_answers:
2025-11-06 14:36:00,941 - INFO - <Response OK not prepared>
2025-11-06 14:36:00,942 - INFO - 109.69.21.24 [06/Nov/2025:14:36:00 +0000] "POST /handle_worker_answers HTTP/1.1" 200 172 "-" "python-httpx/0.28.1"
2025-11-06 14:36:13,362 - INFO - Asynchronous call: handle_registration_approve
2025-11-06 14:36:13,362 - INFO - Asynchronous call: handle_registration_approval
2025-11-06 14:36:13,362 - INFO - Asynchronous call: get_registration_confirmations_query
2025-11-06 14:36:13,363 - INFO - Asynchronous result get_registration_confirmations_query:
2025-11-06 14:36:13,364 - INFO - [{'boss_chat_id': 591009822, 'message_id': 247}]
2025-11-06 14:36:13,364 - INFO - Asynchronous call: get_user_ids
2025-11-06 14:36:13,369 - INFO - Asynchronous result get_user_ids:
2025-11-06 14:36:13,369 - INFO - [1231738294]
2025-11-06 14:36:13,369 - INFO - Asynchronous call: register_user_in_db
2025-11-06 14:36:13,369 - INFO - Asynchronous call: get_user_answers_query
2025-11-06 14:36:13,370 - INFO - Asynchronous result get_user_answers_query:
2025-11-06 14:36:13,370 - INFO - {"1": ["@iluxass"], "2": "Святослав", "3": "Мещиряков", "4": "Степанович", "5": "Москва", "6": "Лидер", "7": "COO"}
2025-11-06 14:36:13,370 - INFO - Asynchronous call: cache_active_user_wrapper
2025-11-06 14:36:13,373 - INFO - Asynchronous result cache_active_user_wrapper:
2025-11-06 14:36:13,373 - INFO - None
2025-11-06 14:36:13,373 - INFO - Asynchronous call: init_bosses_query
2025-11-06 14:36:13,373 - INFO - Asynchronous call: fetch_worker_ids_by_usernames
2025-11-06 14:36:13,373 - INFO - Asynchronous call: fetch_worker_ids_by_usernames
2025-11-06 14:36:13,374 - INFO - Asynchronous result fetch_worker_ids_by_usernames:
2025-11-06 14:36:13,374 - INFO - ([26], [])
2025-11-06 14:36:13,374 - INFO - Asynchronous result fetch_worker_ids_by_usernames:
2025-11-06 14:36:13,374 - INFO - ([25], [])
2025-11-06 14:36:13,420 - INFO - Asynchronous result init_bosses_query:
2025-11-06 14:36:13,420 - INFO - []
2025-11-06 14:36:13,420 - INFO - Asynchronous call: save_answers_by_username_query
2025-11-06 14:36:13,422 - INFO - Asynchronous result save_answers_by_username_query:
2025-11-06 14:36:13,422 - INFO - 1
2025-11-06 14:36:13,422 - INFO - Asynchronous result register_user_in_db:
2025-11-06 14:36:13,422 - INFO - 0
2025-11-06 14:36:13,562 - INFO - Asynchronous call: delete_registration_confirmations_query
2025-11-06 14:36:13,564 - INFO - Asynchronous result delete_registration_confirmations_query:
2025-11-06 14:36:13,564 - INFO - None
2025-11-06 14:36:13,618 - INFO - Asynchronous result handle_registration_approval:
2025-11-06 14:36:13,618 - INFO - 0
2025-11-06 14:36:13,618 - INFO - Asynchronous result handle_registration_approve:
2025-11-06 14:36:13,618 - INFO - 0
2025-11-06 14:36:13,618 - INFO - Update id=657892969 is handled. Duration 257 ms by bot id=7868636837
2025-11-06 14:36:32,232 - INFO - Asynchronous call: handle_reports
2025-11-06 14:36:32,465 - INFO - Asynchronous result handle_reports:
2025-11-06 14:36:32,466 - INFO - 0
2025-11-06 14:36:32,466 - INFO - Update id=657892970 is handled. Duration 234 ms by bot id=7868636837
2025-11-06 14:36:33,973 - INFO - Asynchronous call: handle_subordinates_reports
2025-11-06 14:36:34,128 - INFO - Asynchronous result handle_subordinates_reports:
2025-11-06 14:36:34,128 - INFO - 0
2025-11-06 14:36:34,128 - INFO - Update id=657892971 is handled. Duration 157 ms by bot id=7868636837
2025-11-06 14:36:36,024 - INFO - Asynchronous call: handle_all_reports
2025-11-06 14:36:36,024 - INFO - Asynchronous call: wrapper
2025-11-06 14:36:36,031 - INFO - cache_company_periods_get: CACHE MISS (hit=12, miss=4, hit%=75.0)
2025-11-06 14:36:36,031 - INFO - Asynchronous result wrapper:
2025-11-06 14:36:36,031 - INFO - None
2025-11-06 14:36:36,185 - INFO - Asynchronous result handle_all_reports:
2025-11-06 14:36:36,186 - INFO - 0
2025-11-06 14:36:36,186 - INFO - Update id=657892972 is handled. Duration 163 ms by bot id=7868636837
2025-11-06 14:36:44,555 - INFO - Asynchronous call: handle_reports
2025-11-06 14:36:44,863 - INFO - Asynchronous result handle_reports:
2025-11-06 14:36:44,864 - INFO - 0
2025-11-06 14:36:44,864 - INFO - Update id=657892973 is handled. Duration 309 ms by bot id=7868636837
2025-11-06 14:36:46,863 - INFO - Asynchronous call: handle_subordinates_reports
2025-11-06 14:36:47,105 - INFO - Asynchronous result handle_subordinates_reports:
2025-11-06 14:36:47,105 - INFO - 0
2025-11-06 14:36:47,105 - INFO - Update id=657892974 is handled. Duration 243 ms by bot id=7868636837
2025-11-06 14:36:48,655 - INFO - Asynchronous call: handle_all_reports
2025-11-06 14:36:48,655 - INFO - Asynchronous call: wrapper
2025-11-06 14:36:48,657 - INFO - cache_company_periods_get: CACHE MISS (hit=12, miss=5, hit%=70.59)
2025-11-06 14:36:48,657 - INFO - Asynchronous result wrapper:
2025-11-06 14:36:48,657 - INFO - None
2025-11-06 14:36:49,024 - INFO - Asynchronous result handle_all_reports:
2025-11-06 14:36:49,024 - INFO - 0
2025-11-06 14:36:49,024 - INFO - Update id=657892975 is handled. Duration 371 ms by bot id=7868636837
2025-11-06 14:36:53,594 - INFO - Asynchronous call: handle_reports
2025-11-06 14:36:53,761 - INFO - Asynchronous result handle_reports:
2025-11-06 14:36:53,761 - INFO - 0
2025-11-06 14:36:53,761 - INFO - Update id=657892976 is handled. Duration 168 ms by bot id=7868636837
2025-11-06 14:37:04,323 - INFO - Asynchronous call: handle_my_reports
2025-11-06 14:37:04,323 - INFO - Asynchronous call: wrapper
2025-11-06 14:37:04,325 - INFO - cache_company_periods_get: CACHE MISS (hit=12, miss=6, hit%=66.67)
2025-11-06 14:37:04,326 - INFO - Asynchronous result wrapper:
2025-11-06 14:37:04,326 - INFO - None
2025-11-06 14:37:04,476 - INFO - Asynchronous result handle_my_reports:
2025-11-06 14:37:04,476 - INFO - None
2025-11-06 14:37:04,476 - INFO - Update id=657892977 is handled. Duration 155 ms by bot id=7868636837
2025-11-06 14:51:17,876 - DEBUG - Error handling request from 172.202.117.217
Traceback (most recent call last):
  File "/tmp/onefile_1_1762424938_355133/aiohttp/web_protocol.py", line 408, in data_received
  File "aiohttp/_http_parser.pyx", line 558, in aiohttp._http_parser.HttpParser.feed_data
aiohttp.http_exceptions.BadHttpMethod: 400, message:
  Invalid method encountered:

    b'\x16\x03\x01'
      ^
2025-11-06 14:51:17,876 - INFO - 172.202.117.217 [06/Nov/2025:14:51:17 +0000] "UNKNOWN / HTTP/1.0" 400 215 "-" "-"
2025-11-06 14:52:27,905 - INFO - Asynchronous call: handle_back_tap
2025-11-06 14:52:28,205 - INFO - Asynchronous result handle_back_tap:
2025-11-06 14:52:28,205 - INFO - 0
2025-11-06 14:52:28,205 - INFO - Update id=657892978 is handled. Duration 300 ms by bot id=7868636837
2025-11-06 14:52:35,268 - INFO - Asynchronous call: handle_reports
2025-11-06 14:52:35,448 - INFO - Asynchronous result handle_reports:
2025-11-06 14:52:35,449 - INFO - 0
2025-11-06 14:52:35,449 - INFO - Update id=657892979 is handled. Duration 182 ms by bot id=7868636837
2025-11-06 14:52:37,731 - INFO - Asynchronous call: handle_back_tap
2025-11-06 14:52:37,869 - INFO - Asynchronous result handle_back_tap:
2025-11-06 14:52:37,869 - INFO - 0
2025-11-06 14:52:37,869 - INFO - Update id=657892980 is handled. Duration 139 ms by bot id=7868636837
2025-11-06 14:52:39,328 - INFO - Asynchronous call: handle_settings
2025-11-06 14:52:39,462 - INFO - Asynchronous result handle_settings:
2025-11-06 14:52:39,462 - INFO - 0
2025-11-06 14:52:39,462 - INFO - Update id=657892981 is handled. Duration 138 ms by bot id=7868636837
2025-11-06 14:52:46,398 - INFO - Asynchronous call: handle_configuring_reports
2025-11-06 14:52:46,542 - INFO - Asynchronous result handle_configuring_reports:
2025-11-06 14:52:46,542 - INFO - 0
2025-11-06 14:52:46,542 - INFO - Update id=657892982 is handled. Duration 148 ms by bot id=7868636837
2025-11-06 14:52:56,704 - INFO - Asynchronous call: handle_period
2025-11-06 14:52:56,839 - INFO - Asynchronous result handle_period:
2025-11-06 14:52:56,840 - INFO - 0
2025-11-06 14:52:56,840 - INFO - Update id=657892983 is handled. Duration 140 ms by bot id=7868636837
2025-11-06 14:53:00,865 - INFO - Asynchronous call: handle_delete_period
2025-11-06 14:53:00,865 - INFO - Asynchronous call: wrapper
2025-11-06 14:53:00,866 - INFO - cache_company_periods_get: CACHE HIT (hit=13, miss=6, hit%=68.42)
2025-11-06 14:53:00,866 - INFO - Asynchronous result wrapper:
2025-11-06 14:53:00,866 - INFO - {'company_id': 12, 'periods': ['weekly']}
2025-11-06 14:53:00,984 - INFO - Asynchronous result handle_delete_period:
2025-11-06 14:53:00,984 - INFO - 0
2025-11-06 14:53:00,984 - INFO - Update id=657892984 is handled. Duration 123 ms by bot id=7868636837
2025-11-06 14:53:03,037 - INFO - Asynchronous call: handle_period_selection
2025-11-06 14:53:03,102 - INFO - Asynchronous call: wrapper
2025-11-06 14:53:03,103 - INFO - cache_company_periods_get: CACHE HIT (hit=14, miss=6, hit%=70.0)
2025-11-06 14:53:03,103 - INFO - Asynchronous result wrapper:
2025-11-06 14:53:03,103 - INFO - {'company_id': 12, 'periods': ['weekly']}
2025-11-06 14:53:03,103 - INFO - Synchronous call: remove_reminder
2025-11-06 14:53:03,103 - INFO - Removed job 12_weekly
2025-11-06 14:53:03,103 - INFO - Удалено weekly напоминание для компании 12
2025-11-06 14:53:03,103 - INFO - Synchronous result remove_reminder:
2025-11-06 14:53:03,103 - INFO - True
2025-11-06 14:53:03,103 - INFO - Asynchronous call: wrapper
2025-11-06 14:53:03,155 - INFO - Asynchronous result wrapper:
2025-11-06 14:53:03,155 - INFO - 12
2025-11-06 14:53:03,374 - INFO - Asynchronous result handle_period_selection:
2025-11-06 14:53:03,374 - INFO - 0
2025-11-06 14:53:03,374 - INFO - Update id=657892985 is handled. Duration 338 ms by bot id=7868636837
2025-11-06 14:53:07,598 - INFO - Asynchronous call: handle_configuring_reports
2025-11-06 14:53:07,847 - INFO - Asynchronous result handle_configuring_reports:
2025-11-06 14:53:07,847 - INFO - 0
2025-11-06 14:53:07,847 - INFO - Update id=657892986 is handled. Duration 253 ms by bot id=7868636837
2025-11-06 14:53:09,856 - INFO - Asynchronous call: handle_period
2025-11-06 14:53:10,181 - INFO - Asynchronous result handle_period:
2025-11-06 14:53:10,181 - INFO - 0
2025-11-06 14:53:10,181 - INFO - Update id=657892987 is handled. Duration 329 ms by bot id=7868636837
2025-11-06 14:53:28,350 - INFO - Asynchronous call: handle_make_period
2025-11-06 14:53:28,472 - INFO - Asynchronous result handle_make_period:
2025-11-06 14:53:28,473 - INFO - 0
2025-11-06 14:53:28,473 - INFO - Update id=657892988 is handled. Duration 126 ms by bot id=7868636837
2025-11-06 14:53:40,945 - INFO - Asynchronous call: handle_new_period_selection
2025-11-06 14:53:41,079 - INFO - Asynchronous call: wrapper
2025-11-06 14:53:41,084 - INFO - Asynchronous result wrapper:
2025-11-06 14:53:41,084 - INFO - 12
2025-11-06 14:53:41,231 - INFO - Asynchronous result handle_new_period_selection:
2025-11-06 14:53:41,231 - INFO - 0
2025-11-06 14:53:41,231 - INFO - Update id=657892989 is handled. Duration 291 ms by bot id=7868636837
2025-11-06 14:53:52,419 - INFO - Asynchronous call: handle_configuring_reports
2025-11-06 14:53:52,572 - INFO - Asynchronous result handle_configuring_reports:
2025-11-06 14:53:52,572 - INFO - 0
2025-11-06 14:53:52,572 - INFO - Update id=657892990 is handled. Duration 157 ms by bot id=7868636837
2025-11-06 14:53:59,330 - INFO - Asynchronous call: handle_athers_configuring
2025-11-06 14:53:59,481 - INFO - Asynchronous result handle_athers_configuring:
2025-11-06 14:53:59,481 - INFO - 0
2025-11-06 14:53:59,481 - INFO - Update id=657892991 is handled. Duration 154 ms by bot id=7868636837
2025-11-06 14:54:00,670 - INFO - Asynchronous call: handle_back_tap
2025-11-06 14:54:00,839 - INFO - Asynchronous result handle_back_tap:
2025-11-06 14:54:00,840 - INFO - 0
2025-11-06 14:54:00,840 - INFO - Update id=657892992 is handled. Duration 170 ms by bot id=7868636837
2025-11-06 14:54:01,992 - INFO - Asynchronous call: handle_athers_configuring
2025-11-06 14:54:02,372 - INFO - Asynchronous result handle_athers_configuring:
2025-11-06 14:54:02,372 - INFO - 0
2025-11-06 14:54:02,372 - INFO - Update id=657892993 is handled. Duration 383 ms by bot id=7868636837
2025-11-06 14:54:06,752 - INFO - Asynchronous call: handle_back_tap
2025-11-06 14:54:06,876 - INFO - Asynchronous result handle_back_tap:
2025-11-06 14:54:06,877 - INFO - 0
2025-11-06 14:54:06,877 - INFO - Update id=657892994 is handled. Duration 125 ms by bot id=7868636837
2025-11-06 14:58:32,507 - INFO - Asynchronous call: handle_back_tap
2025-11-06 14:58:32,750 - INFO - Asynchronous result handle_back_tap:
2025-11-06 14:58:32,750 - INFO - 0
2025-11-06 14:58:32,750 - INFO - Update id=657892995 is handled. Duration 243 ms by bot id=7868636837
2025-11-06 14:58:37,335 - INFO - Asynchronous call: handle_athers_configuring
2025-11-06 14:58:37,459 - INFO - Asynchronous result handle_athers_configuring:
2025-11-06 14:58:37,459 - INFO - 0
2025-11-06 14:58:37,459 - INFO - Update id=657892996 is handled. Duration 128 ms by bot id=7868636837
2025-11-06 14:58:39,774 - INFO - Asynchronous call: handle_edit_questionnaire
2025-11-06 14:58:39,774 - INFO - Asynchronous call: get_all_subordinates_with_details_query
2025-11-06 14:58:39,777 - INFO - Asynchronous result get_all_subordinates_with_details_query:
2025-11-06 14:58:39,777 - INFO - [{'username_tg': '@imishgen', 'full_name': 'Величко Михаил Павлович'}, {'username_tg': '@riftinink', 'full_name': 'Зулкашев Мурат Саматович'}, {'username_tg': '@madam_mayor', 'full_name': 'Кармалитова Екатерина Александровна'}, {'username_tg': '@kseni_laxx', 'full_name': 'Литвиненко Ксени Витальевна'}, {'username_tg': '@rin_rin16', 'full_name': 'Рынкевич Даниил Гелавич'}, {'username_tg': '@AlexandrTusikov', 'full_name': 'Тусиков Александр Александрович'}]
2025-11-06 14:58:40,237 - INFO - Asynchronous result handle_edit_questionnaire:
2025-11-06 14:58:40,237 - INFO - 0
2025-11-06 14:58:40,237 - INFO - Update id=657892997 is handled. Duration 464 ms by bot id=7868636837
2025-11-06 15:01:55,936 - DEBUG - Error handling request from 34.140.92.201
Traceback (most recent call last):
  File "/tmp/onefile_1_1762424938_355133/aiohttp/web_protocol.py", line 408, in data_received
  File "aiohttp/_http_parser.pyx", line 558, in aiohttp._http_parser.HttpParser.feed_data
aiohttp.http_exceptions.BadHttpMethod: 400, message:
  Invalid method encountered:

    b'\x16\x03\x01\x02'
      ^
2025-11-06 15:01:55,936 - INFO - 34.140.92.201 [06/Nov/2025:15:01:55 +0000] "UNKNOWN / HTTP/1.0" 400 219 "-" "-"
2025-11-06 15:05:00,476 - INFO - Asynchronous call: registrate_without_info_adding_user
2025-11-06 15:05:00,476 - INFO - Asynchronous call: cache_company_id_by_chat_wrapper
2025-11-06 15:05:00,476 - INFO - cache_company_by_chat: CACHE HIT (hit=10, miss=0, hit%=100.0)
2025-11-06 15:05:00,477 - INFO - Asynchronous result cache_company_id_by_chat_wrapper:
2025-11-06 15:05:00,477 - INFO - {'id': 14, 'name': 'Daily Chalenge'}
2025-11-06 15:05:00,477 - INFO - Asynchronous call: cache_new_user_without_info_wrapper
2025-11-06 15:05:00,528 - INFO - Update id=657892999 is not handled. Duration 3 ms by bot id=7868636837
2025-11-06 15:05:00,532 - INFO - cache_new_user_without_info: CACHE HIT (hit=10, miss=0, hit%=100.0)
2025-11-06 15:05:00,532 - INFO - Asynchronous result cache_new_user_without_info_wrapper:
2025-11-06 15:05:00,532 - INFO - 0
2025-11-06 15:05:00,659 - INFO - Asynchronous result registrate_without_info_adding_user:
2025-11-06 15:05:00,659 - INFO - 0
2025-11-06 15:05:00,659 - INFO - Update id=657892998 is handled. Duration 183 ms by bot id=7868636837
2025-11-06 15:05:14,730 - INFO - Asynchronous call: start
2025-11-06 15:05:14,730 - INFO - Asynchronous call: cache_registration_check_wrapper
2025-11-06 15:05:14,731 - INFO - cache_registration_check: CACHE HIT (hit=9, miss=3, hit%=75.0)
2025-11-06 15:05:14,731 - INFO - Asynchronous result cache_registration_check_wrapper:
2025-11-06 15:05:14,731 - INFO - worker
2025-11-06 15:05:14,884 - INFO - Asynchronous call: save_registration_invitation_message
2025-11-06 15:05:14,887 - INFO - Asynchronous result save_registration_invitation_message:
2025-11-06 15:05:14,887 - INFO - 0
2025-11-06 15:05:14,887 - INFO - Asynchronous result start:
2025-11-06 15:05:14,887 - INFO - 0
2025-11-06 15:05:14,887 - INFO - Update id=657893000 is handled. Duration 157 ms by bot id=7868636837
2025-11-06 15:06:05,378 - INFO - Asynchronous call: http_handle_worker_answers
2025-11-06 15:06:05,379 - INFO - Asynchronous call: messages_on_QA
2025-11-06 15:06:05,460 - INFO - Asynchronous call: save_registration_confirmation_messages_query
2025-11-06 15:06:05,463 - INFO - Asynchronous result save_registration_confirmation_messages_query:
2025-11-06 15:06:05,463 - INFO - None
2025-11-06 15:06:05,463 - INFO - Asynchronous call: get_registration_invitation_messages
2025-11-06 15:06:05,464 - INFO - Asynchronous result get_registration_invitation_messages:
2025-11-06 15:06:05,464 - INFO - [260]
2025-11-06 15:06:05,521 - INFO - Asynchronous call: delete_registration_invitation_messages
2025-11-06 15:06:05,523 - INFO - Asynchronous result delete_registration_invitation_messages:
2025-11-06 15:06:05,523 - INFO - 0
2025-11-06 15:06:05,604 - INFO - Asynchronous result messages_on_QA:
2025-11-06 15:06:05,605 - INFO - {'ok': True, 'sent_to_bosses': 1}
2025-11-06 15:06:05,605 - INFO - Asynchronous result http_handle_worker_answers:
2025-11-06 15:06:05,605 - INFO - <Response OK not prepared>
2025-11-06 15:06:05,605 - INFO - 109.69.21.24 [06/Nov/2025:15:06:05 +0000] "POST /handle_worker_answers HTTP/1.1" 200 172 "-" "python-httpx/0.28.1"
2025-11-06 15:06:12,595 - INFO - Asynchronous call: handle_registration_approve
2025-11-06 15:06:12,595 - INFO - Asynchronous call: handle_registration_approval
2025-11-06 15:06:12,595 - INFO - Asynchronous call: get_registration_confirmations_query
2025-11-06 15:06:12,597 - INFO - Asynchronous result get_registration_confirmations_query:
2025-11-06 15:06:12,597 - INFO - [{'boss_chat_id': 1231738294, 'message_id': 261}]
2025-11-06 15:06:12,597 - INFO - Asynchronous call: get_user_ids
2025-11-06 15:06:12,605 - INFO - Asynchronous result get_user_ids:
2025-11-06 15:06:12,605 - INFO - [8030380936]
2025-11-06 15:06:12,605 - INFO - Asynchronous call: register_user_in_db
2025-11-06 15:06:12,605 - INFO - Asynchronous call: get_user_answers_query
2025-11-06 15:06:12,607 - INFO - Asynchronous result get_user_answers_query:
2025-11-06 15:06:12,607 - INFO - {"1": ["@svya70slav"], "2": "Антон", "3": "Моисеев", "4": "Октаевич", "5": "Москва", "6": "Файндер", "7": "менеджер operAI"}
2025-11-06 15:06:12,607 - INFO - Asynchronous call: cache_active_user_wrapper
2025-11-06 15:06:12,609 - INFO - Asynchronous result cache_active_user_wrapper:
2025-11-06 15:06:12,609 - INFO - None
2025-11-06 15:06:12,609 - INFO - Asynchronous call: init_bosses_query
2025-11-06 15:06:12,610 - INFO - Asynchronous call: fetch_worker_ids_by_usernames
2025-11-06 15:06:12,610 - INFO - Asynchronous call: fetch_worker_ids_by_usernames
2025-11-06 15:06:12,611 - INFO - Asynchronous result fetch_worker_ids_by_usernames:
2025-11-06 15:06:12,611 - INFO - ([27], [])
2025-11-06 15:06:12,636 - INFO - Asynchronous result fetch_worker_ids_by_usernames:
2025-11-06 15:06:12,636 - INFO - ([26], [])
2025-11-06 15:06:12,686 - INFO - Asynchronous result init_bosses_query:
2025-11-06 15:06:12,686 - INFO - []
2025-11-06 15:06:12,686 - INFO - Asynchronous call: save_answers_by_username_query
2025-11-06 15:06:12,688 - INFO - Asynchronous result save_answers_by_username_query:
2025-11-06 15:06:12,688 - INFO - 1
2025-11-06 15:06:12,688 - INFO - Asynchronous result register_user_in_db:
2025-11-06 15:06:12,688 - INFO - 0
2025-11-06 15:06:13,170 - INFO - Asynchronous call: delete_registration_confirmations_query
2025-11-06 15:06:13,173 - INFO - Asynchronous result delete_registration_confirmations_query:
2025-11-06 15:06:13,173 - INFO - None
2025-11-06 15:06:13,293 - INFO - Asynchronous result handle_registration_approval:
2025-11-06 15:06:13,293 - INFO - 0
2025-11-06 15:06:13,293 - INFO - Asynchronous result handle_registration_approve:
2025-11-06 15:06:13,293 - INFO - 0
2025-11-06 15:06:13,293 - INFO - Update id=657893001 is handled. Duration 699 ms by bot id=7868636837
2025-11-06 15:06:21,333 - INFO - Asynchronous call: handle_meets
2025-11-06 15:06:21,639 - INFO - Asynchronous result handle_meets:
2025-11-06 15:06:21,639 - INFO - 0
2025-11-06 15:06:21,639 - INFO - Update id=657893002 is handled. Duration 309 ms by bot id=7868636837
2025-11-06 15:07:42,774 - INFO - Update id=657893003 is not handled. Duration 2 ms by bot id=7868636837
2025-11-06 15:08:29,453 - INFO - Update id=657893004 is not handled. Duration 2 ms by bot id=7868636837
2025-11-06 15:08:37,619 - INFO - Update id=657893005 is not handled. Duration 1 ms by bot id=7868636837
2025-11-06 15:08:42,791 - INFO - Asynchronous call: registrate_without_info_adding_user
2025-11-06 15:08:42,791 - INFO - Asynchronous call: cache_company_id_by_chat_wrapper
2025-11-06 15:08:42,791 - INFO - cache_company_by_chat: CACHE HIT (hit=11, miss=0, hit%=100.0)
2025-11-06 15:08:42,791 - INFO - Asynchronous result cache_company_id_by_chat_wrapper:
2025-11-06 15:08:42,791 - INFO - {'id': 14, 'name': 'Daily Chalenge'}
2025-11-06 15:08:42,791 - INFO - Asynchronous call: cache_new_user_without_info_wrapper
2025-11-06 15:08:42,796 - INFO - cache_new_user_without_info: CACHE HIT (hit=11, miss=0, hit%=100.0)
2025-11-06 15:08:42,796 - INFO - Asynchronous result cache_new_user_without_info_wrapper:
2025-11-06 15:08:42,796 - INFO - 0
2025-11-06 15:08:42,823 - INFO - Update id=657893007 is not handled. Duration 2 ms by bot id=7868636837
2025-11-06 15:08:42,878 - INFO - Asynchronous result registrate_without_info_adding_user:
2025-11-06 15:08:42,879 - INFO - 0
2025-11-06 15:08:42,879 - INFO - Update id=657893006 is handled. Duration 88 ms by bot id=7868636837
2025-11-06 15:08:51,840 - INFO - Update id=657893008 is not handled. Duration 2 ms by bot id=7868636837
2025-11-06 15:09:17,710 - INFO - Update id=657893009 is not handled. Duration 2 ms by bot id=7868636837
2025-11-06 15:09:43,972 - INFO - Update id=657893010 is not handled. Duration 2 ms by bot id=7868636837
2025-11-06 15:10:22,207 - INFO - Asynchronous call: registrate_without_info_adding_user
2025-11-06 15:10:22,207 - INFO - Asynchronous call: cache_company_id_by_chat_wrapper
2025-11-06 15:10:22,207 - INFO - cache_company_by_chat: CACHE HIT (hit=12, miss=0, hit%=100.0)
2025-11-06 15:10:22,207 - INFO - Asynchronous result cache_company_id_by_chat_wrapper:
2025-11-06 15:10:22,207 - INFO - {'id': 14, 'name': 'Daily Chalenge'}
2025-11-06 15:10:22,207 - INFO - Asynchronous call: cache_new_user_without_info_wrapper
2025-11-06 15:10:22,209 - INFO - Asynchronous execution error cache_new_user_without_info_wrapper:
2025-11-06 15:10:22,209 - INFO - duplicate key value violates unique constraint "workers_username_tg_key"
2025-11-06 15:10:22,209 - INFO - DETAIL:  Key (username_tg)=(@AlexandrTusikov) already exists.
2025-11-06 15:10:22,235 - INFO - Update id=657893012 is not handled. Duration 1 ms by bot id=7868636837
2025-11-06 15:10:22,300 - INFO - Asynchronous result registrate_without_info_adding_user:
2025-11-06 15:10:22,300 - INFO - 0
2025-11-06 15:10:22,300 - INFO - Update id=657893011 is handled. Duration 93 ms by bot id=7868636837
2025-11-06 15:11:01,546 - DEBUG - Error handling request from 162.244.82.179
Traceback (most recent call last):
  File "/tmp/onefile_1_1762424938_355133/aiohttp/web_protocol.py", line 408, in data_received
  File "aiohttp/_http_parser.pyx", line 558, in aiohttp._http_parser.HttpParser.feed_data
aiohttp.http_exceptions.BadHttpMethod: 400, message:
  Invalid method encountered:

    b'\x16\x03\x01\x02'
      ^
2025-11-06 15:11:01,547 - INFO - 162.244.82.179 [06/Nov/2025:15:11:01 +0000] "UNKNOWN / HTTP/1.0" 400 219 "-" "-"
2025-11-06 15:11:34,760 - INFO - Update id=657893013 is not handled. Duration 2 ms by bot id=7868636837
2025-11-06 15:12:57,315 - INFO - Update id=657893014 is not handled. Duration 2 ms by bot id=7868636837
2025-11-06 15:13:32,693 - INFO - Asynchronous call: handle_back_tap
2025-11-06 15:13:32,842 - INFO - Asynchronous result handle_back_tap:
2025-11-06 15:13:32,842 - INFO - 0
2025-11-06 15:13:32,843 - INFO - Update id=657893015 is handled. Duration 149 ms by bot id=7868636837
2025-11-06 15:13:34,413 - INFO - Asynchronous call: handle_reports
2025-11-06 15:13:34,588 - INFO - Asynchronous result handle_reports:
2025-11-06 15:13:34,588 - INFO - 0
2025-11-06 15:13:34,588 - INFO - Update id=657893016 is handled. Duration 176 ms by bot id=7868636837
2025-11-06 15:13:39,497 - INFO - Asynchronous call: handle_back_tap
2025-11-06 15:13:39,635 - INFO - Asynchronous result handle_back_tap:
2025-11-06 15:13:39,635 - INFO - 0
2025-11-06 15:13:39,635 - INFO - Update id=657893017 is handled. Duration 138 ms by bot id=7868636837
2025-11-06 15:42:13,926 - INFO - Asynchronous call: handle_meets
2025-11-06 15:42:14,072 - INFO - Asynchronous result handle_meets:
2025-11-06 15:42:14,072 - INFO - 0
2025-11-06 15:42:14,072 - INFO - Update id=657893018 is handled. Duration 149 ms by bot id=7868636837
2025-11-06 15:46:36,265 - INFO - Asynchronous call: http_create_meeting
2025-11-06 15:46:36,265 - INFO - Asynchronous call: handle_create_meeting_from_server
2025-11-06 15:46:36,265 - INFO - Asynchronous call: meetings_insert_query
2025-11-06 15:46:36,318 - INFO - Asynchronous result meetings_insert_query:
2025-11-06 15:46:36,319 - INFO - {'meeting_id': 3, 'recipients': [{'participant_id': 27, 'tg_id': 8030380936}]}
2025-11-06 15:46:36,558 - INFO - Asynchronous call: meetings_set_invite_msg_ids_query
2025-11-06 15:46:36,569 - INFO - Asynchronous result meetings_set_invite_msg_ids_query:
2025-11-06 15:46:36,569 - INFO - 1
2025-11-06 15:46:36,569 - INFO - Asynchronous result handle_create_meeting_from_server:
2025-11-06 15:46:36,569 - INFO - {'ok': True, 'sent': 1, 'meeting_id': 3}
2025-11-06 15:46:36,569 - INFO - Asynchronous result http_create_meeting:
2025-11-06 15:46:36,569 - INFO - <Response OK not prepared>
2025-11-06 15:46:36,570 - INFO - 109.69.21.24 [06/Nov/2025:15:46:36 +0000] "POST /create_meeting HTTP/1.1" 200 200 "-" "python-httpx/0.28.1"
2025-11-06 15:46:59,797 - INFO - Asynchronous call: handle_back_tap
2025-11-06 15:46:59,928 - INFO - Asynchronous result handle_back_tap:
2025-11-06 15:46:59,928 - INFO - 0
2025-11-06 15:46:59,928 - INFO - Update id=657893019 is handled. Duration 132 ms by bot id=7868636837
2025-11-06 15:47:03,701 - INFO - Asynchronous call: handle_reports
2025-11-06 15:47:03,885 - INFO - Asynchronous result handle_reports:
2025-11-06 15:47:03,885 - INFO - 0
2025-11-06 15:47:03,885 - INFO - Update id=657893020 is handled. Duration 186 ms by bot id=7868636837
2025-11-06 15:47:08,617 - INFO - Asynchronous call: handle_back_tap
2025-11-06 15:47:08,831 - INFO - Asynchronous result handle_back_tap:
2025-11-06 15:47:08,831 - INFO - 0
2025-11-06 15:47:08,831 - INFO - Update id=657893021 is handled. Duration 214 ms by bot id=7868636837
2025-11-06 15:47:27,591 - DEBUG - Error handling request from 162.244.82.179
Traceback (most recent call last):
  File "/tmp/onefile_1_1762424938_355133/aiohttp/web_protocol.py", line 408, in data_received
  File "aiohttp/_http_parser.pyx", line 558, in aiohttp._http_parser.HttpParser.feed_data
aiohttp.http_exceptions.BadHttpMethod: 400, message:
  Invalid method encountered:

    b'\x16\x03\x01\x02'
      ^
2025-11-06 15:47:27,592 - INFO - 162.244.82.179 [06/Nov/2025:15:47:27 +0000] "UNKNOWN / HTTP/1.0" 400 219 "-" "-"
2025-11-06 15:51:40,791 - INFO - Update id=657893022 is not handled. Duration 2 ms by bot id=7868636837
2025-11-06 15:56:34,722 - DEBUG - Error handling request from 185.180.140.111
Traceback (most recent call last):
  File "/tmp/onefile_1_1762424938_355133/aiohttp/web_protocol.py", line 408, in data_received
  File "aiohttp/_http_parser.pyx", line 558, in aiohttp._http_parser.HttpParser.feed_data
aiohttp.http_exceptions.BadHttpMethod: 400, message:
  Invalid method encountered:

    b'\x16\x03\x01'
      ^
2025-11-06 15:56:34,723 - INFO - 185.180.140.111 [06/Nov/2025:15:56:34 +0000] "UNKNOWN / HTTP/1.0" 400 215 "-" "-"
2025-11-06 15:57:46,753 - INFO - Update id=657893023 is not handled. Duration 2 ms by bot id=7868636837
2025-11-06 15:58:25,591 - INFO - Update id=657893024 is not handled. Duration 2 ms by bot id=7868636837
2025-11-06 15:58:45,798 - INFO - Update id=657893025 is not handled. Duration 2 ms by bot id=7868636837
2025-11-06 16:00:26,069 - INFO - Update id=657893026 is not handled. Duration 3 ms by bot id=7868636837
2025-11-06 16:12:12,823 - DEBUG - Error handling request from 82.158.88.158
Traceback (most recent call last):
  File "/tmp/onefile_1_1762424938_355133/aiohttp/web_protocol.py", line 408, in data_received
  File "aiohttp/_http_parser.pyx", line 558, in aiohttp._http_parser.HttpParser.feed_data
aiohttp.http_exceptions.BadHttpMethod: 400, message:
  Invalid method encountered:

    b'\x16\x03\x01'
      ^
2025-11-06 16:12:12,824 - INFO - 82.158.88.158 [06/Nov/2025:16:12:12 +0000] "UNKNOWN / HTTP/1.0" 400 215 "-" "-"
2025-11-06 16:17:32,394 - DEBUG - Error handling request from 45.156.128.130
Traceback (most recent call last):
  File "/tmp/onefile_1_1762424938_355133/aiohttp/web_protocol.py", line 408, in data_received
  File "aiohttp/_http_parser.pyx", line 558, in aiohttp._http_parser.HttpParser.feed_data
aiohttp.http_exceptions.BadHttpMethod: 400, message:
  Invalid method encountered:

    b'\x16\x03\x01'
      ^
2025-11-06 16:17:32,394 - INFO - 45.156.128.130 [06/Nov/2025:16:17:32 +0000] "UNKNOWN / HTTP/1.0" 400 215 "-" "-"
2025-11-06 16:24:34,886 - DEBUG - Error handling request from 162.244.82.179
Traceback (most recent call last):
  File "/tmp/onefile_1_1762424938_355133/aiohttp/web_protocol.py", line 408, in data_received
  File "aiohttp/_http_parser.pyx", line 558, in aiohttp._http_parser.HttpParser.feed_data
aiohttp.http_exceptions.BadHttpMethod: 400, message:
  Invalid method encountered:

    b'\x16\x03\x01\x02'
      ^
2025-11-06 16:24:34,887 - INFO - 162.244.82.179 [06/Nov/2025:16:24:34 +0000] "UNKNOWN / HTTP/1.0" 400 219 "-" "-"
2025-11-06 16:39:55,409 - DEBUG - Error handling request from 106.54.192.144
Traceback (most recent call last):
  File "/tmp/onefile_1_1762424938_355133/aiohttp/web_protocol.py", line 408, in data_received
  File "aiohttp/_http_parser.pyx", line 558, in aiohttp._http_parser.HttpParser.feed_data
aiohttp.http_exceptions.BadHttpMethod: 400, message:
  Invalid method encountered:

    b'\x16\x03\x01'
      ^
2025-11-06 16:39:55,409 - INFO - 106.54.192.144 [06/Nov/2025:16:39:55 +0000] "UNKNOWN / HTTP/1.0" 400 215 "-" "-"
2025-11-06 16:51:25,759 - DEBUG - Error handling request from 207.154.218.181
Traceback (most recent call last):
  File "/tmp/onefile_1_1762424938_355133/aiohttp/web_protocol.py", line 408, in data_received
  File "aiohttp/_http_parser.pyx", line 558, in aiohttp._http_parser.HttpParser.feed_data
aiohttp.http_exceptions.BadHttpMethod: 400, message:
  Invalid method encountered:

    b'\x16\x03\x01'
      ^
2025-11-06 16:51:25,759 - INFO - 207.154.218.181 [06/Nov/2025:16:51:25 +0000] "UNKNOWN / HTTP/1.0" 400 215 "-" "-"
2025-11-06 17:05:27,303 - DEBUG - Error handling request from 193.46.255.83
Traceback (most recent call last):
  File "/tmp/onefile_1_1762424938_355133/aiohttp/web_protocol.py", line 408, in data_received
  File "aiohttp/_http_parser.pyx", line 558, in aiohttp._http_parser.HttpParser.feed_data
aiohttp.http_exceptions.BadHttpMethod: 400, message:
  Invalid method encountered:

    b'\x16\x03\x01'
      ^
2025-11-06 17:05:27,303 - INFO - 193.46.255.83 [06/Nov/2025:17:05:27 +0000] "UNKNOWN / HTTP/1.0" 400 215 "-" "-"
2025-11-06 17:16:11,389 - INFO - Asynchronous call: handle_athers_configuring
2025-11-06 17:16:11,525 - INFO - Asynchronous result handle_athers_configuring:
2025-11-06 17:16:11,526 - INFO - 0
2025-11-06 17:16:11,526 - INFO - Update id=657893027 is handled. Duration 140 ms by bot id=7868636837
2025-11-06 17:16:12,419 - INFO - Asynchronous call: handle_edit_questionnaire
2025-11-06 17:16:12,419 - INFO - Asynchronous call: get_all_subordinates_with_details_query
2025-11-06 17:16:12,468 - INFO - Asynchronous result get_all_subordinates_with_details_query:
2025-11-06 17:16:12,468 - INFO - [{'username_tg': '@imishgen', 'full_name': 'Величко Михаил Павлович'}, {'username_tg': '@riftinink', 'full_name': 'Зулкашев Мурат Саматович'}, {'username_tg': '@madam_mayor', 'full_name': 'Кармалитова Екатерина Александровна'}, {'username_tg': '@kseni_laxx', 'full_name': 'Литвиненко Ксени Витальевна'}, {'username_tg': '@rin_rin16', 'full_name': 'Рынкевич Даниил Гелавич'}, {'username_tg': '@AlexandrTusikov', 'full_name': 'Тусиков Александр Александрович'}]
2025-11-06 17:16:12,746 - INFO - Asynchronous result handle_edit_questionnaire:
2025-11-06 17:16:12,746 - INFO - 0
2025-11-06 17:16:12,747 - INFO - Update id=657893028 is handled. Duration 328 ms by bot id=7868636837
2025-11-06 17:16:16,490 - INFO - Asynchronous call: handle_back_tap
2025-11-06 17:16:16,659 - INFO - Asynchronous result handle_back_tap:
2025-11-06 17:16:16,659 - INFO - 0
2025-11-06 17:16:16,660 - INFO - Update id=657893029 is handled. Duration 169 ms by bot id=7868636837
2025-11-06 17:26:53,307 - DEBUG - Error handling request from 64.225.0.187
Traceback (most recent call last):
  File "/tmp/onefile_1_1762424938_355133/aiohttp/web_protocol.py", line 408, in data_received
  File "aiohttp/_http_parser.pyx", line 558, in aiohttp._http_parser.HttpParser.feed_data
aiohttp.http_exceptions.BadHttpMethod: 400, message:
  Invalid method encountered:

    b'\x16\x03\x01'
      ^
2025-11-06 17:26:53,307 - INFO - 64.225.0.187 [06/Nov/2025:17:26:53 +0000] "UNKNOWN / HTTP/1.0" 400 215 "-" "-"
2025-11-06 17:26:53,940 - DEBUG - Error handling request from 64.225.0.187
Traceback (most recent call last):
  File "/tmp/onefile_1_1762424938_355133/aiohttp/web_protocol.py", line 408, in data_received
  File "aiohttp/_http_parser.pyx", line 558, in aiohttp._http_parser.HttpParser.feed_data
aiohttp.http_exceptions.BadHttpMethod: 400, message:
  Invalid method encountered:

    b'\x16\x03\x01'
      ^
2025-11-06 17:26:53,940 - INFO - 64.225.0.187 [06/Nov/2025:17:26:53 +0000] "UNKNOWN / HTTP/1.0" 400 215 "-" "-"
2025-11-06 17:26:54,458 - DEBUG - Error handling request from 64.225.0.187
Traceback (most recent call last):
  File "/tmp/onefile_1_1762424938_355133/aiohttp/web_protocol.py", line 408, in data_received
  File "aiohttp/_http_parser.pyx", line 558, in aiohttp._http_parser.HttpParser.feed_data
aiohttp.http_exceptions.BadHttpMethod: 400, message:
  Invalid method encountered:

    b'\x16\x03\x01'
      ^
2025-11-06 17:26:54,458 - INFO - 64.225.0.187 [06/Nov/2025:17:26:54 +0000] "UNKNOWN / HTTP/1.0" 400 215 "-" "-"
2025-11-06 17:30:18,046 - INFO - 185.12.59.118 [06/Nov/2025:17:30:18 +0000] "GET / HTTP/1.1" 404 175 "-" "Mozilla/5.0 (Windows NT 10.0; Win64; x64; rv:132.0) Gecko/20100101 Firefox/132.0"
2025-11-06 17:39:33,416 - DEBUG - Error handling request from 162.244.82.179
Traceback (most recent call last):
  File "/tmp/onefile_1_1762424938_355133/aiohttp/web_protocol.py", line 408, in data_received
  File "aiohttp/_http_parser.pyx", line 558, in aiohttp._http_parser.HttpParser.feed_data
aiohttp.http_exceptions.BadHttpMethod: 400, message:
  Invalid method encountered:

    b'\x16\x03\x01\x02'
      ^
2025-11-06 17:39:33,417 - INFO - 162.244.82.179 [06/Nov/2025:17:39:33 +0000] "UNKNOWN / HTTP/1.0" 400 219 "-" "-"
2025-11-06 17:44:56,692 - DEBUG - Error handling request from 51.158.54.10
Traceback (most recent call last):
  File "/tmp/onefile_1_1762424938_355133/aiohttp/web_protocol.py", line 408, in data_received
  File "aiohttp/_http_parser.pyx", line 558, in aiohttp._http_parser.HttpParser.feed_data
aiohttp.http_exceptions.BadHttpMethod: 400, message:
  Invalid method encountered:

    b'\x16\x03\x01\x01\xaa\x01'
      ^
2025-11-06 17:44:56,692 - INFO - 51.158.54.10 [06/Nov/2025:17:44:56 +0000] "UNKNOWN / HTTP/1.0" 400 227 "-" "-"
2025-11-06 17:48:13,528 - DEBUG - Error handling request from 40.124.184.27
Traceback (most recent call last):
  File "/tmp/onefile_1_1762424938_355133/aiohttp/web_protocol.py", line 408, in data_received
  File "aiohttp/_http_parser.pyx", line 558, in aiohttp._http_parser.HttpParser.feed_data
aiohttp.http_exceptions.BadHttpMethod: 400, message:
  Invalid method encountered:

    b'\x16\x03\x01'
      ^
2025-11-06 17:48:13,529 - INFO - 40.124.184.27 [06/Nov/2025:17:48:13 +0000] "UNKNOWN / HTTP/1.0" 400 215 "-" "-"
2025-11-06 18:00:03,138 - DEBUG - Error handling request from 45.156.128.126
Traceback (most recent call last):
  File "/tmp/onefile_1_1762424938_355133/aiohttp/web_protocol.py", line 408, in data_received
  File "aiohttp/_http_parser.pyx", line 558, in aiohttp._http_parser.HttpParser.feed_data
aiohttp.http_exceptions.BadHttpMethod: 400, message:
  Invalid method encountered:

    b'\x16\x03\x01'
      ^
2025-11-06 18:00:03,138 - INFO - 45.156.128.126 [06/Nov/2025:18:00:03 +0000] "UNKNOWN / HTTP/1.0" 400 215 "-" "-"
2025-11-06 18:05:09,929 - DEBUG - Error handling request from 164.92.249.25
Traceback (most recent call last):
  File "/tmp/onefile_1_1762424938_355133/aiohttp/web_protocol.py", line 408, in data_received
  File "aiohttp/_http_parser.pyx", line 558, in aiohttp._http_parser.HttpParser.feed_data
aiohttp.http_exceptions.BadHttpMethod: 400, message:
  Invalid method encountered:

    b'\x16\x03\x01'
      ^
2025-11-06 18:05:09,929 - INFO - 164.92.249.25 [06/Nov/2025:18:05:09 +0000] "UNKNOWN / HTTP/1.0" 400 215 "-" "-"
2025-11-06 18:05:10,102 - DEBUG - Error handling request from 164.92.249.25
Traceback (most recent call last):
  File "/tmp/onefile_1_1762424938_355133/aiohttp/web_protocol.py", line 408, in data_received
  File "aiohttp/_http_parser.pyx", line 558, in aiohttp._http_parser.HttpParser.feed_data
aiohttp.http_exceptions.BadHttpMethod: 400, message:
  Invalid method encountered:

    b'\x16\x03\x01'
      ^
2025-11-06 18:05:10,103 - INFO - 164.92.249.25 [06/Nov/2025:18:05:10 +0000] "UNKNOWN / HTTP/1.0" 400 215 "-" "-"
2025-11-06 18:05:10,258 - DEBUG - Error handling request from 164.92.249.25
Traceback (most recent call last):
  File "/tmp/onefile_1_1762424938_355133/aiohttp/web_protocol.py", line 408, in data_received
  File "aiohttp/_http_parser.pyx", line 558, in aiohttp._http_parser.HttpParser.feed_data
aiohttp.http_exceptions.BadHttpMethod: 400, message:
  Invalid method encountered:

    b'\x16\x03\x01'
      ^
2025-11-06 18:05:10,259 - INFO - 164.92.249.25 [06/Nov/2025:18:05:10 +0000] "UNKNOWN / HTTP/1.0" 400 215 "-" "-"
2025-11-06 18:05:10,429 - DEBUG - Error handling request from 164.92.249.25
Traceback (most recent call last):
  File "/tmp/onefile_1_1762424938_355133/aiohttp/web_protocol.py", line 408, in data_received
  File "aiohttp/_http_parser.pyx", line 558, in aiohttp._http_parser.HttpParser.feed_data
aiohttp.http_exceptions.BadHttpMethod: 400, message:
  Invalid method encountered:

    b'\x16\x03\x01'
      ^
2025-11-06 18:05:10,429 - INFO - 164.92.249.25 [06/Nov/2025:18:05:10 +0000] "UNKNOWN / HTTP/1.0" 400 215 "-" "-"
2025-11-06 18:06:05,043 - DEBUG - Error handling request from 51.158.54.10
Traceback (most recent call last):
  File "/tmp/onefile_1_1762424938_355133/aiohttp/web_protocol.py", line 408, in data_received
  File "aiohttp/_http_parser.pyx", line 558, in aiohttp._http_parser.HttpParser.feed_data
aiohttp.http_exceptions.BadHttpMethod: 400, message:
  Invalid method encountered:

    b'\x16\x03\x01'
      ^
2025-11-06 18:06:05,044 - INFO - 51.158.54.10 [06/Nov/2025:18:06:05 +0000] "UNKNOWN / HTTP/1.0" 400 215 "-" "-"
2025-11-06 18:08:44,303 - DEBUG - Error handling request from 193.142.147.209
Traceback (most recent call last):
  File "/tmp/onefile_1_1762424938_355133/aiohttp/web_protocol.py", line 408, in data_received
  File "aiohttp/_http_parser.pyx", line 558, in aiohttp._http_parser.HttpParser.feed_data
aiohttp.http_exceptions.BadHttpMethod: 400, message:
  Invalid method encountered:

    b'\x16\x03\x01'
      ^
2025-11-06 18:08:44,304 - INFO - 193.142.147.209 [06/Nov/2025:18:08:44 +0000] "UNKNOWN / HTTP/1.0" 400 215 "-" "-"
2025-11-06 18:16:04,578 - INFO - 185.242.226.16 [06/Nov/2025:18:16:04 +0000] "GET / HTTP/1.1" 404 175 "-" "Mozilla/5.0 (Windows NT 10.0; Win64; x64) AppleWebKit/537.36 (KHTML, like Gecko) Chrome/88.0.4324.190 Safari/537.36"
2025-11-06 18:23:56,580 - DEBUG - Error handling request from 198.235.24.106
Traceback (most recent call last):
  File "/tmp/onefile_1_1762424938_355133/aiohttp/web_protocol.py", line 408, in data_received
  File "aiohttp/_http_parser.pyx", line 558, in aiohttp._http_parser.HttpParser.feed_data
aiohttp.http_exceptions.BadHttpMethod: 400, message:
  Invalid method encountered:

    b'\x16\x03\x02\x01o\x01'
      ^
2025-11-06 18:23:56,580 - INFO - 198.235.24.106 [06/Nov/2025:18:23:56 +0000] "UNKNOWN / HTTP/1.0" 400 224 "-" "-"
2025-11-06 18:37:39,865 - DEBUG - Error handling request from 45.86.153.232
Traceback (most recent call last):
  File "/tmp/onefile_1_1762424938_355133/aiohttp/web_protocol.py", line 408, in data_received
  File "aiohttp/_http_parser.pyx", line 558, in aiohttp._http_parser.HttpParser.feed_data
aiohttp.http_exceptions.BadHttpMethod: 400, message:
  Invalid method encountered:

    b'\x16\x03\x01'
      ^
2025-11-06 18:37:39,865 - INFO - 45.86.153.232 [06/Nov/2025:18:37:39 +0000] "UNKNOWN / HTTP/1.0" 400 215 "-" "-"
2025-11-06 18:51:46,931 - INFO - Asynchronous call: handle_meet_accept
2025-11-06 18:51:46,931 - INFO - Asynchronous call: meetings_record_response_query
2025-11-06 18:51:47,024 - INFO - Asynchronous result meetings_record_response_query:
2025-11-06 18:51:47,024 - INFO - {'responder_tg': 8030380936, 'creator_tg': 1231738294, 'topic': 'Тестовое создание встречи', 'date_meet': '2025-11-07', 'time_meet': '13:00:00', 'link': 'https://telemost.yandex.ru/j/66730475432814'}
2025-11-06 18:51:47,387 - INFO - Asynchronous result handle_meet_accept:
2025-11-06 18:51:47,387 - INFO - 0
2025-11-06 18:51:47,387 - INFO - Update id=657893030 is handled. Duration 460 ms by bot id=7868636837
2025-11-06 18:52:04,943 - INFO - Update id=657893031 is not handled. Duration 2 ms by bot id=7868636837
2025-11-06 19:03:53,276 - INFO - Update id=657893032 is not handled. Duration 2 ms by bot id=7868636837
2025-11-06 19:04:01,361 - INFO - Update id=657893033 is not handled. Duration 0 ms by bot id=7868636837
2025-11-06 19:07:39,825 - INFO - Update id=657893034 is not handled. Duration 2 ms by bot id=7868636837
2025-11-06 19:08:56,515 - INFO - Update id=657893035 is not handled. Duration 2 ms by bot id=7868636837
2025-11-06 19:13:32,858 - INFO - Asynchronous call: handle_abstract
2025-11-06 19:13:32,974 - INFO - Asynchronous result handle_abstract:
2025-11-06 19:13:32,974 - INFO - 0
2025-11-06 19:13:32,974 - INFO - Update id=657893036 is handled. Duration 118 ms by bot id=7868636837
2025-11-06 19:13:37,311 - INFO - Asynchronous call: handle_back_tap
2025-11-06 19:13:37,496 - INFO - Asynchronous result handle_back_tap:
2025-11-06 19:13:37,497 - INFO - 0
2025-11-06 19:13:37,497 - INFO - Update id=657893037 is handled. Duration 186 ms by bot id=7868636837
2025-11-06 19:13:42,631 - INFO - Asynchronous call: handle_reports
2025-11-06 19:13:42,767 - INFO - Asynchronous result handle_reports:
2025-11-06 19:13:42,767 - INFO - 0
2025-11-06 19:13:42,768 - INFO - Update id=657893038 is handled. Duration 138 ms by bot id=7868636837
2025-11-06 19:13:54,927 - INFO - Asynchronous call: handle_archive
2025-11-06 19:13:55,090 - INFO - Asynchronous result handle_archive:
2025-11-06 19:13:55,090 - INFO - 0
2025-11-06 19:13:55,091 - INFO - Update id=657893039 is handled. Duration 166 ms by bot id=7868636837
2025-11-06 19:13:59,026 - INFO - Asynchronous call: handle_archive
2025-11-06 19:13:59,026 - INFO - Asynchronous call: wrapper
2025-11-06 19:13:59,111 - INFO - cache_company_periods_get: CACHE MISS (hit=14, miss=7, hit%=66.67)
2025-11-06 19:13:59,111 - INFO - Asynchronous result wrapper:
2025-11-06 19:13:59,111 - INFO - None
2025-11-06 19:13:59,273 - INFO - Asynchronous result handle_archive:
2025-11-06 19:13:59,273 - INFO - 0
2025-11-06 19:13:59,273 - INFO - Update id=657893040 is handled. Duration 248 ms by bot id=7868636837
2025-11-06 19:28:18,424 - DEBUG - Error handling request from 162.244.82.179
Traceback (most recent call last):
  File "/tmp/onefile_1_1762424938_355133/aiohttp/web_protocol.py", line 408, in data_received
  File "aiohttp/_http_parser.pyx", line 558, in aiohttp._http_parser.HttpParser.feed_data
aiohttp.http_exceptions.BadHttpMethod: 400, message:
  Invalid method encountered:

    b'\x16\x03\x01\x02'
      ^
2025-11-06 19:28:18,425 - INFO - 162.244.82.179 [06/Nov/2025:19:28:18 +0000] "UNKNOWN / HTTP/1.0" 400 219 "-" "-"
2025-11-06 19:53:27,479 - DEBUG - Error handling request from 20.65.193.201
Traceback (most recent call last):
  File "/tmp/onefile_1_1762424938_355133/aiohttp/web_protocol.py", line 408, in data_received
  File "aiohttp/_http_parser.pyx", line 558, in aiohttp._http_parser.HttpParser.feed_data
aiohttp.http_exceptions.BadHttpMethod: 400, message:
  Invalid method encountered:

    b'\x16\x03\x03\x01\xa6\x01'
      ^
2025-11-06 19:53:27,479 - INFO - 20.65.193.201 [06/Nov/2025:19:53:27 +0000] "UNKNOWN / HTTP/1.0" 400 227 "-" "-"
2025-11-06 19:53:27,783 - DEBUG - Error handling request from 20.65.193.201
Traceback (most recent call last):
  File "/tmp/onefile_1_1762424938_355133/aiohttp/web_protocol.py", line 408, in data_received
  File "aiohttp/_http_parser.pyx", line 558, in aiohttp._http_parser.HttpParser.feed_data
aiohttp.http_exceptions.BadHttpMethod: 400, message:
  Invalid method encountered:

    b'\x16\x03\x03\x01\xa6\x01'
      ^
2025-11-06 19:53:27,783 - INFO - 20.65.193.201 [06/Nov/2025:19:53:27 +0000] "UNKNOWN / HTTP/1.0" 400 227 "-" "-"
2025-11-06 19:53:28,091 - DEBUG - Error handling request from 20.65.193.201
Traceback (most recent call last):
  File "/tmp/onefile_1_1762424938_355133/aiohttp/web_protocol.py", line 408, in data_received
  File "aiohttp/_http_parser.pyx", line 558, in aiohttp._http_parser.HttpParser.feed_data
aiohttp.http_exceptions.BadHttpMethod: 400, message:
  Invalid method encountered:

    b'\x16\x03\x03\x01W\x01'
      ^
2025-11-06 19:53:28,092 - INFO - 20.65.193.201 [06/Nov/2025:19:53:28 +0000] "UNKNOWN / HTTP/1.0" 400 224 "-" "-"
2025-11-06 19:53:28,391 - DEBUG - Error handling request from 20.65.193.201
Traceback (most recent call last):
  File "/tmp/onefile_1_1762424938_355133/aiohttp/web_protocol.py", line 408, in data_received
  File "aiohttp/_http_parser.pyx", line 558, in aiohttp._http_parser.HttpParser.feed_data
aiohttp.http_exceptions.BadHttpMethod: 400, message:
  Invalid method encountered:

    b'\x16\x03\x03\x01I\x01'
      ^
2025-11-06 19:53:28,392 - INFO - 20.65.193.201 [06/Nov/2025:19:53:28 +0000] "UNKNOWN / HTTP/1.0" 400 224 "-" "-"
2025-11-06 19:53:28,687 - DEBUG - Error handling request from 20.65.193.201
Traceback (most recent call last):
  File "/tmp/onefile_1_1762424938_355133/aiohttp/web_protocol.py", line 408, in data_received
  File "aiohttp/_http_parser.pyx", line 558, in aiohttp._http_parser.HttpParser.feed_data
aiohttp.http_exceptions.BadHttpMethod: 400, message:
  Invalid method encountered:

    b'\x16\x03\x03\x01\x9a\x01'
      ^
2025-11-06 19:53:28,688 - INFO - 20.65.193.201 [06/Nov/2025:19:53:28 +0000] "UNKNOWN / HTTP/1.0" 400 227 "-" "-"
2025-11-06 19:53:29,003 - DEBUG - Error handling request from 20.65.193.201
Traceback (most recent call last):
  File "/tmp/onefile_1_1762424938_355133/aiohttp/web_protocol.py", line 408, in data_received
  File "aiohttp/_http_parser.pyx", line 558, in aiohttp._http_parser.HttpParser.feed_data
aiohttp.http_exceptions.BadHttpMethod: 400, message:
  Invalid method encountered:

    b'\x16\x03\x02\x01\x9b\x01'
      ^
2025-11-06 19:53:29,003 - INFO - 20.65.193.201 [06/Nov/2025:19:53:29 +0000] "UNKNOWN / HTTP/1.0" 400 227 "-" "-"
2025-11-06 19:53:29,315 - DEBUG - Error handling request from 20.65.193.201
Traceback (most recent call last):
  File "/tmp/onefile_1_1762424938_355133/aiohttp/web_protocol.py", line 408, in data_received
  File "aiohttp/_http_parser.pyx", line 558, in aiohttp._http_parser.HttpParser.feed_data
aiohttp.http_exceptions.BadHttpMethod: 400, message:
  Invalid method encountered:

    b'\x16\x03\x01\x01\xa8\x01'
      ^
2025-11-06 19:53:29,316 - INFO - 20.65.193.201 [06/Nov/2025:19:53:29 +0000] "UNKNOWN / HTTP/1.0" 400 227 "-" "-"
2025-11-06 19:53:29,625 - DEBUG - Error handling request from 20.65.193.201
Traceback (most recent call last):
  File "/tmp/onefile_1_1762424938_355133/aiohttp/web_protocol.py", line 408, in data_received
  File "aiohttp/_http_parser.pyx", line 558, in aiohttp._http_parser.HttpParser.feed_data
aiohttp.http_exceptions.BadHttpMethod: 400, message:
  Invalid method encountered:

    b'\x16\x03\x01\x01\xa8\x01'
      ^
2025-11-06 19:53:29,625 - INFO - 20.65.193.201 [06/Nov/2025:19:53:29 +0000] "UNKNOWN / HTTP/1.0" 400 227 "-" "-"
2025-11-06 19:53:29,941 - DEBUG - Error handling request from 20.65.193.201
Traceback (most recent call last):
  File "/tmp/onefile_1_1762424938_355133/aiohttp/web_protocol.py", line 408, in data_received
  File "aiohttp/_http_parser.pyx", line 558, in aiohttp._http_parser.HttpParser.feed_data
aiohttp.http_exceptions.BadHttpMethod: 400, message:
  Invalid method encountered:

    b'\x16\x03\x01\x01\x9e\x01'
      ^
2025-11-06 19:53:29,942 - INFO - 20.65.193.201 [06/Nov/2025:19:53:29 +0000] "UNKNOWN / HTTP/1.0" 400 227 "-" "-"
2025-11-06 19:53:30,249 - DEBUG - Error handling request from 20.65.193.201
Traceback (most recent call last):
  File "/tmp/onefile_1_1762424938_355133/aiohttp/web_protocol.py", line 408, in data_received
  File "aiohttp/_http_parser.pyx", line 558, in aiohttp._http_parser.HttpParser.feed_data
aiohttp.http_exceptions.BadHttpMethod: 400, message:
  Invalid method encountered:

    b'\x16\x03\x01\x01\xb5\x01'
      ^
2025-11-06 19:53:30,250 - INFO - 20.65.193.201 [06/Nov/2025:19:53:30 +0000] "UNKNOWN / HTTP/1.0" 400 227 "-" "-"
2025-11-06 19:53:52,754 - INFO - 68.183.193.242 [06/Nov/2025:19:53:52 +0000] "GET /aaa9 HTTP/1.1" 404 175 "-" "Mozilla/5.0 zgrab/0.x"
2025-11-06 19:54:00,202 - INFO - 68.183.193.242 [06/Nov/2025:19:54:00 +0000] "GET /aab8 HTTP/1.1" 404 175 "-" "Mozilla/5.0 zgrab/0.x"
2025-11-06 19:54:06,406 - INFO - 68.183.193.242 [06/Nov/2025:19:54:06 +0000] "GET / HTTP/1.1" 404 175 "-" "Mozilla/5.0 zgrab/0.x"
2025-11-06 19:55:05,603 - DEBUG - Error handling request from 5.75.153.121
Traceback (most recent call last):
  File "/tmp/onefile_1_1762424938_355133/aiohttp/web_protocol.py", line 408, in data_received
  File "aiohttp/_http_parser.pyx", line 558, in aiohttp._http_parser.HttpParser.feed_data
aiohttp.http_exceptions.BadHttpMethod: 400, message:
  Invalid method encountered:

    b'\x16\x03\x01'
      ^
2025-11-06 19:55:05,604 - INFO - 5.75.153.121 [06/Nov/2025:19:55:05 +0000] "UNKNOWN / HTTP/1.0" 400 215 "-" "-"
2025-11-06 20:06:16,468 - DEBUG - Error handling request from 162.244.82.179
Traceback (most recent call last):
  File "/tmp/onefile_1_1762424938_355133/aiohttp/web_protocol.py", line 408, in data_received
  File "aiohttp/_http_parser.pyx", line 558, in aiohttp._http_parser.HttpParser.feed_data
aiohttp.http_exceptions.BadHttpMethod: 400, message:
  Invalid method encountered:

    b'\x16\x03\x01\x02'
      ^
2025-11-06 20:06:16,469 - INFO - 162.244.82.179 [06/Nov/2025:20:06:16 +0000] "UNKNOWN / HTTP/1.0" 400 219 "-" "-"
2025-11-06 20:36:53,893 - DEBUG - Error handling request from 20.65.193.203
Traceback (most recent call last):
  File "/tmp/onefile_1_1762424938_355133/aiohttp/web_protocol.py", line 408, in data_received
  File "aiohttp/_http_parser.pyx", line 558, in aiohttp._http_parser.HttpParser.feed_data
aiohttp.http_exceptions.BadHttpMethod: 400, message:
  Invalid method encountered:

    b'\x16\x03\x01'
      ^
2025-11-06 20:36:53,893 - INFO - 20.65.193.203 [06/Nov/2025:20:36:53 +0000] "UNKNOWN / HTTP/1.0" 400 215 "-" "-"
2025-11-06 20:43:30,800 - DEBUG - Error handling request from 162.244.82.179
Traceback (most recent call last):
  File "/tmp/onefile_1_1762424938_355133/aiohttp/web_protocol.py", line 408, in data_received
  File "aiohttp/_http_parser.pyx", line 558, in aiohttp._http_parser.HttpParser.feed_data
aiohttp.http_exceptions.BadHttpMethod: 400, message:
  Invalid method encountered:

    b'\x16\x03\x01\x02'
      ^
2025-11-06 20:43:30,800 - INFO - 162.244.82.179 [06/Nov/2025:20:43:30 +0000] "UNKNOWN / HTTP/1.0" 400 219 "-" "-"
2025-11-06 20:50:52,026 - DEBUG - Error handling request from 162.243.162.146
Traceback (most recent call last):
  File "/tmp/onefile_1_1762424938_355133/aiohttp/web_protocol.py", line 408, in data_received
  File "aiohttp/_http_parser.pyx", line 558, in aiohttp._http_parser.HttpParser.feed_data
aiohttp.http_exceptions.BadHttpMethod: 400, message:
  Invalid method encountered:

    b''
      ^
2025-11-06 20:50:52,027 - INFO - 162.243.162.146 [06/Nov/2025:20:50:52 +0000] "UNKNOWN / HTTP/1.0" 400 203 "-" "-"
2025-11-06 20:59:12,515 - INFO - Asynchronous call: handle_reports
2025-11-06 20:59:12,637 - INFO - Asynchronous result handle_reports:
2025-11-06 20:59:12,637 - INFO - 0
2025-11-06 20:59:12,637 - INFO - Update id=657893041 is handled. Duration 123 ms by bot id=7868636837
2025-11-06 20:59:15,928 - INFO - Asynchronous call: handle_subordinates_reports
2025-11-06 20:59:16,086 - INFO - Asynchronous result handle_subordinates_reports:
2025-11-06 20:59:16,086 - INFO - 0
2025-11-06 20:59:16,087 - INFO - Update id=657893042 is handled. Duration 159 ms by bot id=7868636837
2025-11-06 20:59:17,667 - INFO - Asynchronous call: handle_all_reports
2025-11-06 20:59:17,667 - INFO - Asynchronous call: wrapper
2025-11-06 20:59:17,668 - INFO - cache_company_periods_get: CACHE HIT (hit=15, miss=7, hit%=68.18)
2025-11-06 20:59:17,668 - INFO - Asynchronous result wrapper:
2025-11-06 20:59:17,668 - INFO - {'company_id': 12, 'periods': ['weekly']}
2025-11-06 20:59:17,785 - INFO - Asynchronous result handle_all_reports:
2025-11-06 20:59:17,785 - INFO - 0
2025-11-06 20:59:17,785 - INFO - Update id=657893043 is handled. Duration 121 ms by bot id=7868636837
2025-11-06 20:59:20,780 - INFO - Asynchronous call: handle_period_selection
2025-11-06 20:59:21,178 - INFO - Asynchronous result handle_period_selection:
2025-11-06 20:59:21,178 - INFO - 0
2025-11-06 20:59:21,178 - INFO - Update id=657893044 is handled. Duration 399 ms by bot id=7868636837
2025-11-06 20:59:36,941 - INFO - Asynchronous call: handle_back_tap
2025-11-06 20:59:37,051 - INFO - Asynchronous result handle_back_tap:
2025-11-06 20:59:37,051 - INFO - 0
2025-11-06 20:59:37,051 - INFO - Update id=657893045 is handled. Duration 111 ms by bot id=7868636837
2025-11-06 20:59:38,559 - INFO - Asynchronous call: handle_abstract
2025-11-06 20:59:38,671 - INFO - Asynchronous result handle_abstract:
2025-11-06 20:59:38,671 - INFO - 0
2025-11-06 20:59:38,671 - INFO - Update id=657893046 is handled. Duration 113 ms by bot id=7868636837
2025-11-06 20:59:41,549 - INFO - Asynchronous call: handle_back_tap
2025-11-06 20:59:41,661 - INFO - Asynchronous result handle_back_tap:
2025-11-06 20:59:41,662 - INFO - 0
2025-11-06 20:59:41,662 - INFO - Update id=657893047 is handled. Duration 113 ms by bot id=7868636837
2025-11-06 20:59:43,005 - INFO - Asynchronous call: handle_meets
2025-11-06 20:59:43,280 - INFO - Asynchronous result handle_meets:
2025-11-06 20:59:43,280 - INFO - 0
2025-11-06 20:59:43,280 - INFO - Update id=657893048 is handled. Duration 278 ms by bot id=7868636837
2025-11-06 21:00:25,018 - INFO - Asynchronous call: http_create_meeting
2025-11-06 21:00:25,019 - INFO - Asynchronous call: handle_create_meeting_from_server
2025-11-06 21:00:25,019 - INFO - Asynchronous call: meetings_insert_query
2025-11-06 21:00:25,023 - INFO - Asynchronous result meetings_insert_query:
2025-11-06 21:00:25,023 - INFO - {'meeting_id': 4, 'recipients': [{'participant_id': 20, 'tg_id': 6376686274}, {'participant_id': 17, 'tg_id': 877617880}]}
2025-11-06 21:00:25,239 - INFO - Asynchronous call: meetings_set_invite_msg_ids_query
2025-11-06 21:00:25,252 - INFO - Asynchronous result meetings_set_invite_msg_ids_query:
2025-11-06 21:00:25,252 - INFO - 2
2025-11-06 21:00:25,252 - INFO - Asynchronous result handle_create_meeting_from_server:
2025-11-06 21:00:25,252 - INFO - {'ok': True, 'sent': 2, 'meeting_id': 4}
2025-11-06 21:00:25,252 - INFO - Asynchronous result http_create_meeting:
2025-11-06 21:00:25,252 - INFO - <Response OK not prepared>
2025-11-06 21:00:25,252 - INFO - 109.69.21.24 [06/Nov/2025:21:00:25 +0000] "POST /create_meeting HTTP/1.1" 200 200 "-" "python-httpx/0.28.1"
2025-11-06 21:00:34,753 - INFO - Asynchronous call: handle_meet_accept
2025-11-06 21:00:34,753 - INFO - Asynchronous call: meetings_record_response_query
2025-11-06 21:00:34,757 - INFO - Asynchronous result meetings_record_response_query:
2025-11-06 21:00:34,757 - INFO - {'responder_tg': 6376686274, 'creator_tg': 5960911489, 'topic': 'Пися', 'date_meet': '2025-11-07', 'time_meet': '01:59:00', 'link': 'https://debil.com'}
2025-11-06 21:00:35,045 - INFO - Asynchronous result handle_meet_accept:
2025-11-06 21:00:35,045 - INFO - 0
2025-11-06 21:00:35,045 - INFO - Update id=657893049 is handled. Duration 295 ms by bot id=7868636837
2025-11-06 21:01:01,118 - INFO - Asynchronous call: handle_back_tap
2025-11-06 21:01:01,373 - INFO - Asynchronous result handle_back_tap:
2025-11-06 21:01:01,373 - INFO - 0
2025-11-06 21:01:01,373 - INFO - Update id=657893050 is handled. Duration 255 ms by bot id=7868636837
2025-11-06 21:01:17,322 - INFO - Asynchronous call: handle_settings
2025-11-06 21:01:17,476 - INFO - Asynchronous result handle_settings:
2025-11-06 21:01:17,476 - INFO - 0
2025-11-06 21:01:17,476 - INFO - Update id=657893051 is handled. Duration 157 ms by bot id=7868636837
2025-11-06 21:01:19,634 - INFO - Asynchronous call: handle_configuring_reports
2025-11-06 21:01:19,747 - INFO - Asynchronous result handle_configuring_reports:
2025-11-06 21:01:19,747 - INFO - 0
2025-11-06 21:01:19,748 - INFO - Update id=657893052 is handled. Duration 116 ms by bot id=7868636837
2025-11-06 21:01:20,788 - INFO - Asynchronous call: handle_back_tap
2025-11-06 21:01:20,975 - INFO - Asynchronous result handle_back_tap:
2025-11-06 21:01:20,975 - INFO - 0
2025-11-06 21:01:20,975 - INFO - Update id=657893053 is handled. Duration 187 ms by bot id=7868636837
2025-11-06 21:01:21,727 - INFO - Asynchronous call: handle_back_tap
2025-11-06 21:01:21,856 - INFO - Asynchronous result handle_back_tap:
2025-11-06 21:01:21,856 - INFO - 0
2025-11-06 21:01:21,856 - INFO - Update id=657893054 is handled. Duration 129 ms by bot id=7868636837
2025-11-06 21:02:30,963 - INFO - Asynchronous call: handle_settings
2025-11-06 21:02:31,085 - INFO - Asynchronous result handle_settings:
2025-11-06 21:02:31,086 - INFO - 0
2025-11-06 21:02:31,086 - INFO - Update id=657893055 is handled. Duration 126 ms by bot id=7868636837
2025-11-06 21:02:32,178 - INFO - Asynchronous call: handle_athers_configuring
2025-11-06 21:02:32,293 - INFO - Asynchronous result handle_athers_configuring:
2025-11-06 21:02:32,293 - INFO - 0
2025-11-06 21:02:32,293 - INFO - Update id=657893056 is handled. Duration 118 ms by bot id=7868636837
2025-11-06 21:02:35,171 - INFO - Asynchronous call: handle_edit_questionnaire
2025-11-06 21:02:35,172 - INFO - Asynchronous call: get_all_subordinates_with_details_query
2025-11-06 21:02:35,174 - INFO - Asynchronous result get_all_subordinates_with_details_query:
2025-11-06 21:02:35,174 - INFO - [{'username_tg': '@imishgen', 'full_name': 'Величко Михаил Павлович'}, {'username_tg': '@riftinink', 'full_name': 'Зулкашев Мурат Саматович'}, {'username_tg': '@madam_mayor', 'full_name': 'Кармалитова Екатерина Александровна'}, {'username_tg': '@kseni_laxx', 'full_name': 'Литвиненко Ксени Витальевна'}, {'username_tg': '@rin_rin16', 'full_name': 'Рынкевич Даниил Гелавич'}, {'username_tg': '@AlexandrTusikov', 'full_name': 'Тусиков Александр Александрович'}]
2025-11-06 21:02:35,496 - INFO - Asynchronous result handle_edit_questionnaire:
2025-11-06 21:02:35,497 - INFO - 0
2025-11-06 21:02:35,497 - INFO - Update id=657893057 is handled. Duration 326 ms by bot id=7868636837
2025-11-06 21:02:40,101 - INFO - Asynchronous call: handle_back_tap
2025-11-06 21:02:40,228 - INFO - Asynchronous result handle_back_tap:
2025-11-06 21:02:40,228 - INFO - 0
2025-11-06 21:02:40,228 - INFO - Update id=657893058 is handled. Duration 127 ms by bot id=7868636837
2025-11-06 21:02:42,350 - INFO - Asynchronous call: handle_settings
2025-11-06 21:02:42,464 - INFO - Asynchronous result handle_settings:
2025-11-06 21:02:42,464 - INFO - 0
2025-11-06 21:02:42,464 - INFO - Update id=657893059 is handled. Duration 117 ms by bot id=7868636837
2025-11-06 21:02:44,185 - INFO - Asynchronous call: handle_configuring_reports
2025-11-06 21:02:44,304 - INFO - Asynchronous result handle_configuring_reports:
2025-11-06 21:02:44,304 - INFO - 0
2025-11-06 21:02:44,304 - INFO - Update id=657893060 is handled. Duration 122 ms by bot id=7868636837
2025-11-06 21:02:46,983 - INFO - Asynchronous call: handle_period
2025-11-06 21:02:47,103 - INFO - Asynchronous result handle_period:
2025-11-06 21:02:47,103 - INFO - 0
2025-11-06 21:02:47,103 - INFO - Update id=657893061 is handled. Duration 123 ms by bot id=7868636837
2025-11-06 21:02:48,917 - INFO - Asynchronous call: handle_make_period
2025-11-06 21:02:49,031 - INFO - Asynchronous result handle_make_period:
2025-11-06 21:02:49,031 - INFO - 0
2025-11-06 21:02:49,031 - INFO - Update id=657893062 is handled. Duration 117 ms by bot id=7868636837
2025-11-06 21:02:50,522 - INFO - Asynchronous call: handle_new_period_selection
2025-11-06 21:02:50,648 - INFO - Asynchronous call: wrapper
2025-11-06 21:02:50,652 - INFO - Asynchronous result wrapper:
2025-11-06 21:02:50,652 - INFO - 12
2025-11-06 21:02:50,786 - INFO - Asynchronous result handle_new_period_selection:
2025-11-06 21:02:50,786 - INFO - 0
2025-11-06 21:02:50,786 - INFO - Update id=657893063 is handled. Duration 268 ms by bot id=7868636837
2025-11-06 21:02:57,042 - INFO - Asynchronous call: handle_back_tap
2025-11-06 21:02:57,300 - INFO - Asynchronous result handle_back_tap:
2025-11-06 21:02:57,300 - INFO - 0
2025-11-06 21:02:57,300 - INFO - Update id=657893064 is handled. Duration 258 ms by bot id=7868636837
2025-11-06 21:02:59,012 - INFO - Asynchronous call: handle_reports
2025-11-06 21:02:59,125 - INFO - Asynchronous result handle_reports:
2025-11-06 21:02:59,125 - INFO - 0
2025-11-06 21:02:59,125 - INFO - Update id=657893065 is handled. Duration 114 ms by bot id=7868636837
2025-11-06 21:03:00,050 - INFO - Asynchronous call: handle_back_tap
2025-11-06 21:03:00,248 - INFO - Asynchronous result handle_back_tap:
2025-11-06 21:03:00,248 - INFO - 0
2025-11-06 21:03:00,248 - INFO - Update id=657893066 is handled. Duration 198 ms by bot id=7868636837
2025-11-06 21:03:01,121 - INFO - Asynchronous call: handle_settings
2025-11-06 21:03:01,267 - INFO - Asynchronous result handle_settings:
2025-11-06 21:03:01,267 - INFO - 0
2025-11-06 21:03:01,267 - INFO - Update id=657893067 is handled. Duration 148 ms by bot id=7868636837
2025-11-06 21:03:02,139 - INFO - Asynchronous call: handle_configuring_reports
2025-11-06 21:03:02,444 - INFO - Asynchronous result handle_configuring_reports:
2025-11-06 21:03:02,444 - INFO - 0
2025-11-06 21:03:02,444 - INFO - Update id=657893068 is handled. Duration 308 ms by bot id=7868636837
2025-11-06 21:03:03,521 - INFO - Asynchronous call: handle_athers_configuring
2025-11-06 21:03:03,700 - INFO - Asynchronous result handle_athers_configuring:
2025-11-06 21:03:03,700 - INFO - 0
2025-11-06 21:03:03,700 - INFO - Update id=657893069 is handled. Duration 182 ms by bot id=7868636837
2025-11-06 21:03:05,806 - INFO - Asynchronous call: handle_athers_configuring
2025-11-06 21:03:05,857 - INFO - Asynchronous call: wrapper
2025-11-06 21:03:05,858 - INFO - cache_company_periods_get: CACHE HIT (hit=16, miss=7, hit%=69.57)
2025-11-06 21:03:05,858 - INFO - Asynchronous result wrapper:
2025-11-06 21:03:05,858 - INFO - {'company_id': 12, 'periods': ['monthly', 'weekly']}
2025-11-06 21:03:05,970 - INFO - Asynchronous result handle_athers_configuring:
2025-11-06 21:03:05,970 - INFO - 0
2025-11-06 21:03:05,970 - INFO - Update id=657893070 is handled. Duration 166 ms by bot id=7868636837
2025-11-06 21:03:07,039 - INFO - Asynchronous call: handle_period_selection
2025-11-06 21:03:07,169 - INFO - Asynchronous result handle_period_selection:
2025-11-06 21:03:07,169 - INFO - 0
2025-11-06 21:03:07,169 - INFO - Update id=657893071 is handled. Duration 131 ms by bot id=7868636837
2025-11-06 21:03:13,757 - INFO - Asynchronous call: handle_day_of_week_selection
2025-11-06 21:03:13,897 - INFO - Asynchronous result handle_day_of_week_selection:
2025-11-06 21:03:13,897 - INFO - 0
2025-11-06 21:03:13,897 - INFO - Update id=657893072 is handled. Duration 146 ms by bot id=7868636837
2025-11-06 21:03:16,369 - INFO - Asynchronous call: handle_day_of_week_selection
2025-11-06 21:03:16,491 - INFO - Asynchronous result handle_day_of_week_selection:
2025-11-06 21:03:16,491 - INFO - 0
2025-11-06 21:03:16,491 - INFO - Update id=657893073 is handled. Duration 127 ms by bot id=7868636837
2025-11-06 21:03:18,098 - INFO - Asynchronous call: handle_day_of_week_selection
2025-11-06 21:03:18,203 - INFO - Asynchronous call: add_deadline_query
2025-11-06 21:03:18,210 - INFO - Asynchronous result add_deadline_query:
2025-11-06 21:03:18,211 - INFO - True
2025-11-06 21:03:18,340 - INFO - Asynchronous result handle_day_of_week_selection:
2025-11-06 21:03:18,340 - INFO - 0
2025-11-06 21:03:18,340 - INFO - Update id=657893074 is handled. Duration 248 ms by bot id=7868636837
2025-11-06 21:03:25,432 - INFO - Asynchronous call: handle_configuring_reports
2025-11-06 21:03:25,626 - INFO - Asynchronous result handle_configuring_reports:
2025-11-06 21:03:25,626 - INFO - 0
2025-11-06 21:03:25,626 - INFO - Update id=657893075 is handled. Duration 198 ms by bot id=7868636837
2025-11-06 21:03:26,633 - INFO - Asynchronous call: handle_set_reminder
2025-11-06 21:03:26,811 - INFO - Asynchronous result handle_set_reminder:
2025-11-06 21:03:26,811 - INFO - 0
2025-11-06 21:03:26,811 - INFO - Update id=657893076 is handled. Duration 181 ms by bot id=7868636837
2025-11-06 21:03:28,645 - INFO - Asynchronous call: handle_make_reminder
2025-11-06 21:03:28,645 - INFO - Asynchronous call: wrapper
2025-11-06 21:03:28,646 - INFO - cache_company_periods_get: CACHE HIT (hit=17, miss=7, hit%=70.83)
2025-11-06 21:03:28,646 - INFO - Asynchronous result wrapper:
2025-11-06 21:03:28,646 - INFO - {'company_id': 12, 'periods': ['monthly', 'weekly']}
2025-11-06 21:03:28,783 - INFO - Asynchronous result handle_make_reminder:
2025-11-06 21:03:28,783 - INFO - 0
2025-11-06 21:03:28,784 - INFO - Update id=657893077 is handled. Duration 142 ms by bot id=7868636837
2025-11-06 21:03:29,634 - INFO - Asynchronous call: handle_period_selection
2025-11-06 21:03:29,751 - INFO - Asynchronous result handle_period_selection:
2025-11-06 21:03:29,751 - INFO - 0
2025-11-06 21:03:29,751 - INFO - Update id=657893078 is handled. Duration 117 ms by bot id=7868636837
2025-11-06 21:03:34,023 - INFO - Asynchronous call: handle_day_of_week_selection
2025-11-06 21:03:34,141 - INFO - Asynchronous result handle_day_of_week_selection:
2025-11-06 21:03:34,142 - INFO - 0
2025-11-06 21:03:34,142 - INFO - Update id=657893079 is handled. Duration 122 ms by bot id=7868636837
2025-11-06 21:03:37,234 - INFO - Asynchronous call: handle_back_tap
2025-11-06 21:03:37,511 - INFO - Asynchronous result handle_back_tap:
2025-11-06 21:03:37,512 - INFO - 0
2025-11-06 21:03:37,512 - INFO - Update id=657893080 is handled. Duration 278 ms by bot id=7868636837
2025-11-06 21:03:39,518 - INFO - Asynchronous call: handle_day_of_week_selection
2025-11-06 21:03:39,633 - INFO - Asynchronous result handle_day_of_week_selection:
2025-11-06 21:03:39,633 - INFO - 0
2025-11-06 21:03:39,633 - INFO - Update id=657893081 is handled. Duration 119 ms by bot id=7868636837
2025-11-06 21:03:42,255 - INFO - Asynchronous call: handle_day_of_week_selection
2025-11-06 21:03:42,318 - INFO - Asynchronous result handle_day_of_week_selection:
2025-11-06 21:03:42,318 - INFO - 0
2025-11-06 21:03:42,318 - INFO - Update id=657893082 is handled. Duration 68 ms by bot id=7868636837
2025-11-06 21:03:44,113 - INFO - Asynchronous call: handle_day_of_week_selection
2025-11-06 21:03:44,465 - INFO - Asynchronous result handle_day_of_week_selection:
2025-11-06 21:03:44,465 - INFO - 0
2025-11-06 21:03:44,466 - INFO - Update id=657893083 is handled. Duration 356 ms by bot id=7868636837
2025-11-06 21:03:51,259 - INFO - Asynchronous call: handle_text
2025-11-06 21:03:51,259 - INFO - Asynchronous call: wrapper
2025-11-06 21:03:51,259 - INFO - cache_company_periods_get: CACHE HIT (hit=18, miss=7, hit%=72.0)
2025-11-06 21:03:51,259 - INFO - Asynchronous result wrapper:
2025-11-06 21:03:51,259 - INFO - {'company_id': 12, 'periods': ['monthly', 'weekly']}
2025-11-06 21:03:51,259 - INFO - Synchronous call: add_reminder
2025-11-06 21:03:51,260 - INFO - Added job "Reminder for 12 (monthly)" to job store "default"
2025-11-06 21:03:51,260 - INFO - Добавлено monthly напоминание для компании 12
2025-11-06 21:03:51,260 - INFO - Synchronous result add_reminder:
2025-11-06 21:03:51,260 - INFO - True
2025-11-06 21:03:51,260 - DEBUG - Looking for jobs to run
2025-11-06 21:03:51,260 - DEBUG - Next wakeup is due at 2025-12-31 19:00:00+00:00 (in 4744568.739089 seconds)
2025-11-06 21:03:51,441 - INFO - Asynchronous result handle_text:
2025-11-06 21:03:51,441 - INFO - 0
2025-11-06 21:03:51,441 - INFO - Update id=657893084 is handled. Duration 183 ms by bot id=7868636837
2025-11-06 21:04:18,475 - INFO - Asynchronous call: handle_back_tap
2025-11-06 21:04:18,796 - INFO - Asynchronous result handle_back_tap:
2025-11-06 21:04:18,796 - INFO - 0
2025-11-06 21:04:18,796 - INFO - Update id=657893085 is handled. Duration 321 ms by bot id=7868636837
2025-11-06 21:04:30,751 - INFO - Asynchronous call: handle_reports
2025-11-06 21:04:30,861 - INFO - Asynchronous result handle_reports:
2025-11-06 21:04:30,861 - INFO - 0
2025-11-06 21:04:30,861 - INFO - Update id=657893086 is handled. Duration 111 ms by bot id=7868636837
2025-11-06 21:04:31,855 - INFO - Asynchronous call: handle_back_tap
2025-11-06 21:04:31,966 - INFO - Asynchronous result handle_back_tap:
2025-11-06 21:04:31,966 - INFO - 0
2025-11-06 21:04:31,966 - INFO - Update id=657893087 is handled. Duration 112 ms by bot id=7868636837
2025-11-06 21:05:07,475 - INFO - Asynchronous call: handle_reports
2025-11-06 21:05:07,594 - INFO - Asynchronous result handle_reports:
2025-11-06 21:05:07,594 - INFO - 0
2025-11-06 21:05:07,594 - INFO - Update id=657893088 is handled. Duration 120 ms by bot id=7868636837
2025-11-06 21:05:09,518 - INFO - Asynchronous call: handle_back_tap
2025-11-06 21:05:09,630 - INFO - Asynchronous result handle_back_tap:
2025-11-06 21:05:09,630 - INFO - 0
2025-11-06 21:05:09,630 - INFO - Update id=657893089 is handled. Duration 112 ms by bot id=7868636837
2025-11-06 21:05:24,764 - INFO - Asynchronous call: handle_reports
2025-11-06 21:05:24,900 - INFO - Asynchronous result handle_reports:
2025-11-06 21:05:24,900 - INFO - 0
2025-11-06 21:05:24,900 - INFO - Update id=657893090 is handled. Duration 137 ms by bot id=7868636837
2025-11-06 21:05:26,090 - INFO - Asynchronous call: handle_add_reports
2025-11-06 21:05:26,090 - INFO - Asynchronous call: wrapper
2025-11-06 21:05:26,094 - INFO - cache_company_periods_get: CACHE MISS (hit=18, miss=8, hit%=69.23)
2025-11-06 21:05:26,094 - INFO - Asynchronous result wrapper:
2025-11-06 21:05:26,094 - INFO - None
2025-11-06 21:05:26,232 - INFO - Asynchronous result handle_add_reports:
2025-11-06 21:05:26,232 - INFO - 0
2025-11-06 21:05:26,232 - INFO - Update id=657893091 is handled. Duration 144 ms by bot id=7868636837
2025-11-06 21:42:30,846 - DEBUG - Error handling request from 185.247.137.225
Traceback (most recent call last):
  File "/tmp/onefile_1_1762424938_355133/aiohttp/web_protocol.py", line 408, in data_received
  File "aiohttp/_http_parser.pyx", line 558, in aiohttp._http_parser.HttpParser.feed_data
aiohttp.http_exceptions.BadHttpMethod: 400, message:
  Invalid method encountered:

    b'\x16\x03\x01\x01\n\x01'
      ^
2025-11-06 21:42:30,846 - INFO - 185.247.137.225 [06/Nov/2025:21:42:30 +0000] "UNKNOWN / HTTP/1.0" 400 225 "-" "-"
2025-11-06 21:42:45,953 - DEBUG - Error handling request from 87.236.176.234
Traceback (most recent call last):
  File "/tmp/onefile_1_1762424938_355133/aiohttp/web_protocol.py", line 408, in data_received
  File "aiohttp/_http_parser.pyx", line 558, in aiohttp._http_parser.HttpParser.feed_data
aiohttp.http_exceptions.BadHttpMethod: 400, message:
  Invalid method encountered:

    b''
      ^
2025-11-06 21:42:45,954 - INFO - 87.236.176.234 [06/Nov/2025:21:42:45 +0000] "UNKNOWN / HTTP/1.0" 400 203 "-" "-"
2025-11-06 21:43:01,061 - INFO - 185.247.137.225 [06/Nov/2025:21:43:01 +0000] "GET / HTTP/1.1" 404 194 "-" "Mozilla/5.0 (compatible; InternetMeasurement/1.0; +https://internet-measurement.com/)"
2025-11-06 21:59:13,848 - DEBUG - Error handling request from 162.244.82.179
Traceback (most recent call last):
  File "/tmp/onefile_1_1762424938_355133/aiohttp/web_protocol.py", line 408, in data_received
  File "aiohttp/_http_parser.pyx", line 558, in aiohttp._http_parser.HttpParser.feed_data
aiohttp.http_exceptions.BadHttpMethod: 400, message:
  Invalid method encountered:

    b'\x16\x03\x01\x02'
      ^
2025-11-06 21:59:13,849 - INFO - 162.244.82.179 [06/Nov/2025:21:59:13 +0000] "UNKNOWN / HTTP/1.0" 400 219 "-" "-"
2025-11-06 22:20:41,736 - DEBUG - Error handling request from 20.119.74.72
Traceback (most recent call last):
  File "/tmp/onefile_1_1762424938_355133/aiohttp/web_protocol.py", line 408, in data_received
  File "aiohttp/_http_parser.pyx", line 558, in aiohttp._http_parser.HttpParser.feed_data
aiohttp.http_exceptions.BadHttpMethod: 400, message:
  Invalid method encountered:

    b'\x16\x03\x01'
      ^
2025-11-06 22:20:41,736 - INFO - 20.119.74.72 [06/Nov/2025:22:20:41 +0000] "UNKNOWN / HTTP/1.0" 400 215 "-" "-"
2025-11-06 22:36:13,198 - DEBUG - Error handling request from 162.244.82.179
Traceback (most recent call last):
  File "/tmp/onefile_1_1762424938_355133/aiohttp/web_protocol.py", line 408, in data_received
  File "aiohttp/_http_parser.pyx", line 558, in aiohttp._http_parser.HttpParser.feed_data
aiohttp.http_exceptions.BadHttpMethod: 400, message:
  Invalid method encountered:

    b'\x16\x03\x01\x02'
      ^
2025-11-06 22:36:13,198 - INFO - 162.244.82.179 [06/Nov/2025:22:36:13 +0000] "UNKNOWN / HTTP/1.0" 400 219 "-" "-"
2025-11-06 23:02:42,710 - DEBUG - Error handling request from 138.204.142.105
Traceback (most recent call last):
  File "/tmp/onefile_1_1762424938_355133/aiohttp/web_protocol.py", line 408, in data_received
  File "aiohttp/_http_parser.pyx", line 558, in aiohttp._http_parser.HttpParser.feed_data
aiohttp.http_exceptions.BadHttpMethod: 400, message:
  Invalid method encountered:

    b'\x16\x03\x01\x02'
      ^
2025-11-06 23:02:42,711 - INFO - 138.204.142.105 [06/Nov/2025:23:02:42 +0000] "UNKNOWN / HTTP/1.0" 400 219 "-" "-"
2025-11-06 23:13:46,887 - DEBUG - Error handling request from 162.244.82.179
Traceback (most recent call last):
  File "/tmp/onefile_1_1762424938_355133/aiohttp/web_protocol.py", line 408, in data_received
  File "aiohttp/_http_parser.pyx", line 558, in aiohttp._http_parser.HttpParser.feed_data
aiohttp.http_exceptions.BadHttpMethod: 400, message:
  Invalid method encountered:

    b'\x16\x03\x01\x02'
      ^
2025-11-06 23:13:46,887 - INFO - 162.244.82.179 [06/Nov/2025:23:13:46 +0000] "UNKNOWN / HTTP/1.0" 400 219 "-" "-"
2025-11-06 23:24:45,469 - DEBUG - Error handling request from 20.65.194.162
Traceback (most recent call last):
  File "/tmp/onefile_1_1762424938_355133/aiohttp/web_protocol.py", line 408, in data_received
  File "aiohttp/_http_parser.pyx", line 558, in aiohttp._http_parser.HttpParser.feed_data
aiohttp.http_exceptions.BadHttpMethod: 400, message:
  Invalid method encountered:

    b'\x16\x03\x01'
      ^
2025-11-06 23:24:45,470 - INFO - 20.65.194.162 [06/Nov/2025:23:24:45 +0000] "UNKNOWN / HTTP/1.0" 400 215 "-" "-"
2025-11-06 23:51:57,205 - DEBUG - Error handling request from 162.244.82.179
Traceback (most recent call last):
  File "/tmp/onefile_1_1762424938_355133/aiohttp/web_protocol.py", line 408, in data_received
  File "aiohttp/_http_parser.pyx", line 558, in aiohttp._http_parser.HttpParser.feed_data
aiohttp.http_exceptions.BadHttpMethod: 400, message:
  Invalid method encountered:

    b'\x16\x03\x01\x02'
      ^
2025-11-06 23:51:57,206 - INFO - 162.244.82.179 [06/Nov/2025:23:51:57 +0000] "UNKNOWN / HTTP/1.0" 400 219 "-" "-"
2025-11-07 00:30:56,383 - DEBUG - Error handling request from 162.244.82.179
Traceback (most recent call last):
  File "/tmp/onefile_1_1762424938_355133/aiohttp/web_protocol.py", line 408, in data_received
  File "aiohttp/_http_parser.pyx", line 558, in aiohttp._http_parser.HttpParser.feed_data
aiohttp.http_exceptions.BadHttpMethod: 400, message:
  Invalid method encountered:

    b'\x16\x03\x01\x02'
      ^
2025-11-07 00:30:56,383 - INFO - 162.244.82.179 [07/Nov/2025:00:30:56 +0000] "UNKNOWN / HTTP/1.0" 400 219 "-" "-"
2025-11-07 00:45:51,952 - DEBUG - Error handling request from 135.237.126.9
Traceback (most recent call last):
  File "/tmp/onefile_1_1762424938_355133/aiohttp/web_protocol.py", line 408, in data_received
  File "aiohttp/_http_parser.pyx", line 558, in aiohttp._http_parser.HttpParser.feed_data
aiohttp.http_exceptions.BadHttpMethod: 400, message:
  Invalid method encountered:

    b'\x16\x03\x01'
      ^
2025-11-07 00:45:51,952 - INFO - 135.237.126.9 [07/Nov/2025:00:45:51 +0000] "UNKNOWN / HTTP/1.0" 400 215 "-" "-"
2025-11-07 00:48:39,296 - DEBUG - Error handling request from 54.234.80.128
Traceback (most recent call last):
  File "/tmp/onefile_1_1762424938_355133/aiohttp/web_protocol.py", line 408, in data_received
  File "aiohttp/_http_parser.pyx", line 558, in aiohttp._http_parser.HttpParser.feed_data
aiohttp.http_exceptions.BadHttpMethod: 400, message:
  Invalid method encountered:

    b'\x16\x03\x01'
      ^
2025-11-07 00:48:39,297 - INFO - 54.234.80.128 [07/Nov/2025:00:48:39 +0000] "UNKNOWN / HTTP/1.0" 400 215 "-" "-"
2025-11-07 00:50:43,702 - DEBUG - Error handling request from 197.211.126.14
Traceback (most recent call last):
  File "/tmp/onefile_1_1762424938_355133/aiohttp/web_protocol.py", line 408, in data_received
  File "aiohttp/_http_parser.pyx", line 558, in aiohttp._http_parser.HttpParser.feed_data
aiohttp.http_exceptions.BadHttpMethod: 400, message:
  Invalid method encountered:

    b'\x16\x03\x01\x01\xaa\x01'
      ^
2025-11-07 00:50:43,703 - INFO - 197.211.126.14 [07/Nov/2025:00:50:43 +0000] "UNKNOWN / HTTP/1.0" 400 227 "-" "-"
2025-11-07 01:03:14,240 - DEBUG - Error handling request from 144.202.82.88
Traceback (most recent call last):
  File "/tmp/onefile_1_1762424938_355133/aiohttp/web_protocol.py", line 408, in data_received
  File "aiohttp/_http_parser.pyx", line 558, in aiohttp._http_parser.HttpParser.feed_data
aiohttp.http_exceptions.BadHttpMethod: 400, message:
  Invalid method encountered:

    b'\x16\x03\x01'
      ^
2025-11-07 01:03:14,241 - INFO - 144.202.82.88 [07/Nov/2025:01:03:14 +0000] "UNKNOWN / HTTP/1.0" 400 215 "-" "-"
2025-11-07 01:07:47,318 - DEBUG - Error handling request from 162.244.82.179
Traceback (most recent call last):
  File "/tmp/onefile_1_1762424938_355133/aiohttp/web_protocol.py", line 408, in data_received
  File "aiohttp/_http_parser.pyx", line 558, in aiohttp._http_parser.HttpParser.feed_data
aiohttp.http_exceptions.BadHttpMethod: 400, message:
  Invalid method encountered:

    b'\x16\x03\x01\x02'
      ^
2025-11-07 01:07:47,319 - INFO - 162.244.82.179 [07/Nov/2025:01:07:47 +0000] "UNKNOWN / HTTP/1.0" 400 219 "-" "-"
2025-11-07 01:19:16,111 - DEBUG - Error handling request from 144.202.82.88
Traceback (most recent call last):
  File "/tmp/onefile_1_1762424938_355133/aiohttp/web_protocol.py", line 408, in data_received
  File "aiohttp/_http_parser.pyx", line 558, in aiohttp._http_parser.HttpParser.feed_data
aiohttp.http_exceptions.BadHttpMethod: 400, message:
  Invalid method encountered:

    b'\x16\x03\x01'
      ^
2025-11-07 01:19:16,111 - INFO - 144.202.82.88 [07/Nov/2025:01:19:16 +0000] "UNKNOWN / HTTP/1.0" 400 215 "-" "-"
2025-11-07 01:27:06,718 - DEBUG - Error handling request from 197.211.126.14
Traceback (most recent call last):
  File "/tmp/onefile_1_1762424938_355133/aiohttp/web_protocol.py", line 408, in data_received
  File "aiohttp/_http_parser.pyx", line 558, in aiohttp._http_parser.HttpParser.feed_data
aiohttp.http_exceptions.BadHttpMethod: 400, message:
  Invalid method encountered:

    b'\x16\x03\x01'
      ^
2025-11-07 01:27:06,719 - INFO - 197.211.126.14 [07/Nov/2025:01:27:06 +0000] "UNKNOWN / HTTP/1.0" 400 215 "-" "-"
2025-11-07 01:44:22,665 - DEBUG - Error handling request from 162.244.82.179
Traceback (most recent call last):
  File "/tmp/onefile_1_1762424938_355133/aiohttp/web_protocol.py", line 408, in data_received
  File "aiohttp/_http_parser.pyx", line 558, in aiohttp._http_parser.HttpParser.feed_data
aiohttp.http_exceptions.BadHttpMethod: 400, message:
  Invalid method encountered:

    b'\x16\x03\x01\x02'
      ^
2025-11-07 01:44:22,666 - INFO - 162.244.82.179 [07/Nov/2025:01:44:22 +0000] "UNKNOWN / HTTP/1.0" 400 219 "-" "-"
2025-11-07 02:21:45,912 - DEBUG - Error handling request from 162.244.82.179
Traceback (most recent call last):
  File "/tmp/onefile_1_1762424938_355133/aiohttp/web_protocol.py", line 408, in data_received
  File "aiohttp/_http_parser.pyx", line 558, in aiohttp._http_parser.HttpParser.feed_data
aiohttp.http_exceptions.BadHttpMethod: 400, message:
  Invalid method encountered:

    b'\x16\x03\x01\x02'
      ^
2025-11-07 02:21:45,913 - INFO - 162.244.82.179 [07/Nov/2025:02:21:45 +0000] "UNKNOWN / HTTP/1.0" 400 219 "-" "-"
2025-11-07 02:57:42,011 - DEBUG - Error handling request from 162.244.82.179
Traceback (most recent call last):
  File "/tmp/onefile_1_1762424938_355133/aiohttp/web_protocol.py", line 408, in data_received
  File "aiohttp/_http_parser.pyx", line 558, in aiohttp._http_parser.HttpParser.feed_data
aiohttp.http_exceptions.BadHttpMethod: 400, message:
  Invalid method encountered:

    b'\x16\x03\x01\x02'
      ^
2025-11-07 02:57:42,012 - INFO - 162.244.82.179 [07/Nov/2025:02:57:42 +0000] "UNKNOWN / HTTP/1.0" 400 219 "-" "-"
2025-11-07 03:34:48,663 - DEBUG - Error handling request from 162.244.82.179
Traceback (most recent call last):
  File "/tmp/onefile_1_1762424938_355133/aiohttp/web_protocol.py", line 408, in data_received
  File "aiohttp/_http_parser.pyx", line 558, in aiohttp._http_parser.HttpParser.feed_data
aiohttp.http_exceptions.BadHttpMethod: 400, message:
  Invalid method encountered:

    b'\x16\x03\x01\x02'
      ^
2025-11-07 03:34:48,664 - INFO - 162.244.82.179 [07/Nov/2025:03:34:48 +0000] "UNKNOWN / HTTP/1.0" 400 219 "-" "-"
2025-11-07 03:38:28,698 - DEBUG - Error handling request from 20.65.194.43
Traceback (most recent call last):
  File "/tmp/onefile_1_1762424938_355133/aiohttp/web_protocol.py", line 408, in data_received
  File "aiohttp/_http_parser.pyx", line 558, in aiohttp._http_parser.HttpParser.feed_data
aiohttp.http_exceptions.BadHttpMethod: 400, message:
  Invalid method encountered:

    b'SSH-2.0-Go'
       ^
2025-11-07 03:38:28,701 - INFO - 20.65.194.43 [07/Nov/2025:03:38:28 +0000] "UNKNOWN / HTTP/1.0" 400 214 "-" "-"
2025-11-07 03:38:29,021 - DEBUG - Error handling request from 20.65.194.43
Traceback (most recent call last):
  File "/tmp/onefile_1_1762424938_355133/aiohttp/web_protocol.py", line 408, in data_received
  File "aiohttp/_http_parser.pyx", line 558, in aiohttp._http_parser.HttpParser.feed_data
aiohttp.http_exceptions.BadHttpMethod: 400, message:
  Invalid method encountered:

    b'MGLNDD_217.26.24.217_443\n'
       ^
2025-11-07 03:38:29,021 - INFO - 20.65.194.43 [07/Nov/2025:03:38:29 +0000] "UNKNOWN / HTTP/1.0" 400 230 "-" "-"
2025-11-07 03:57:00,847 - DEBUG - /etc/timezone found, contents:
 Etc/UTC

2025-11-07 03:57:00,848 - DEBUG - /etc/localtime found
2025-11-07 03:57:00,848 - DEBUG - 2 found:
 {'/etc/timezone': 'Etc/UTC', '/etc/localtime is a symlink to': 'Etc/UTC'}
2025-11-07 03:57:00,891 - INFO - Synchronous call: start_bot
2025-11-07 03:57:00,891 - DEBUG - Using selector: EpollSelector
2025-11-07 03:57:00,892 - INFO - Asynchronous call: start_http_server
2025-11-07 03:57:00,892 - INFO - Asynchronous result start_http_server:
2025-11-07 03:57:00,892 - INFO - None
2025-11-07 03:57:00,892 - INFO - Asynchronous call: on_startup
2025-11-07 03:57:00,938 - INFO - Connection to the database is established
2025-11-07 03:57:00,938 - INFO - 
2025-11-07 03:57:00,938 - INFO - Asynchronous call: connect
2025-11-07 03:57:00,938 - DEBUG - [_cygrpc] Loaded running loop: id(loop)=140226305092624
2025-11-07 03:57:00,938 - DEBUG - Using AsyncIOEngine.POLLER as I/O engine
2025-11-07 03:57:00,939 - DEBUG - [_cygrpc] Loaded running loop: id(loop)=140226305092624
2025-11-07 03:57:00,940 - INFO - Asynchronous result connect:
2025-11-07 03:57:00,940 - INFO - None
2025-11-07 03:57:00,941 - INFO - Scheduler started
2025-11-07 03:57:00,941 - INFO - Система напоминаний запущена
2025-11-07 03:57:00,941 - INFO - Asynchronous result on_startup:
2025-11-07 03:57:00,941 - INFO - None
2025-11-07 03:57:00,941 - INFO - Start polling
2025-11-07 03:57:00,941 - INFO - Asynchronous call: start_notification_listener
2025-11-07 03:57:00,941 - INFO - Asynchronous call: subscribe_to_notifications
2025-11-07 03:57:00,941 - DEBUG - [_cygrpc] Loaded running loop: id(loop)=140226305092624
2025-11-07 03:57:00,941 - DEBUG - Looking for jobs to run
2025-11-07 03:57:00,941 - DEBUG - No jobs; waiting until a job is added
2025-11-07 03:57:04,006 - INFO - Run polling for bot @OperAItgbot id=7868636837 - 'OperAI'
2025-11-07 04:02:26,497 - INFO - Asynchronous call: handle_abstract
2025-11-07 04:02:26,622 - INFO - Asynchronous result handle_abstract:
2025-11-07 04:02:26,622 - INFO - 0
2025-11-07 04:02:26,622 - INFO - Update id=318836181 is handled. Duration 127 ms by bot id=7868636837
2025-11-07 04:02:28,673 - INFO - Asynchronous call: handle_back_tap
2025-11-07 04:02:28,801 - INFO - Asynchronous result handle_back_tap:
2025-11-07 04:02:28,802 - INFO - 0
2025-11-07 04:02:28,802 - INFO - Update id=318836182 is handled. Duration 129 ms by bot id=7868636837
2025-11-07 04:02:30,155 - INFO - Asynchronous call: handle_meets
2025-11-07 04:02:30,428 - INFO - Asynchronous result handle_meets:
2025-11-07 04:02:30,428 - INFO - 0
2025-11-07 04:02:30,428 - INFO - Update id=318836183 is handled. Duration 275 ms by bot id=7868636837
2025-11-07 04:02:33,113 - INFO - Asynchronous call: handle_upload_recordig
2025-11-07 04:02:33,113 - INFO - Asynchronous call: wrapper
2025-11-07 04:02:33,167 - INFO - cache_meetings_without_summary: CACHE MISS (hit=0, miss=1, hit%=0.0)
2025-11-07 04:02:33,167 - INFO - Asynchronous result wrapper:
2025-11-07 04:02:33,167 - INFO - [{'meeting_id': 4, 'date_meet': '2025-11-07', 'time_meet': '01:59:00', 'participants': ['@imishgen', '@riftinink']}, {'meeting_id': 2, 'date_meet': '2025-11-06', 'time_meet': '14:05:00', 'participants': ['@imishgen']}]
2025-11-07 04:02:33,285 - INFO - Asynchronous result handle_upload_recordig:
2025-11-07 04:02:33,285 - INFO - 0
2025-11-07 04:02:33,285 - INFO - Update id=318836184 is handled. Duration 176 ms by bot id=7868636837
2025-11-07 04:03:08,688 - DEBUG - Error handling request from 144.202.82.88
Traceback (most recent call last):
  File "/tmp/onefile_1_1762487818_943230/aiohttp/web_protocol.py", line 408, in data_received
  File "aiohttp/_http_parser.pyx", line 558, in aiohttp._http_parser.HttpParser.feed_data
aiohttp.http_exceptions.BadHttpMethod: 400, message:
  Invalid method encountered:

    b'\x16\x03\x01'
      ^
2025-11-07 04:03:08,688 - INFO - 144.202.82.88 [07/Nov/2025:04:03:08 +0000] "UNKNOWN / HTTP/1.0" 400 215 "-" "-"
2025-11-07 04:03:12,574 - INFO - Asynchronous call: handle_special_id_selection
2025-11-07 04:03:12,759 - INFO - Asynchronous result handle_special_id_selection:
2025-11-07 04:03:12,759 - INFO - 0
2025-11-07 04:03:12,759 - INFO - Update id=318836185 is handled. Duration 188 ms by bot id=7868636837
2025-11-07 04:03:38,291 - INFO - Asynchronous call: handle_records
2025-11-07 04:03:41,442 - INFO - Asynchronous call: get_meeting_time_by_id_query
2025-11-07 04:03:41,447 - INFO - get_meeting_time_by_id_query: CACHE HIT (hit=1, miss=0, hit%=100.0)
2025-11-07 04:03:41,447 - INFO - Asynchronous result get_meeting_time_by_id_query:
2025-11-07 04:03:41,447 - INFO - {'date_meet': datetime.date(2025, 11, 7), 'time_meet': datetime.time(1, 59)}
2025-11-07 04:03:41,447 - INFO - Asynchronous call: upload_file_from_bytes
2025-11-07 04:03:41,447 - DEBUG - [_cygrpc] Loaded running loop: id(loop)=140226305092624
2025-11-07 04:03:41,856 - INFO - Asynchronous call: handle_transcription_notification
2025-11-07 04:03:41,856 - INFO - Transcription notification: SUCCESS - Upload - accepted (54212442 bytes)
2025-11-07 04:03:41,856 - INFO - Asynchronous execution error handle_transcription_notification:
2025-11-07 04:03:41,856 - INFO - list index out of range
2025-11-07 04:03:41,856 - INFO - Asynchronous call: handle_transcription_notification
2025-11-07 04:03:41,856 - INFO - Transcription notification: INFO - Processing - Converting and transcribing...
2025-11-07 04:03:41,856 - INFO - Asynchronous execution error handle_transcription_notification:
2025-11-07 04:03:41,856 - INFO - list index out of range
2025-11-07 04:03:41,857 - INFO - Asynchronous result upload_file_from_bytes:
2025-11-07 04:03:41,857 - INFO - meeting_id: 4
2025-11-07 04:03:41,857 - INFO - success: true
2025-11-07 04:03:41,857 - INFO - message: "accepted (54212442 bytes)"
2025-11-07 04:03:41,857 - INFO - bytes_received: 54212442
2025-11-07 04:03:41,857 - INFO - 
2025-11-07 04:03:41,857 - INFO - Asynchronous call: wrapper
2025-11-07 04:03:41,860 - INFO - cache_meeting_summary_uploaded: CACHE HIT (hit=1, miss=0, hit%=100.0)
2025-11-07 04:03:41,861 - INFO - Asynchronous result wrapper:
2025-11-07 04:03:41,861 - INFO - 0
2025-11-07 04:03:41,966 - INFO - Asynchronous result handle_records:
2025-11-07 04:03:41,966 - INFO - 0
2025-11-07 04:03:41,966 - INFO - Update id=318836186 is handled. Duration 3675 ms by bot id=7868636837
2025-11-07 04:04:15,191 - INFO - Asynchronous call: handle_transcription_notification
2025-11-07 04:04:15,191 - INFO - Transcription notification: PROCESSING_COMPLETE - Transcription ready - Файлы сохранены
2025-11-07 04:04:15,191 - INFO - Asynchronous call: send_bulk_messages
2025-11-07 04:04:15,191 - INFO - Asynchronous call: get_agreed_participants_telegram_ids_query
2025-11-07 04:04:15,193 - INFO - Asynchronous result get_agreed_participants_telegram_ids_query:
2025-11-07 04:04:15,194 - INFO - [5960911489, 6376686274]
2025-11-07 04:04:15,194 - INFO - Asynchronous call: send_message_directly_by_username
2025-11-07 04:04:15,194 - INFO - Asynchronous call: send_message_directly_by_username
2025-11-07 04:04:15,194 - INFO - Asynchronous call: send_message_directly_by_username
2025-11-07 04:04:15,194 - INFO - Asynchronous call: send_message_directly_by_username
2025-11-07 04:04:15,262 - INFO - Asynchronous result send_message_directly_by_username:
2025-11-07 04:04:15,263 - INFO - None
2025-11-07 04:04:15,263 - INFO - Asynchronous result send_message_directly_by_username:
2025-11-07 04:04:15,263 - INFO - None
2025-11-07 04:04:15,326 - INFO - Asynchronous result send_message_directly_by_username:
2025-11-07 04:04:15,326 - INFO - None
2025-11-07 04:04:15,326 - INFO - Asynchronous result send_message_directly_by_username:
2025-11-07 04:04:15,326 - INFO - None
2025-11-07 04:04:15,326 - INFO - Asynchronous result send_bulk_messages:
2025-11-07 04:04:15,326 - INFO - None
2025-11-07 04:04:15,327 - INFO - Asynchronous result handle_transcription_notification:
2025-11-07 04:04:15,327 - INFO - None
2025-11-07 04:04:15,327 - INFO - Asynchronous call: handle_transcription_notification
2025-11-07 04:04:15,327 - INFO - Transcription notification: INFO - Summarizing - Generating summary via OpenRouter...
2025-11-07 04:04:15,327 - INFO - Asynchronous execution error handle_transcription_notification:
2025-11-07 04:04:15,327 - INFO - list index out of range
2025-11-07 04:04:24,811 - INFO - Asynchronous call: handle_back_tap
2025-11-07 04:04:25,045 - INFO - Asynchronous result handle_back_tap:
2025-11-07 04:04:25,045 - INFO - 0
2025-11-07 04:04:25,045 - INFO - Update id=318836187 is handled. Duration 235 ms by bot id=7868636837
2025-11-07 04:04:28,743 - INFO - Asynchronous call: handle_abstract
2025-11-07 04:04:28,860 - INFO - Asynchronous result handle_abstract:
2025-11-07 04:04:28,860 - INFO - 0
2025-11-07 04:04:28,861 - INFO - Update id=318836188 is handled. Duration 120 ms by bot id=7868636837
2025-11-07 04:04:32,008 - INFO - Asynchronous call: handle_Transcripts_of_meetings
2025-11-07 04:04:32,126 - INFO - Asynchronous result handle_Transcripts_of_meetings:
2025-11-07 04:04:32,126 - INFO - 0
2025-11-07 04:04:32,126 - INFO - Update id=318836189 is handled. Duration 121 ms by bot id=7868636837
2025-11-07 04:04:36,126 - INFO - Asynchronous call: handle_edit_questionnaire
2025-11-07 04:04:36,126 - INFO - Asynchronous call: get_all_subordinates_with_details_query
2025-11-07 04:04:36,129 - INFO - Asynchronous result get_all_subordinates_with_details_query:
2025-11-07 04:04:36,129 - INFO - []
2025-11-07 04:04:36,373 - INFO - Asynchronous result handle_edit_questionnaire:
2025-11-07 04:04:36,374 - INFO - 0
2025-11-07 04:04:36,374 - INFO - Update id=318836190 is handled. Duration 248 ms by bot id=7868636837
2025-11-07 04:04:56,074 - INFO - Asynchronous call: handle_get_period
2025-11-07 04:04:56,139 - INFO - Asynchronous result handle_get_period:
2025-11-07 04:04:56,140 - INFO - 0
2025-11-07 04:04:56,140 - INFO - Update id=318836191 is handled. Duration 66 ms by bot id=7868636837
2025-11-07 04:04:58,584 - INFO - Asynchronous call: handle_thats_all_person
2025-11-07 04:04:58,584 - INFO - Asynchronous call: get_meetings_with_summary_by_all_participants_query
2025-11-07 04:04:58,587 - INFO - Asynchronous result get_meetings_with_summary_by_all_participants_query:
2025-11-07 04:04:58,587 - INFO - []
2025-11-07 04:04:58,782 - INFO - Asynchronous result handle_thats_all_person:
2025-11-07 04:04:58,782 - INFO - 0
2025-11-07 04:04:58,782 - INFO - Update id=318836192 is handled. Duration 200 ms by bot id=7868636837
2025-11-07 04:05:26,766 - INFO - Asynchronous call: handle_transcription_notification
2025-11-07 04:05:26,766 - INFO - Transcription notification: REPORT_READY - Summary ready - Файлы сохранены
2025-11-07 04:05:26,766 - INFO - Asynchronous call: send_bulk_messages
2025-11-07 04:05:26,766 - INFO - Asynchronous call: get_agreed_participants_telegram_ids_query
2025-11-07 04:05:26,768 - INFO - Asynchronous result get_agreed_participants_telegram_ids_query:
2025-11-07 04:05:26,768 - INFO - [5960911489, 6376686274]
2025-11-07 04:05:26,768 - INFO - Asynchronous call: send_message_directly_by_username
2025-11-07 04:05:26,768 - INFO - Asynchronous call: send_message_directly_by_username
2025-11-07 04:05:26,769 - INFO - Asynchronous call: send_message_directly_by_username
2025-11-07 04:05:26,769 - INFO - Asynchronous call: send_message_directly_by_username
2025-11-07 04:05:26,837 - INFO - Asynchronous result send_message_directly_by_username:
2025-11-07 04:05:26,837 - INFO - None
2025-11-07 04:05:26,837 - INFO - Asynchronous result send_message_directly_by_username:
2025-11-07 04:05:26,837 - INFO - None
2025-11-07 04:05:26,837 - INFO - Asynchronous result send_message_directly_by_username:
2025-11-07 04:05:26,838 - INFO - None
2025-11-07 04:05:26,838 - INFO - Asynchronous result send_message_directly_by_username:
2025-11-07 04:05:26,838 - INFO - None
2025-11-07 04:05:26,838 - INFO - Asynchronous result send_bulk_messages:
2025-11-07 04:05:26,838 - INFO - None
2025-11-07 04:05:26,838 - INFO - Asynchronous result handle_transcription_notification:
2025-11-07 04:05:26,838 - INFO - None
2025-11-07 04:05:31,924 - INFO - Asynchronous call: handle_meetings_summaries
2025-11-07 04:05:32,038 - INFO - Asynchronous result handle_meetings_summaries:
2025-11-07 04:05:32,038 - INFO - 0
2025-11-07 04:05:32,038 - INFO - Update id=318836193 is handled. Duration 116 ms by bot id=7868636837
2025-11-07 04:05:39,333 - INFO - Asynchronous call: handle_get_period
2025-11-07 04:05:39,397 - INFO - Asynchronous result handle_get_period:
2025-11-07 04:05:39,397 - INFO - 0
2025-11-07 04:05:39,397 - INFO - Update id=318836194 is handled. Duration 65 ms by bot id=7868636837
2025-11-07 04:05:43,177 - INFO - Asynchronous call: handle_thats_all_person
2025-11-07 04:05:43,177 - INFO - Asynchronous call: get_meetings_with_summary_by_all_participants_query
2025-11-07 04:05:43,179 - INFO - Asynchronous result get_meetings_with_summary_by_all_participants_query:
2025-11-07 04:05:43,179 - INFO - []
2025-11-07 04:05:43,383 - INFO - Asynchronous result handle_thats_all_person:
2025-11-07 04:05:43,384 - INFO - 0
2025-11-07 04:05:43,384 - INFO - Update id=318836195 is handled. Duration 208 ms by bot id=7868636837
2025-11-07 04:11:50,421 - DEBUG - Error handling request from 162.244.82.179
Traceback (most recent call last):
  File "/tmp/onefile_1_1762487818_943230/aiohttp/web_protocol.py", line 408, in data_received
  File "aiohttp/_http_parser.pyx", line 558, in aiohttp._http_parser.HttpParser.feed_data
aiohttp.http_exceptions.BadHttpMethod: 400, message:
  Invalid method encountered:

    b'\x16\x03\x01\x02'
      ^
2025-11-07 04:11:50,422 - INFO - 162.244.82.179 [07/Nov/2025:04:11:50 +0000] "UNKNOWN / HTTP/1.0" 400 219 "-" "-"
2025-11-07 04:12:57,080 - DEBUG - Error handling request from 54.146.208.102
Traceback (most recent call last):
  File "/tmp/onefile_1_1762487818_943230/aiohttp/web_protocol.py", line 408, in data_received
  File "aiohttp/_http_parser.pyx", line 558, in aiohttp._http_parser.HttpParser.feed_data
aiohttp.http_exceptions.BadHttpMethod: 400, message:
  Invalid method encountered:

    b'\x16\x03\x01'
      ^
2025-11-07 04:12:57,081 - INFO - 54.146.208.102 [07/Nov/2025:04:12:57 +0000] "UNKNOWN / HTTP/1.0" 400 215 "-" "-"
2025-11-07 04:18:26,163 - DEBUG - Error handling request from 3.82.130.45
Traceback (most recent call last):
  File "/tmp/onefile_1_1762487818_943230/aiohttp/web_protocol.py", line 408, in data_received
  File "aiohttp/_http_parser.pyx", line 558, in aiohttp._http_parser.HttpParser.feed_data
aiohttp.http_exceptions.BadHttpMethod: 400, message:
  Invalid method encountered:

    b'\x16\x03\x01'
      ^
2025-11-07 04:18:26,163 - INFO - 3.82.130.45 [07/Nov/2025:04:18:26 +0000] "UNKNOWN / HTTP/1.0" 400 215 "-" "-"
2025-11-07 04:18:32,940 - DEBUG - Error handling request from 54.211.13.246
Traceback (most recent call last):
  File "/tmp/onefile_1_1762487818_943230/aiohttp/web_protocol.py", line 408, in data_received
  File "aiohttp/_http_parser.pyx", line 558, in aiohttp._http_parser.HttpParser.feed_data
aiohttp.http_exceptions.BadHttpMethod: 400, message:
  Invalid method encountered:

    b'\x16\x03\x01'
      ^
2025-11-07 04:18:32,941 - INFO - 54.211.13.246 [07/Nov/2025:04:18:32 +0000] "UNKNOWN / HTTP/1.0" 400 215 "-" "-"
2025-11-07 04:30:26,210 - DEBUG - Error handling request from 144.202.82.88
Traceback (most recent call last):
  File "/tmp/onefile_1_1762487818_943230/aiohttp/web_protocol.py", line 408, in data_received
  File "aiohttp/_http_parser.pyx", line 558, in aiohttp._http_parser.HttpParser.feed_data
aiohttp.http_exceptions.BadHttpMethod: 400, message:
  Invalid method encountered:

    b'\x16\x03\x01'
      ^
2025-11-07 04:30:26,211 - INFO - 144.202.82.88 [07/Nov/2025:04:30:26 +0000] "UNKNOWN / HTTP/1.0" 400 215 "-" "-"
2025-11-07 04:47:45,066 - DEBUG - Error handling request from 162.244.82.179
Traceback (most recent call last):
  File "/tmp/onefile_1_1762487818_943230/aiohttp/web_protocol.py", line 408, in data_received
  File "aiohttp/_http_parser.pyx", line 558, in aiohttp._http_parser.HttpParser.feed_data
aiohttp.http_exceptions.BadHttpMethod: 400, message:
  Invalid method encountered:

    b'\x16\x03\x01\x02'
      ^
2025-11-07 04:47:45,067 - INFO - 162.244.82.179 [07/Nov/2025:04:47:45 +0000] "UNKNOWN / HTTP/1.0" 400 219 "-" "-"
2025-11-07 05:18:32,127 - DEBUG - Error handling request from 20.64.104.93
Traceback (most recent call last):
  File "/tmp/onefile_1_1762487818_943230/aiohttp/web_protocol.py", line 408, in data_received
  File "aiohttp/_http_parser.pyx", line 558, in aiohttp._http_parser.HttpParser.feed_data
aiohttp.http_exceptions.BadHttpMethod: 400, message:
  Invalid method encountered:

    b'\x16\x03\x01'
      ^
2025-11-07 05:18:32,128 - INFO - 20.64.104.93 [07/Nov/2025:05:18:32 +0000] "UNKNOWN / HTTP/1.0" 400 215 "-" "-"
2025-11-07 05:23:55,374 - DEBUG - Error handling request from 162.244.82.179
Traceback (most recent call last):
  File "/tmp/onefile_1_1762487818_943230/aiohttp/web_protocol.py", line 408, in data_received
  File "aiohttp/_http_parser.pyx", line 558, in aiohttp._http_parser.HttpParser.feed_data
aiohttp.http_exceptions.BadHttpMethod: 400, message:
  Invalid method encountered:

    b'\x16\x03\x01\x02'
      ^
2025-11-07 05:23:55,375 - INFO - 162.244.82.179 [07/Nov/2025:05:23:55 +0000] "UNKNOWN / HTTP/1.0" 400 219 "-" "-"
2025-11-07 05:28:27,057 - DEBUG - Error handling request from 103.105.208.136
Traceback (most recent call last):
  File "/tmp/onefile_1_1762487818_943230/aiohttp/web_protocol.py", line 408, in data_received
  File "aiohttp/_http_parser.pyx", line 558, in aiohttp._http_parser.HttpParser.feed_data
aiohttp.http_exceptions.BadHttpMethod: 400, message:
  Invalid method encountered:

    b'\x16\x03\x01\x01\xaa\x01'
      ^
2025-11-07 05:28:27,057 - INFO - 103.105.208.136 [07/Nov/2025:05:28:27 +0000] "UNKNOWN / HTTP/1.0" 400 227 "-" "-"
2025-11-07 05:37:36,475 - DEBUG - Error handling request from 167.94.138.190
Traceback (most recent call last):
  File "/tmp/onefile_1_1762487818_943230/aiohttp/web_protocol.py", line 408, in data_received
  File "aiohttp/_http_parser.pyx", line 558, in aiohttp._http_parser.HttpParser.feed_data
aiohttp.http_exceptions.BadHttpMethod: 400, message:
  Invalid method encountered:

    b'\x16\x03\x01'
      ^
2025-11-07 05:37:36,475 - INFO - 167.94.138.190 [07/Nov/2025:05:37:36 +0000] "UNKNOWN / HTTP/1.0" 400 215 "-" "-"
2025-11-07 05:37:36,866 - INFO - 167.94.138.190 [07/Nov/2025:05:37:36 +0000] "GET / HTTP/1.1" 404 175 "-" "Mozilla/5.0 (compatible; CensysInspect/1.1; +https://about.censys.io/)"
2025-11-07 05:37:37,280 - ERROR - Error handling request from 167.94.138.190
Traceback (most recent call last):
  File "/tmp/onefile_1_1762487818_943230/aiohttp/web_protocol.py", line 408, in data_received
  File "aiohttp/_http_parser.pyx", line 558, in aiohttp._http_parser.HttpParser.feed_data
aiohttp.http_exceptions.BadHttpMessage: 400, message:
  Pause on PRI/Upgrade:

    b''
      ^
2025-11-07 05:37:37,280 - INFO - 167.94.138.190 [07/Nov/2025:05:37:37 +0000] "UNKNOWN / HTTP/1.0" 400 197 "-" "-"
2025-11-07 05:37:43,097 - DEBUG - Error handling request from 167.94.138.190
Traceback (most recent call last):
  File "/tmp/onefile_1_1762487818_943230/aiohttp/web_protocol.py", line 408, in data_received
  File "aiohttp/_http_parser.pyx", line 558, in aiohttp._http_parser.HttpParser.feed_data
aiohttp.http_exceptions.BadHttpMethod: 400, message:
  Invalid method encountered:

    b'\x16\x03\x01'
      ^
2025-11-07 05:37:43,097 - INFO - 167.94.138.190 [07/Nov/2025:05:37:43 +0000] "UNKNOWN / HTTP/1.0" 400 215 "-" "-"
2025-11-07 05:37:43,556 - INFO - 167.94.138.190 [07/Nov/2025:05:37:43 +0000] "GET /sitemap.xml HTTP/1.1" 404 175 "-" "Mozilla/5.0 (compatible; CensysInspect/1.1; +https://about.censys.io/)"
2025-11-07 05:49:55,419 - DEBUG - Error handling request from 172.237.103.185
Traceback (most recent call last):
  File "/tmp/onefile_1_1762487818_943230/aiohttp/web_protocol.py", line 408, in data_received
  File "aiohttp/_http_parser.pyx", line 558, in aiohttp._http_parser.HttpParser.feed_data
aiohttp.http_exceptions.BadHttpMethod: 400, message:
  Invalid method encountered:

    b'\x16\x03\x01\x02'
      ^
2025-11-07 05:49:55,420 - INFO - 172.237.103.185 [07/Nov/2025:05:49:55 +0000] "UNKNOWN / HTTP/1.0" 400 219 "-" "-"
2025-11-07 06:14:39,865 - DEBUG - Error handling request from 103.105.208.136
Traceback (most recent call last):
  File "/tmp/onefile_1_1762487818_943230/aiohttp/web_protocol.py", line 408, in data_received
  File "aiohttp/_http_parser.pyx", line 558, in aiohttp._http_parser.HttpParser.feed_data
aiohttp.http_exceptions.BadHttpMethod: 400, message:
  Invalid method encountered:

    b'\x16\x03\x01'
      ^
2025-11-07 06:14:39,866 - INFO - 103.105.208.136 [07/Nov/2025:06:14:39 +0000] "UNKNOWN / HTTP/1.0" 400 215 "-" "-"
2025-11-07 06:35:53,147 - DEBUG - Error handling request from 167.94.146.60
Traceback (most recent call last):
  File "/tmp/onefile_1_1762487818_943230/aiohttp/web_protocol.py", line 408, in data_received
  File "aiohttp/_http_parser.pyx", line 558, in aiohttp._http_parser.HttpParser.feed_data
aiohttp.http_exceptions.BadHttpMethod: 400, message:
  Invalid method encountered:

    b'\x16\x03\x01'
      ^
2025-11-07 06:35:53,148 - INFO - 167.94.146.60 [07/Nov/2025:06:35:53 +0000] "UNKNOWN / HTTP/1.0" 400 215 "-" "-"
2025-11-07 06:35:53,833 - INFO - 167.94.146.60 [07/Nov/2025:06:35:53 +0000] "GET / HTTP/1.1" 404 175 "-" "Mozilla/5.0 (compatible; CensysInspect/1.1; +https://about.censys.io/)"
2025-11-07 06:35:53,987 - ERROR - Error handling request from 167.94.146.60
Traceback (most recent call last):
  File "/tmp/onefile_1_1762487818_943230/aiohttp/web_protocol.py", line 408, in data_received
  File "aiohttp/_http_parser.pyx", line 558, in aiohttp._http_parser.HttpParser.feed_data
aiohttp.http_exceptions.BadHttpMessage: 400, message:
  Pause on PRI/Upgrade:

    b''
      ^
2025-11-07 06:35:53,987 - INFO - 167.94.146.60 [07/Nov/2025:06:35:53 +0000] "UNKNOWN / HTTP/1.0" 400 197 "-" "-"
2025-11-07 06:36:28,240 - DEBUG - Error handling request from 167.94.146.60
Traceback (most recent call last):
  File "/tmp/onefile_1_1762487818_943230/aiohttp/web_protocol.py", line 408, in data_received
  File "aiohttp/_http_parser.pyx", line 558, in aiohttp._http_parser.HttpParser.feed_data
aiohttp.http_exceptions.BadHttpMethod: 400, message:
  Invalid method encountered:

    b'\x16\x03\x01'
      ^
2025-11-07 06:36:28,240 - INFO - 167.94.146.60 [07/Nov/2025:06:36:28 +0000] "UNKNOWN / HTTP/1.0" 400 215 "-" "-"
2025-11-07 06:36:28,412 - INFO - 167.94.146.60 [07/Nov/2025:06:36:28 +0000] "GET /wiki HTTP/1.1" 404 175 "-" "Mozilla/5.0 (compatible; CensysInspect/1.1; +https://about.censys.io/)"
2025-11-07 06:40:51,587 - DEBUG - Error handling request from 134.209.240.55
Traceback (most recent call last):
  File "/tmp/onefile_1_1762487818_943230/aiohttp/web_protocol.py", line 408, in data_received
  File "aiohttp/_http_parser.pyx", line 558, in aiohttp._http_parser.HttpParser.feed_data
aiohttp.http_exceptions.BadHttpMethod: 400, message:
  Invalid method encountered:

    b'\x16\x03\x01'
      ^
2025-11-07 06:40:51,588 - INFO - 134.209.240.55 [07/Nov/2025:06:40:51 +0000] "UNKNOWN / HTTP/1.0" 400 215 "-" "-"
2025-11-07 06:40:51,685 - DEBUG - Error handling request from 134.209.240.55
Traceback (most recent call last):
  File "/tmp/onefile_1_1762487818_943230/aiohttp/web_protocol.py", line 408, in data_received
  File "aiohttp/_http_parser.pyx", line 558, in aiohttp._http_parser.HttpParser.feed_data
aiohttp.http_exceptions.BadHttpMethod: 400, message:
  Invalid method encountered:

    b'\x16\x03\x01'
      ^
2025-11-07 06:40:51,685 - INFO - 134.209.240.55 [07/Nov/2025:06:40:51 +0000] "UNKNOWN / HTTP/1.0" 400 215 "-" "-"
2025-11-07 06:40:51,836 - DEBUG - Error handling request from 134.209.240.55
Traceback (most recent call last):
  File "/tmp/onefile_1_1762487818_943230/aiohttp/web_protocol.py", line 408, in data_received
  File "aiohttp/_http_parser.pyx", line 558, in aiohttp._http_parser.HttpParser.feed_data
aiohttp.http_exceptions.BadHttpMethod: 400, message:
  Invalid method encountered:

    b'\x16\x03\x01'
      ^
2025-11-07 06:40:51,837 - INFO - 134.209.240.55 [07/Nov/2025:06:40:51 +0000] "UNKNOWN / HTTP/1.0" 400 215 "-" "-"
2025-11-07 06:40:52,086 - DEBUG - Error handling request from 134.209.240.55
Traceback (most recent call last):
  File "/tmp/onefile_1_1762487818_943230/aiohttp/web_protocol.py", line 408, in data_received
  File "aiohttp/_http_parser.pyx", line 558, in aiohttp._http_parser.HttpParser.feed_data
aiohttp.http_exceptions.BadHttpMethod: 400, message:
  Invalid method encountered:

    b'\x16\x03\x01'
      ^
2025-11-07 06:40:52,087 - INFO - 134.209.240.55 [07/Nov/2025:06:40:52 +0000] "UNKNOWN / HTTP/1.0" 400 215 "-" "-"
2025-11-07 06:48:18,731 - DEBUG - Error handling request from 134.199.161.109
Traceback (most recent call last):
  File "/tmp/onefile_1_1762487818_943230/aiohttp/web_protocol.py", line 408, in data_received
  File "aiohttp/_http_parser.pyx", line 558, in aiohttp._http_parser.HttpParser.feed_data
aiohttp.http_exceptions.BadHttpMethod: 400, message:
  Invalid method encountered:

    b'\x16\x03\x01'
      ^
2025-11-07 06:48:18,732 - INFO - 134.199.161.109 [07/Nov/2025:06:48:18 +0000] "UNKNOWN / HTTP/1.0" 400 215 "-" "-"
2025-11-07 06:48:19,293 - DEBUG - Error handling request from 134.199.161.109
Traceback (most recent call last):
  File "/tmp/onefile_1_1762487818_943230/aiohttp/web_protocol.py", line 408, in data_received
  File "aiohttp/_http_parser.pyx", line 558, in aiohttp._http_parser.HttpParser.feed_data
aiohttp.http_exceptions.BadHttpMethod: 400, message:
  Invalid method encountered:

    b'\x16\x03\x01'
      ^
2025-11-07 06:48:19,293 - INFO - 134.199.161.109 [07/Nov/2025:06:48:19 +0000] "UNKNOWN / HTTP/1.0" 400 215 "-" "-"
2025-11-07 06:48:19,923 - DEBUG - Error handling request from 134.199.161.109
Traceback (most recent call last):
  File "/tmp/onefile_1_1762487818_943230/aiohttp/web_protocol.py", line 408, in data_received
  File "aiohttp/_http_parser.pyx", line 558, in aiohttp._http_parser.HttpParser.feed_data
aiohttp.http_exceptions.BadHttpMethod: 400, message:
  Invalid method encountered:

    b'\x16\x03\x01'
      ^
2025-11-07 06:48:19,923 - INFO - 134.199.161.109 [07/Nov/2025:06:48:19 +0000] "UNKNOWN / HTTP/1.0" 400 215 "-" "-"
2025-11-07 06:48:20,498 - DEBUG - Error handling request from 134.199.161.109
Traceback (most recent call last):
  File "/tmp/onefile_1_1762487818_943230/aiohttp/web_protocol.py", line 408, in data_received
  File "aiohttp/_http_parser.pyx", line 558, in aiohttp._http_parser.HttpParser.feed_data
aiohttp.http_exceptions.BadHttpMethod: 400, message:
  Invalid method encountered:

    b'\x16\x03\x03\x01\xa6\x01'
      ^
2025-11-07 06:48:20,499 - INFO - 134.199.161.109 [07/Nov/2025:06:48:20 +0000] "UNKNOWN / HTTP/1.0" 400 227 "-" "-"
2025-11-07 06:48:21,072 - DEBUG - Error handling request from 134.199.161.109
Traceback (most recent call last):
  File "/tmp/onefile_1_1762487818_943230/aiohttp/web_protocol.py", line 408, in data_received
  File "aiohttp/_http_parser.pyx", line 558, in aiohttp._http_parser.HttpParser.feed_data
aiohttp.http_exceptions.BadHttpMethod: 400, message:
  Invalid method encountered:

    b'\x16\x03\x03\x01\xa6\x01'
      ^
2025-11-07 06:48:21,072 - INFO - 134.199.161.109 [07/Nov/2025:06:48:21 +0000] "UNKNOWN / HTTP/1.0" 400 227 "-" "-"
2025-11-07 06:48:21,734 - DEBUG - Error handling request from 134.199.161.109
Traceback (most recent call last):
  File "/tmp/onefile_1_1762487818_943230/aiohttp/web_protocol.py", line 408, in data_received
  File "aiohttp/_http_parser.pyx", line 558, in aiohttp._http_parser.HttpParser.feed_data
aiohttp.http_exceptions.BadHttpMethod: 400, message:
  Invalid method encountered:

    b'\x16\x03\x03\x01W\x01'
      ^
2025-11-07 06:48:21,735 - INFO - 134.199.161.109 [07/Nov/2025:06:48:21 +0000] "UNKNOWN / HTTP/1.0" 400 224 "-" "-"
2025-11-07 06:48:22,401 - DEBUG - Error handling request from 134.199.161.109
Traceback (most recent call last):
  File "/tmp/onefile_1_1762487818_943230/aiohttp/web_protocol.py", line 408, in data_received
  File "aiohttp/_http_parser.pyx", line 558, in aiohttp._http_parser.HttpParser.feed_data
aiohttp.http_exceptions.BadHttpMethod: 400, message:
  Invalid method encountered:

    b'\x16\x03\x03\x01I\x01'
      ^
2025-11-07 06:48:22,402 - INFO - 134.199.161.109 [07/Nov/2025:06:48:22 +0000] "UNKNOWN / HTTP/1.0" 400 224 "-" "-"
2025-11-07 06:48:22,977 - DEBUG - Error handling request from 134.199.161.109
Traceback (most recent call last):
  File "/tmp/onefile_1_1762487818_943230/aiohttp/web_protocol.py", line 408, in data_received
  File "aiohttp/_http_parser.pyx", line 558, in aiohttp._http_parser.HttpParser.feed_data
aiohttp.http_exceptions.BadHttpMethod: 400, message:
  Invalid method encountered:

    b'\x16\x03\x03\x01\x9a\x01'
      ^
2025-11-07 06:48:22,978 - INFO - 134.199.161.109 [07/Nov/2025:06:48:22 +0000] "UNKNOWN / HTTP/1.0" 400 227 "-" "-"
2025-11-07 06:48:23,537 - DEBUG - Error handling request from 134.199.161.109
Traceback (most recent call last):
  File "/tmp/onefile_1_1762487818_943230/aiohttp/web_protocol.py", line 408, in data_received
  File "aiohttp/_http_parser.pyx", line 558, in aiohttp._http_parser.HttpParser.feed_data
aiohttp.http_exceptions.BadHttpMethod: 400, message:
  Invalid method encountered:

    b'\x16\x03\x02\x01\x9b\x01'
      ^
2025-11-07 06:48:23,538 - INFO - 134.199.161.109 [07/Nov/2025:06:48:23 +0000] "UNKNOWN / HTTP/1.0" 400 227 "-" "-"
2025-11-07 06:48:24,112 - DEBUG - Error handling request from 134.199.161.109
Traceback (most recent call last):
  File "/tmp/onefile_1_1762487818_943230/aiohttp/web_protocol.py", line 408, in data_received
  File "aiohttp/_http_parser.pyx", line 558, in aiohttp._http_parser.HttpParser.feed_data
aiohttp.http_exceptions.BadHttpMethod: 400, message:
  Invalid method encountered:

    b'\x16\x03\x01\x01\xa8\x01'
      ^
2025-11-07 06:48:24,113 - INFO - 134.199.161.109 [07/Nov/2025:06:48:24 +0000] "UNKNOWN / HTTP/1.0" 400 227 "-" "-"
2025-11-07 06:48:24,716 - DEBUG - Error handling request from 134.199.161.109
Traceback (most recent call last):
  File "/tmp/onefile_1_1762487818_943230/aiohttp/web_protocol.py", line 408, in data_received
  File "aiohttp/_http_parser.pyx", line 558, in aiohttp._http_parser.HttpParser.feed_data
aiohttp.http_exceptions.BadHttpMethod: 400, message:
  Invalid method encountered:

    b'\x16\x03\x01\x01\xa8\x01'
      ^
2025-11-07 06:48:24,716 - INFO - 134.199.161.109 [07/Nov/2025:06:48:24 +0000] "UNKNOWN / HTTP/1.0" 400 227 "-" "-"
2025-11-07 06:48:25,291 - DEBUG - Error handling request from 134.199.161.109
Traceback (most recent call last):
  File "/tmp/onefile_1_1762487818_943230/aiohttp/web_protocol.py", line 408, in data_received
  File "aiohttp/_http_parser.pyx", line 558, in aiohttp._http_parser.HttpParser.feed_data
aiohttp.http_exceptions.BadHttpMethod: 400, message:
  Invalid method encountered:

    b'\x16\x03\x01\x01\x9e\x01'
      ^
2025-11-07 06:48:25,292 - INFO - 134.199.161.109 [07/Nov/2025:06:48:25 +0000] "UNKNOWN / HTTP/1.0" 400 227 "-" "-"
2025-11-07 06:48:25,862 - DEBUG - Error handling request from 134.199.161.109
Traceback (most recent call last):
  File "/tmp/onefile_1_1762487818_943230/aiohttp/web_protocol.py", line 408, in data_received
  File "aiohttp/_http_parser.pyx", line 558, in aiohttp._http_parser.HttpParser.feed_data
aiohttp.http_exceptions.BadHttpMethod: 400, message:
  Invalid method encountered:

    b'\x16\x03\x01\x01\xb5\x01'
      ^
2025-11-07 06:48:25,863 - INFO - 134.199.161.109 [07/Nov/2025:06:48:25 +0000] "UNKNOWN / HTTP/1.0" 400 227 "-" "-"
2025-11-07 06:48:26,435 - INFO - 134.199.161.109 [07/Nov/2025:06:48:26 +0000] "GET / HTTP/1.1" 404 175 "-" "Mozilla/5.0 (Windows NT 10.0; Win64; x64) AppleWebKit/537.36 (KHTML, like Gecko) Chrome/108.0.0.0 Safari/537.36"
2025-11-07 06:48:27,008 - DEBUG - Error handling request from 134.199.161.109
Traceback (most recent call last):
  File "/tmp/onefile_1_1762487818_943230/aiohttp/web_protocol.py", line 408, in data_received
  File "aiohttp/_http_parser.pyx", line 558, in aiohttp._http_parser.HttpParser.feed_data
aiohttp.http_exceptions.BadHttpMethod: 400, message:
  Invalid method encountered:

    b'\x16\x03\x01'
      ^
2025-11-07 06:48:27,009 - INFO - 134.199.161.109 [07/Nov/2025:06:48:27 +0000] "UNKNOWN / HTTP/1.0" 400 215 "-" "-"
2025-11-07 06:48:27,581 - INFO - 134.199.161.109 [07/Nov/2025:06:48:27 +0000] "GET /t4 HTTP/1.1" 404 175 "-" "Mozilla/5.0"
2025-11-07 06:48:28,141 - INFO - 134.199.161.109 [07/Nov/2025:06:48:28 +0000] "GET /favicon.ico HTTP/1.1" 404 175 "-" "Mozilla/5.0 (Windows NT 10.0; Win64; x64) AppleWebKit/537.36 (KHTML, like Gecko) Chrome/108.0.0.0 Safari/537.36"
2025-11-07 06:48:28,710 - DEBUG - Error handling request from 134.199.161.109
Traceback (most recent call last):
  File "/tmp/onefile_1_1762487818_943230/aiohttp/web_protocol.py", line 408, in data_received
  File "aiohttp/_http_parser.pyx", line 558, in aiohttp._http_parser.HttpParser.feed_data
aiohttp.http_exceptions.BadHttpMethod: 400, message:
  Invalid method encountered:

    b'\x16\x03\x01'
      ^
2025-11-07 06:48:28,711 - INFO - 134.199.161.109 [07/Nov/2025:06:48:28 +0000] "UNKNOWN / HTTP/1.0" 400 215 "-" "-"
2025-11-07 06:48:29,291 - DEBUG - Error handling request from 134.199.161.109
Traceback (most recent call last):
  File "/tmp/onefile_1_1762487818_943230/aiohttp/web_protocol.py", line 408, in data_received
  File "aiohttp/_http_parser.pyx", line 558, in aiohttp._http_parser.HttpParser.feed_data
aiohttp.http_exceptions.BadHttpMethod: 400, message:
  Invalid method encountered:

    b'\x16\x03\x01'
      ^
2025-11-07 06:48:29,292 - INFO - 134.199.161.109 [07/Nov/2025:06:48:29 +0000] "UNKNOWN / HTTP/1.0" 400 215 "-" "-"
2025-11-07 07:12:27,481 - DEBUG - Error handling request from 162.244.82.179
Traceback (most recent call last):
  File "/tmp/onefile_1_1762487818_943230/aiohttp/web_protocol.py", line 408, in data_received
  File "aiohttp/_http_parser.pyx", line 558, in aiohttp._http_parser.HttpParser.feed_data
aiohttp.http_exceptions.BadHttpMethod: 400, message:
  Invalid method encountered:

    b'\x16\x03\x01\x02'
      ^
2025-11-07 07:12:27,481 - INFO - 162.244.82.179 [07/Nov/2025:07:12:27 +0000] "UNKNOWN / HTTP/1.0" 400 219 "-" "-"
2025-11-07 07:13:28,647 - DEBUG - Error handling request from 152.32.223.215
Traceback (most recent call last):
  File "/tmp/onefile_1_1762487818_943230/aiohttp/web_protocol.py", line 408, in data_received
  File "aiohttp/_http_parser.pyx", line 558, in aiohttp._http_parser.HttpParser.feed_data
aiohttp.http_exceptions.BadHttpMethod: 400, message:
  Invalid method encountered:

    b'\x16\x03\x01\x01\x17\x01'
      ^
2025-11-07 07:13:28,648 - INFO - 152.32.223.215 [07/Nov/2025:07:13:28 +0000] "UNKNOWN / HTTP/1.0" 400 227 "-" "-"
2025-11-07 07:13:39,383 - INFO - 152.32.223.215 [07/Nov/2025:07:13:39 +0000] "GET / HTTP/1.1" 404 175 "-" "Mozilla/5.0 (Macintosh; Intel Mac OS X 10_15_7) AppleWebKit/537.36 (KHTML, like Gecko) Chrome/120.0.0.0 Safari/537.36 Edg/120.0.0.0"
2025-11-07 07:13:57,869 - INFO - 152.32.223.215 [07/Nov/2025:07:13:57 +0000] "GET /favicon.ico HTTP/1.1" 404 175 "-" "Mozilla/5.0 (Macintosh; Intel Mac OS X 10_7_0) AppleWebKit/535.11 (KHTML, like Gecko) Chrome/17.0.963.56 Safari/535.11"
2025-11-07 07:13:58,407 - INFO - 152.32.223.215 [07/Nov/2025:07:13:58 +0000] "GET /robots.txt HTTP/1.1" 404 175 "-" "Mozilla/5.0 (Macintosh; Intel Mac OS X 10_7_0) AppleWebKit/535.11 (KHTML, like Gecko) Chrome/17.0.963.56 Safari/535.11"
2025-11-07 07:13:58,918 - INFO - 152.32.223.215 [07/Nov/2025:07:13:58 +0000] "GET /sitemap.xml HTTP/1.1" 404 175 "-" "Mozilla/5.0 (Macintosh; Intel Mac OS X 10_7_0) AppleWebKit/535.11 (KHTML, like Gecko) Chrome/17.0.963.56 Safari/535.11"
2025-11-07 07:18:27,678 - DEBUG - Error handling request from 62.169.30.38
Traceback (most recent call last):
  File "/tmp/onefile_1_1762487818_943230/aiohttp/web_protocol.py", line 408, in data_received
  File "aiohttp/_http_parser.pyx", line 558, in aiohttp._http_parser.HttpParser.feed_data
aiohttp.http_exceptions.BadHttpMethod: 400, message:
  Invalid method encountered:

    b'\x16\x03\x01'
      ^
2025-11-07 07:18:27,679 - INFO - 62.169.30.38 [07/Nov/2025:07:18:27 +0000] "UNKNOWN / HTTP/1.0" 400 215 "-" "-"
2025-11-07 07:33:05,048 - DEBUG - Error handling request from 35.236.51.192
Traceback (most recent call last):
  File "/tmp/onefile_1_1762487818_943230/aiohttp/web_protocol.py", line 408, in data_received
  File "aiohttp/_http_parser.pyx", line 558, in aiohttp._http_parser.HttpParser.feed_data
aiohttp.http_exceptions.BadHttpMethod: 400, message:
  Invalid method encountered:

    b'\x16\x03\x01'
      ^
2025-11-07 07:33:05,048 - INFO - 35.236.51.192 [07/Nov/2025:07:33:05 +0000] "UNKNOWN / HTTP/1.0" 400 215 "-" "-"
2025-11-07 07:48:06,465 - DEBUG - Error handling request from 162.244.82.179
Traceback (most recent call last):
  File "/tmp/onefile_1_1762487818_943230/aiohttp/web_protocol.py", line 408, in data_received
  File "aiohttp/_http_parser.pyx", line 558, in aiohttp._http_parser.HttpParser.feed_data
aiohttp.http_exceptions.BadHttpMethod: 400, message:
  Invalid method encountered:

    b'\x16\x03\x01\x02'
      ^
2025-11-07 07:48:06,465 - INFO - 162.244.82.179 [07/Nov/2025:07:48:06 +0000] "UNKNOWN / HTTP/1.0" 400 219 "-" "-"
2025-11-07 08:01:22,825 - DEBUG - Error handling request from 104.236.223.255
Traceback (most recent call last):
  File "/tmp/onefile_1_1762487818_943230/aiohttp/web_protocol.py", line 408, in data_received
  File "aiohttp/_http_parser.pyx", line 558, in aiohttp._http_parser.HttpParser.feed_data
aiohttp.http_exceptions.BadHttpMethod: 400, message:
  Invalid method encountered:

    b'\x16\x03\x01'
      ^
2025-11-07 08:01:22,826 - INFO - 104.236.223.255 [07/Nov/2025:08:01:22 +0000] "UNKNOWN / HTTP/1.0" 400 215 "-" "-"
2025-11-07 08:01:23,107 - INFO - 104.236.223.255 [07/Nov/2025:08:01:23 +0000] "GET /.env HTTP/1.1" 404 175 "-" "Mozilla/5.0; Keydrop.io/1.0(onlyscans.com/about);"
2025-11-07 08:01:23,439 - DEBUG - Error handling request from 104.236.223.255
Traceback (most recent call last):
  File "/tmp/onefile_1_1762487818_943230/aiohttp/web_protocol.py", line 408, in data_received
  File "aiohttp/_http_parser.pyx", line 558, in aiohttp._http_parser.HttpParser.feed_data
aiohttp.http_exceptions.BadHttpMethod: 400, message:
  Invalid method encountered:

    b'\x16\x03\x01'
      ^
2025-11-07 08:01:23,440 - INFO - 104.236.223.255 [07/Nov/2025:08:01:23 +0000] "UNKNOWN / HTTP/1.0" 400 215 "-" "-"
2025-11-07 08:01:23,756 - INFO - 104.236.223.255 [07/Nov/2025:08:01:23 +0000] "GET /.git/config HTTP/1.1" 404 175 "-" "Mozilla/5.0; Keydrop.io/1.0(onlyscans.com/about);"
2025-11-07 08:10:27,085 - INFO - 66.132.153.52 [07/Nov/2025:08:10:27 +0000] "GET / HTTP/1.1" 404 175 "-" "Mozilla/5.0 (compatible; CensysInspect/1.1; +https://about.censys.io/)"
2025-11-07 08:10:27,329 - ERROR - Error handling request from 66.132.153.52
Traceback (most recent call last):
  File "/tmp/onefile_1_1762487818_943230/aiohttp/web_protocol.py", line 408, in data_received
  File "aiohttp/_http_parser.pyx", line 558, in aiohttp._http_parser.HttpParser.feed_data
aiohttp.http_exceptions.BadHttpMessage: 400, message:
  Pause on PRI/Upgrade:

    b''
      ^
2025-11-07 08:10:27,329 - INFO - 66.132.153.52 [07/Nov/2025:08:10:27 +0000] "UNKNOWN / HTTP/1.0" 400 197 "-" "-"
2025-11-07 08:25:21,268 - DEBUG - Error handling request from 162.244.82.179
Traceback (most recent call last):
  File "/tmp/onefile_1_1762487818_943230/aiohttp/web_protocol.py", line 408, in data_received
  File "aiohttp/_http_parser.pyx", line 558, in aiohttp._http_parser.HttpParser.feed_data
aiohttp.http_exceptions.BadHttpMethod: 400, message:
  Invalid method encountered:

    b'\x16\x03\x01\x02'
      ^
2025-11-07 08:25:21,269 - INFO - 162.244.82.179 [07/Nov/2025:08:25:21 +0000] "UNKNOWN / HTTP/1.0" 400 219 "-" "-"
2025-11-07 09:00:57,193 - DEBUG - Error handling request from 194.163.129.51
Traceback (most recent call last):
  File "/tmp/onefile_1_1762487818_943230/aiohttp/web_protocol.py", line 408, in data_received
  File "aiohttp/_http_parser.pyx", line 558, in aiohttp._http_parser.HttpParser.feed_data
aiohttp.http_exceptions.BadHttpMethod: 400, message:
  Invalid method encountered:

    b'\x16\x03\x01\x01\xa8\x01'
      ^
2025-11-07 09:00:57,194 - INFO - 194.163.129.51 [07/Nov/2025:09:00:57 +0000] "UNKNOWN / HTTP/1.0" 400 227 "-" "-"
2025-11-07 09:02:10,941 - DEBUG - Error handling request from 162.244.82.179
Traceback (most recent call last):
  File "/tmp/onefile_1_1762487818_943230/aiohttp/web_protocol.py", line 408, in data_received
  File "aiohttp/_http_parser.pyx", line 558, in aiohttp._http_parser.HttpParser.feed_data
aiohttp.http_exceptions.BadHttpMethod: 400, message:
  Invalid method encountered:

    b'\x16\x03\x01\x02'
      ^
2025-11-07 09:02:10,942 - INFO - 162.244.82.179 [07/Nov/2025:09:02:10 +0000] "UNKNOWN / HTTP/1.0" 400 219 "-" "-"
2025-11-07 09:02:58,752 - DEBUG - Error handling request from 34.79.180.31
Traceback (most recent call last):
  File "/tmp/onefile_1_1762487818_943230/aiohttp/web_protocol.py", line 408, in data_received
  File "aiohttp/_http_parser.pyx", line 558, in aiohttp._http_parser.HttpParser.feed_data
aiohttp.http_exceptions.BadHttpMethod: 400, message:
  Invalid method encountered:

    b'\x16\x03\x01\x02'
      ^
2025-11-07 09:02:58,753 - INFO - 34.79.180.31 [07/Nov/2025:09:02:58 +0000] "UNKNOWN / HTTP/1.0" 400 219 "-" "-"
2025-11-07 09:03:07,727 - DEBUG - Error handling request from 185.189.182.234
Traceback (most recent call last):
  File "/tmp/onefile_1_1762487818_943230/aiohttp/web_protocol.py", line 408, in data_received
  File "aiohttp/_http_parser.pyx", line 558, in aiohttp._http_parser.HttpParser.feed_data
aiohttp.http_exceptions.BadHttpMethod: 400, message:
  Invalid method encountered:

    b'\x16\x03\x01'
      ^
2025-11-07 09:03:07,727 - INFO - 185.189.182.234 [07/Nov/2025:09:03:07 +0000] "UNKNOWN / HTTP/1.0" 400 215 "-" "-"
2025-11-07 09:19:37,413 - DEBUG - Error handling request from 45.79.67.168
Traceback (most recent call last):
  File "/tmp/onefile_1_1762487818_943230/aiohttp/web_protocol.py", line 408, in data_received
  File "aiohttp/_http_parser.pyx", line 558, in aiohttp._http_parser.HttpParser.feed_data
aiohttp.http_exceptions.BadHttpMethod: 400, message:
  Invalid method encountered:

    b'\x16\x03\x01'
      ^
2025-11-07 09:19:37,414 - INFO - 45.79.67.168 [07/Nov/2025:09:19:37 +0000] "UNKNOWN / HTTP/1.0" 400 215 "-" "-"
2025-11-07 09:31:48,248 - DEBUG - Error handling request from 193.142.147.209
Traceback (most recent call last):
  File "/tmp/onefile_1_1762487818_943230/aiohttp/web_protocol.py", line 408, in data_received
  File "aiohttp/_http_parser.pyx", line 558, in aiohttp._http_parser.HttpParser.feed_data
aiohttp.http_exceptions.BadHttpMethod: 400, message:
  Invalid method encountered:

    b'\x16\x03\x01'
      ^
2025-11-07 09:31:48,250 - INFO - 193.142.147.209 [07/Nov/2025:09:31:48 +0000] "UNKNOWN / HTTP/1.0" 400 215 "-" "-"
2025-11-07 09:37:43,052 - DEBUG - Error handling request from 162.244.82.179
Traceback (most recent call last):
  File "/tmp/onefile_1_1762487818_943230/aiohttp/web_protocol.py", line 408, in data_received
  File "aiohttp/_http_parser.pyx", line 558, in aiohttp._http_parser.HttpParser.feed_data
aiohttp.http_exceptions.BadHttpMethod: 400, message:
  Invalid method encountered:

    b'\x16\x03\x01\x02'
      ^
2025-11-07 09:37:43,052 - INFO - 162.244.82.179 [07/Nov/2025:09:37:43 +0000] "UNKNOWN / HTTP/1.0" 400 219 "-" "-"
2025-11-07 09:58:10,583 - DEBUG - Error handling request from 194.163.129.51
Traceback (most recent call last):
  File "/tmp/onefile_1_1762487818_943230/aiohttp/web_protocol.py", line 408, in data_received
  File "aiohttp/_http_parser.pyx", line 558, in aiohttp._http_parser.HttpParser.feed_data
aiohttp.http_exceptions.BadHttpMethod: 400, message:
  Invalid method encountered:

    b'\x16\x03\x01'
      ^
2025-11-07 09:58:10,584 - INFO - 194.163.129.51 [07/Nov/2025:09:58:10 +0000] "UNKNOWN / HTTP/1.0" 400 215 "-" "-"
2025-11-07 10:31:25,427 - INFO - 3.137.73.221 [07/Nov/2025:10:31:25 +0000] "GET / HTTP/1.1" 404 175 "-" "Mozilla/5.0 (Macintosh; Intel Mac OS X 10_15_7) Chrome/126.0.0.0 Safari/537.36"
2025-11-07 10:31:26,675 - INFO - 3.137.73.221 [07/Nov/2025:10:31:26 +0000] "GET / HTTP/1.1" 404 175 "-" "Mozilla/5.0 (Macintosh; Intel Mac OS X 10_15_7) Chrome/126.0.0.0 Safari/537.36"
2025-11-07 10:31:27,698 - DEBUG - Error handling request from 3.137.73.221
Traceback (most recent call last):
  File "/tmp/onefile_1_1762487818_943230/aiohttp/web_protocol.py", line 408, in data_received
  File "aiohttp/_http_parser.pyx", line 558, in aiohttp._http_parser.HttpParser.feed_data
aiohttp.http_exceptions.BadHttpMethod: 400, message:
  Invalid method encountered:

    b'SSH-2.0-Go'
       ^
2025-11-07 10:31:27,699 - INFO - 3.137.73.221 [07/Nov/2025:10:31:27 +0000] "UNKNOWN / HTTP/1.0" 400 214 "-" "-"
2025-11-07 10:31:41,273 - DEBUG - Error handling request from 3.137.73.221
Traceback (most recent call last):
  File "/tmp/onefile_1_1762487818_943230/aiohttp/web_protocol.py", line 408, in data_received
  File "aiohttp/_http_parser.pyx", line 558, in aiohttp._http_parser.HttpParser.feed_data
aiohttp.http_exceptions.BadHttpMethod: 400, message:
  Invalid method encountered:

    b'\x16\x03\x01'
      ^
2025-11-07 10:31:41,274 - INFO - 3.137.73.221 [07/Nov/2025:10:31:41 +0000] "UNKNOWN / HTTP/1.0" 400 215 "-" "-"
2025-11-07 10:31:48,632 - DEBUG - Error handling request from 3.137.73.221
Traceback (most recent call last):
  File "/tmp/onefile_1_1762487818_943230/aiohttp/web_protocol.py", line 408, in data_received
  File "aiohttp/_http_parser.pyx", line 558, in aiohttp._http_parser.HttpParser.feed_data
aiohttp.http_exceptions.BadHttpMethod: 400, message:
  Invalid method encountered:

    b'\x16\x03\x01'
      ^
2025-11-07 10:31:48,632 - INFO - 3.137.73.221 [07/Nov/2025:10:31:48 +0000] "UNKNOWN / HTTP/1.0" 400 215 "-" "-"
2025-11-07 10:35:05,440 - DEBUG - Error handling request from 20.64.105.245
Traceback (most recent call last):
  File "/tmp/onefile_1_1762487818_943230/aiohttp/web_protocol.py", line 408, in data_received
  File "aiohttp/_http_parser.pyx", line 558, in aiohttp._http_parser.HttpParser.feed_data
aiohttp.http_exceptions.BadHttpMethod: 400, message:
  Invalid method encountered:

    b'\x16\x03\x01'
      ^
2025-11-07 10:35:05,440 - INFO - 20.64.105.245 [07/Nov/2025:10:35:05 +0000] "UNKNOWN / HTTP/1.0" 400 215 "-" "-"
2025-11-07 11:47:06,918 - DEBUG - Error handling request from 52.173.16.61
Traceback (most recent call last):
  File "/tmp/onefile_1_1762487818_943230/aiohttp/web_protocol.py", line 408, in data_received
  File "aiohttp/_http_parser.pyx", line 558, in aiohttp._http_parser.HttpParser.feed_data
aiohttp.http_exceptions.BadHttpMethod: 400, message:
  Invalid method encountered:

    b'\x16\x03\x01'
      ^
2025-11-07 11:47:06,918 - INFO - 52.173.16.61 [07/Nov/2025:11:47:06 +0000] "UNKNOWN / HTTP/1.0" 400 215 "-" "-"
2025-11-07 12:26:59,579 - DEBUG - Error handling request from 147.185.133.127
Traceback (most recent call last):
  File "/tmp/onefile_1_1762487818_943230/aiohttp/web_protocol.py", line 408, in data_received
  File "aiohttp/_http_parser.pyx", line 558, in aiohttp._http_parser.HttpParser.feed_data
aiohttp.http_exceptions.BadHttpMethod: 400, message:
  Invalid method encountered:

    b'\x16\x03\x01'
      ^
2025-11-07 12:26:59,580 - INFO - 147.185.133.127 [07/Nov/2025:12:26:59 +0000] "UNKNOWN / HTTP/1.0" 400 215 "-" "-"
2025-11-07 12:26:59,615 - DEBUG - Error handling request from 147.185.133.127
Traceback (most recent call last):
  File "/tmp/onefile_1_1762487818_943230/aiohttp/web_protocol.py", line 408, in data_received
  File "aiohttp/_http_parser.pyx", line 558, in aiohttp._http_parser.HttpParser.feed_data
aiohttp.http_exceptions.BadHttpMethod: 400, message:
  Invalid method encountered:

    b'\x16\x03\x01'
      ^
2025-11-07 12:26:59,615 - INFO - 147.185.133.127 [07/Nov/2025:12:26:59 +0000] "UNKNOWN / HTTP/1.0" 400 215 "-" "-"
2025-11-07 13:57:53,866 - DEBUG - Error handling request from 172.203.234.251
Traceback (most recent call last):
  File "/tmp/onefile_1_1762487818_943230/aiohttp/web_protocol.py", line 408, in data_received
  File "aiohttp/_http_parser.pyx", line 558, in aiohttp._http_parser.HttpParser.feed_data
aiohttp.http_exceptions.BadHttpMethod: 400, message:
  Invalid method encountered:

    b'\x16\x03\x01'
      ^
2025-11-07 13:57:53,866 - INFO - 172.203.234.251 [07/Nov/2025:13:57:53 +0000] "UNKNOWN / HTTP/1.0" 400 215 "-" "-"
2025-11-07 14:07:16,586 - INFO - Asynchronous call: handle_abstract
2025-11-07 14:07:16,750 - INFO - Asynchronous result handle_abstract:
2025-11-07 14:07:16,750 - INFO - 0
2025-11-07 14:07:16,750 - INFO - Update id=318836196 is handled. Duration 167 ms by bot id=7868636837
2025-11-07 14:07:19,583 - INFO - Asynchronous call: handle_meetings_summaries
2025-11-07 14:07:19,701 - INFO - Asynchronous result handle_meetings_summaries:
2025-11-07 14:07:19,702 - INFO - 0
2025-11-07 14:07:19,702 - INFO - Update id=318836197 is handled. Duration 122 ms by bot id=7868636837
2025-11-07 14:07:21,051 - INFO - Asynchronous call: handle_edit_questionnaire
2025-11-07 14:07:21,051 - INFO - Asynchronous call: get_all_subordinates_with_details_query
2025-11-07 14:07:21,098 - INFO - Asynchronous result get_all_subordinates_with_details_query:
2025-11-07 14:07:21,098 - INFO - [{'username_tg': '@imishgen', 'full_name': 'Величко Михаил Павлович'}, {'username_tg': '@riftinink', 'full_name': 'Зулкашев Мурат Саматович'}, {'username_tg': '@madam_mayor', 'full_name': 'Кармалитова Екатерина Александровна'}, {'username_tg': '@kseni_laxx', 'full_name': 'Литвиненко Ксени Витальевна'}, {'username_tg': '@rin_rin16', 'full_name': 'Рынкевич Даниил Гелавич'}, {'username_tg': '@AlexandrTusikov', 'full_name': 'Тусиков Александр Александрович'}]
2025-11-07 14:07:21,444 - INFO - Asynchronous result handle_edit_questionnaire:
2025-11-07 14:07:21,444 - INFO - 0
2025-11-07 14:07:21,444 - INFO - Update id=318836198 is handled. Duration 394 ms by bot id=7868636837
2025-11-07 14:07:26,363 - INFO - Asynchronous call: handle_back_tap
2025-11-07 14:07:26,713 - INFO - Asynchronous result handle_back_tap:
2025-11-07 14:07:26,713 - INFO - 0
2025-11-07 14:07:26,713 - INFO - Update id=318836199 is handled. Duration 350 ms by bot id=7868636837
2025-11-07 14:07:36,913 - INFO - Asynchronous call: handle_meetings_summaries
2025-11-07 14:07:37,220 - INFO - Asynchronous result handle_meetings_summaries:
2025-11-07 14:07:37,221 - INFO - 0
2025-11-07 14:07:37,221 - INFO - Update id=318836200 is handled. Duration 310 ms by bot id=7868636837
2025-11-07 14:07:38,463 - INFO - Asynchronous call: handle_edit_questionnaire
2025-11-07 14:07:38,463 - INFO - Asynchronous call: get_all_subordinates_with_details_query
2025-11-07 14:07:38,465 - INFO - Asynchronous result get_all_subordinates_with_details_query:
2025-11-07 14:07:38,465 - INFO - [{'username_tg': '@imishgen', 'full_name': 'Величко Михаил Павлович'}, {'username_tg': '@riftinink', 'full_name': 'Зулкашев Мурат Саматович'}, {'username_tg': '@madam_mayor', 'full_name': 'Кармалитова Екатерина Александровна'}, {'username_tg': '@kseni_laxx', 'full_name': 'Литвиненко Ксени Витальевна'}, {'username_tg': '@rin_rin16', 'full_name': 'Рынкевич Даниил Гелавич'}, {'username_tg': '@AlexandrTusikov', 'full_name': 'Тусиков Александр Александрович'}]
2025-11-07 14:07:39,120 - INFO - Asynchronous result handle_edit_questionnaire:
2025-11-07 14:07:39,120 - INFO - 0
2025-11-07 14:07:39,120 - INFO - Update id=318836201 is handled. Duration 659 ms by bot id=7868636837
2025-11-07 14:07:42,598 - INFO - Asynchronous call: handle_get_period
2025-11-07 14:07:42,716 - INFO - Asynchronous result handle_get_period:
2025-11-07 14:07:42,716 - INFO - 0
2025-11-07 14:07:42,716 - INFO - Update id=318836202 is handled. Duration 119 ms by bot id=7868636837
2025-11-07 14:07:44,534 - INFO - Asynchronous call: handle_thats_all_person
2025-11-07 14:07:44,534 - INFO - Asynchronous call: get_meetings_with_summary_by_all_participants_query
2025-11-07 14:07:44,539 - INFO - Asynchronous result get_meetings_with_summary_by_all_participants_query:
2025-11-07 14:07:44,539 - INFO - [{'meeting_id': 4, 'date_meet': '2025-11-07', 'time_meet': '01:59:00', 'participants': ['@imishgen', '@riftinink']}]
2025-11-07 14:07:44,875 - INFO - Asynchronous result handle_thats_all_person:
2025-11-07 14:07:44,875 - INFO - 0
2025-11-07 14:07:44,876 - INFO - Update id=318836203 is handled. Duration 342 ms by bot id=7868636837
2025-11-07 14:07:46,720 - INFO - Asynchronous call: handle_id_selection
2025-11-07 14:07:46,858 - INFO - Asynchronous result handle_id_selection:
2025-11-07 14:07:46,858 - INFO - 0
2025-11-07 14:07:46,858 - INFO - Update id=318836204 is handled. Duration 141 ms by bot id=7868636837
2025-11-07 14:07:48,595 - INFO - Asynchronous call: handle_pdf
2025-11-07 14:07:48,703 - INFO - Asynchronous call: _download_file
2025-11-07 14:07:48,704 - DEBUG - [_cygrpc] Loaded running loop: id(loop)=140226305092624
2025-11-07 14:07:48,707 - INFO - Asynchronous result _download_file:
2025-11-07 14:07:48,707 - INFO - b'%PDF-1.4\n%\x93\x8c\x8b\x9e ReportLab Generated PDF document http://www.reportlab.com\n1 0 obj\n<<\n/F1 2 0 R /F2+0 12 0 R /F3+0 16 0 R\n>>\nendobj\n2 0 obj\n<<\n/BaseFont /Helvetica /Encoding /WinAnsiEncoding /Name /F1 /Subtype /Type1 /Type /Font\n>>\nendobj\n3 0 obj\n<<\n/Contents 20 0 R /MediaBox [ 0 0 595.2756 841.8898 ] /Parent 19 0 R /Resources <<\n/Font 1 0 R /ProcSet [ /PDF /Text /ImageB /ImageC /ImageI ]\n>> /Rotate 0 /Trans <<\n\n>> \n  /Type /Page\n>>\nendobj\n4 0 obj\n<<\n/Contents 21 0 R /MediaBox [ 0 0 595.2756 841.8898 ] /Parent 19 0 R /Resources <<\n/Font 1 0 R /ProcSet [ /PDF /Text /ImageB /ImageC /ImageI ]\n>> /Rotate 0 /Trans <<\n\n>> \n  /Type /Page\n>>\nendobj\n5 0 obj\n<<\n/Contents 22 0 R /MediaBox [ 0 0 595.2756 841.8898 ] /Parent 19 0 R /Resources <<\n/Font 1 0 R /ProcSet [ /PDF /Text /ImageB /ImageC /ImageI ]\n>> /Rotate 0 /Trans <<\n\n>> \n  /Type /Page\n>>\nendobj\n6 0 obj\n<<\n/Contents 23 0 R /MediaBox [ 0 0 595.2756 841.8898 ] /Parent 19 0 R /Resources <<\n/Font 1 0 R /ProcSet [ /PDF /Text /ImageB /ImageC /ImageI ]\n>> /Rotate 0 /Trans <<\n\n>> \n  /Type /Page\n>>\nendobj\n7 0 obj\n<<\n/Contents 24 0 R /MediaBox [ 0 0 595.2756 841.8898 ] /Parent 19 0 R /Resources <<\n/Font 1 0 R /ProcSet [ /PDF /Text /ImageB /ImageC /ImageI ]\n>> /Rotate 0 /Trans <<\n\n>> \n  /Type /Page\n>>\nendobj\n8 0 obj\n<<\n/Contents 25 0 R /MediaBox [ 0 0 595.2756 841.8898 ] /Parent 19 0 R /Resources <<\n/Font 1 0 R /ProcSet [ /PDF /Text /ImageB /ImageC /ImageI ]\n>> /Rotate 0 /Trans <<\n\n>> \n  /Type /Page\n>>\nendobj\n9 0 obj\n<<\n/Filter [ /FlateDecode ] /Length 807\n>>\nstream\nx\x9c}\xd5[\x8b\x1aA\x10\x05\xe0w\x7f\xc5<&\x84\xa0}\xa9\xaaY\x10\xc1\xcb.\xecC.\xc4\x90\xf7\xd9\xb1\xdd\x18\xd6q\x18\xf5a\xff}<u\x86\r\x84\x10a\x97c\xdb\xd3~v\x17\xd5\xd3\xf5\xe3\xe6\xb1;\\\xaa\xe9\xd7\xe1\xd4n\xcb\xa5\xda\x1f\xba\xddP\xce\xa7\xeb\xd0\x96\xea\xa9<\x1f\xbaI\x88\xd5\xee\xd0^\xc6w\xfe\xbf=6\xfddz{x\xfbz\xbe\x94\xe3c\xb7?M\xe6\xf3j\xfa\xed\xf6\xe1\xf92\xbcV\xef\x96\xfe\xfa\xb0)\xbf\x9a\x1f\xd7m\xd3\x9d?\xaeN/\xbb\xf7\x93\xe9\x97aW\x86C\xf7\xfc\x9f)\xdbk\xdf\xbf\x94c\xe9.\xd5l\xb2XT\xbb\xb2\xbf}\xd9\xa7\xa6\xff\xdc\x1cK5\xfd\xf7s\x7ff}\x7f\xedK\x15\xfd} \xba=\xed\xca\xb9o\xda24\xdds\x99\xccg\xb3E5\xaf\xd7\x8bI\xe9v\x7f}\x16\xf2\xf8\xcc\xd3\xbe\xfd\xd9\x0c\xe3\xdc\xd9\xed\xb5\xb8\xe5\x80\x9c\xc3\x129zN\xf7\xc8\x89y\x83\x9c=\xe7\x80,\x1c\x7f@VfA6f_\xa7\xe6\xfc\x88|\xc7q\xcfK\x8e\xfb\xf7\xae\x98\ry\xcd95\xf2\x86\x1e7\xdcs\xdc\xbf\xf7\x81\xf3\xefn9\xcc8\x8eu\x02\xfd\x19\x9e@\x7f\xce\xc8\xa3\x7f\x8d<\xfa\x15\x99\xfe\x08O\xa0?\xf8|\xfacB\xa6?\xfa\xfc\xd1\xbfB\x1e\xfd\xbe\xe6\xe8\xf7\xf1\xd1\xef\xeb\xd0\x9f\xb1\'\x81\xfe\xe0N\xfa\x13\xd6\x8f\xdc\xff\x88\xf1\x18\x98\xf1\x1bcd\x86-&f\x9f\x9f\x99\xb1~\x14f\xac\x1f\x95\x19\xceh\xcc\xd8\xcfX3c?\xe3\x1d3\xf6-.\x99qFq\xc5\x0c\x7f\\3\xe3w\xc5\r3\xce=\xde3\xe3,\xe2\x033\xf69\xd1\xef\xfb\x9f\xe8\xf73J\xf4\xfbY\'\xfa\xfd\xf7&\xfa}\x7f\x12\xfd^3\x89\xfe\x04\x7f\xa2?\xc1\x9f\xe8\xf7zH\xf4\'\xf8\x13\xfd^c\x89~?\x97D\xbf\x9fu\xa2\xdf\xeb6\xd1\xef\xf5\x9c\xe8\xf7\xba\xcd\xf4{\x1df\xfa\xbd\xb63\xfd^\xb7\x99\xfe\x0c\x7f\xa6\xdf\xeb*\xd3\xef\xe7\x9b\xe9\xf7\xba\xca\xf4{=g\xfa3\xfc\x99~\xaf\xdbL\x7f\x86?\xd3\xef\xf5\x93\xe9\xf7\xba\xca\xf4g\xf83\xfd\x19\xfeL\xbf\xd7\xb9\xd0/\xf0\x0b\xfd\x02\xbf\xd0/\xf0\x0b\xfd\x02\xbf\xd0/\xf0\x0b\xfd\x02\xbf\xd0/\xf0\x0b\xfd\x02\xbf\xd0/\xf0\x0b\xfd\x02\xbf\xd0/\xf0\x0b\xfd\x02\xbf\xd0/\xf0\x0b\xfd\x02\xbf\xd0/\xf0\x0b\xfd\x02\xbf\xd2\xaf\xf0+\xfd\n\xbf\xd2\xaf\xf0+\xfd\n\xbf\xd2\xaf\xf0+\xfd\n\xbf\xd2\xaf\xf0+\xfd\n\xbf\xd2\xaf\xf0+\xfd\n\xbf\xd2\xaf\xf0+\xfd\n\xbf\xd2\xaf\xf0+\xfd\n\xbf\xd2\xaf\xf0+\xfd\n\xbf\xd1o\xf0\x1b\xfd\x06\xbf\xd1o\xf0\x1b\xfd\x06\xbf\xd1o\xf0\x1b\xfd\x06\xbf\xd1o\xf0\x1b\xfd\x06\xbf\xd1o\xf0\x1b\xfd\x06\xbf\xd1o\xf0\x1b\xfd\x06\xbf\xd1o\xf0\x1b\xfd\x06\xbf\xd1o\xf0\x1b\xfd\x06\x7f\xcd\xfe\xe9\xb5]\x8f\xfd\x1f\xeb\xd4\xec\x9f^K\xf5\xd8?a\xab\xd9?\xbdG\xd5c\xff\x87\xa7f\xff\xf4>V\xb3\x7f\x06\xf8k\xf6\xcf\x00C=\xf6O\x1fg\xff\x0cn\x18\xfb\'~c\xcd\xfe\x89:\xbf\xdd^\xe3-\x85{\x0cW\xf2\xdb%\xd9^\x87\xe1v\x7f\xfa\xbd\xed\x97"\xae\xc3CW\xde\xae\xf6\xfe\xd4\xe3)\xfc\xfd\x06\x03)\xc4[endstream\nendobj\n10 0 obj\n<<\n/Filter [ /FlateDecode ] /Length 21248 /Length1 39656\n>>\nstream\nx\x9c\xec\xbd\tx\x14E\xda\x00\\U}\xf7\xdc9&\xe7$3I&!\x10HHH0\x9c\xc3\x91@ \x84l\x08\xf7aB\x0e\x12\xc8e\x0e\x10\x01\x81uU<\x00\x15A@\x14\x02,"f1\x02"\xb2\xa8\xa8\xd1U\x84\x15WP\x11\x11\xf9\x84\xd5\xd5\x88\xac\x0f\x8b\nI\xf3\xbfU=\x93\x03\xd1\xcfo\xff\xfdv\xbf\xffy~:=\xd3\xd3]]\xf5\xdeWU7\x08#\x84Lh\x19\xe2P\xee\xf8\t\x89\xc9\xd3&\xaf\x7f\x14\xce|\x02\xfb\xa4\xa2\xca\xc2\x1a\xff\x94\x00\xf8\x8d\xfb\xc1\x9eT4\xbf\xde9\xe4\xc5\xbe2B\xa4\x18\xf6\xfc\xd2\x9a9\x95\xd3\xc9\xbcK\x08\xf1\x07\xa0}\xd3\x9c\x8a\x85\xa5#>\xbd/\x01!\x01\xaeg7\x95\x95\x14\x16\xc7\x9e\xfc\xaf\xdb\x11\xca\xb3\xc2\xf5\xb428a~V\xba\x0e\xbfG\xc3\xef\x98\xb2\xca\xfa\xdb\ru\x99\xaf\xc1\xef\n\xe8o@EuQ\xe1\x05\xfb\xf7\'\x10\xca\xdf\t\xe39+\x0bo\xaf\x11O\x88\xbd\x11\x9a\xf8\x16\xb4wV\x15V\x96\xd4F=\xfe%\xfc\x86}pjMu]\xfd\xf5\xd3h\x1aBk\x9c\xf4zMmI\xcd\xe2\xc2\xad_\xc0o\x0fB\xd2S\x08\xf3k\xc9!$\x00<)\xc2\x06\xe81B\xff\xe6>D\xa5\xc4\x0fF4\xc8\x1c\'\xf2\x84\xf0_\xa0\xaa\xeb\x7fA\xed\xd7\xd5\x98\x82x\x1e9\x8d\xb9\xa5\x19\xc5\xc8\x89\x9c\xd7\xaf\x8b\x01Z\x00\xde(U\xe2\xcf\x0b\x10\xbe~\x1d`g\xff0\xc2\xec\xdb\x88D\x1c\xc3\x8eV\xb2\xb3\x04\xe8\xc8\xc3\x88"\x92\x90\x8c\x14\xa4"\x03\xb41!3\xb2 +\xb2!?\xe4\x8f\x02P \xb2\xa3 \x14\x8cBP(\nC\xe1\xc8\x81"P$\x8c\xe7BQ(\x1a\xc5 7\x8aEq\xa8\x07\x8aG=Q/\x94\x80z\xa3>(\x11%\xa1\xbe(\x19\xa5\xa0~(\x15\xa5\xa1\xfe\xe8\x16\x94\x8e\x06\xa0\x81h\x10\x1a\x8c\x86\xa0\xa1\xc8\x83\x86\xa1\xe1h\x04\x1a\x892P&\x1a\x85F\xa3,4\x06\x8dE\xd9h\x1c\xcaA\xe3Q.\xfa\r\xcaC\x13P>\x9a\x88&\xa1\xc9h\n\x9a\n\xb4\x9b\x8ef\xa0\x99h\x16\xba\x15\x15\xa0B4\x1b\x15\xa1bT\x82J\xd1\x1cT\x86\xca\xd1\\4\x0fU\xa0JT\x85\xaaQ\r\xba\r\xd5\xa2:T\x8f\x1a\xd0|\xb4\x00\xdd\x8e\x16\xa2;\xd0"\xb4\x18-Aw\x02\xf6KA\x8a\x96\xa3\xdf\xa2\xbb\xd0\xef\xd0\xdd\xe8\x1et/Z\x81\xeeC\xf7\xa3\x07p)N\xc1\xa5\xe8\x10\xfa\x1b\x90h0\xda\x8a\xaer\x91@)\x82J\xe1,\xfdn\xc2\xf9\xa8\x15\xae\xcf\x86\x96\xcb\xf9\xbbq>|W\xf2\xdb\x11\x81\xebK\xf9c\xd07\xc1)\x00\xdbmp\xe4\xe6\xb7\xe3C\xe8 \xba\x00w/\xc7+\x85\xd1\xc24\xda\x9a\xf1\x80\xf6uEx\x1d_\x12\xd2I:\x9a\xc2W\xf2\x83\xf9=\xfcr~\x0f\xb4h\xe0K\xf9\xe5\xa8\x19>\xd3\xc9{\xfc&~\x11\xff.\xbf\x08M\xa1\x90\xe1l\xbaS8\xd0F<\x06G\xa3\x8dd#\x1e\x89C\xf0Hr\x0c\xbd\n0\x97\xe2\xa1x#\x1e(\xbc#\xbc\x83N\xa2\x938\x17Z6\xa1\x05D\xc5\x7f\xc2\xdf\xe1D<\x05\xef\x81\xbb\xae\xa0+8\x12~\xa5\x92T|\x11\x7f\x01\x10\xafG\xefqS\x04\x15mD\xab\xb1\x1f\xfc:\x84\x8e\x01\xdc\x17\xd0w\xa8\x8e\x87^\xd1j\xe1$\xe9%\x9cD\xaf\xa3s\xe8C8\x8f\xd0\\L\xe0\xd3\xc1\xf5\x16N\xc2v\t\xed\x04\x0e\xb4\xa2s\x98\x08\'\xc5\x00\xc9\xc5\x97\x92\x1fP+\xbe\x8b\xec ?\xe0hL`\xf3\xc3\x91@\xcdY\xdc1\xbe\x80\xff\x13\x7f\x1f\\\x05\xea`\xc2\xa5p\x91\xdcp\xf8\x9cA[\x08\'\xf1F\x80\xe2\x9cX\x8a\x17B;\xba-\x82qZ\xc9\xeb\xe4\x00\xe0\xf82:\x03x\xc1\xe8d\x06YD6\xa23x7>\x08\x10#t7\xde\xcd\x17H\xb3\xf90\xb4Q\xdc\xc8OA\x17)m\xd0{\xe4\x18\xd0#\x97\xd1\xe3\x01\xf4\x80\xd8\x17]\xe1Et\x89\xcb\xc6\x05\xfcNJ1\xe4\x16^\x05\x15qIcD?\xb4\x0e\x8f\x91\xee\x02L\x10\xd7\x1f\xa4%\x00\xae\xbe\x8d\x91\xf0\xaa\xbeA+Yt\xa0u|\x1c\xf7$\xc0N\xc8\x12\x1f\xdd\xf0Bt\x8c\xa4s\xb3\xd1&\xb6\xad\xc1\x07\xd0\x1at\x00\xe4\x0f\xba\xe0b_\x90D\x81\xe7\x08F\tNk3qg\x157{~3\xc5\xf9\xd6TW\xef\x84\x1b~:\xad\x92\xb3\x19\xe56\x9b\x16:\x0f\\\xbf\x9e;\x85\x0f\x13\xa66\x0b\xe1\xcd\x9c[n\xe6\xdd\xd1\xe7~\xee\xe2\xb9\xde\tcs\xa78\x0f\xe0\x1e\x19#\xbd\xddf\x14\x8c\x84\x93\x13\xa6\xc0!\xfd\x05\xa7\xe1|\xc6Hv\x8d\x8e\xda,\xb8\xe1/\xab\xa0\xd9YT\xe6\xbc\xdfz\x7f\xf4\x80\xfb\xad%\x03zSI\xd7\xd6\xf1\xa5\xc2v\xb0\x0e\x12\x8a<\x84x\x1c\x0bd\x10q\xec~,\x0b\xf7\x11\x1e%\xb6\x9ch\xed\x8b\xac\'ZO\xb4&\xf9\xdb\\6\xb7\xcb\xe6*\xe5Q[\x1d\x17\xd6vA[\'\x99\x7f\xf8\xaeV\x8c\xd7-\xcf!\xb8\xb3\x02\xa4\xc6\x80\xa6z\x0c\xb2\x80yQ\xc1v\xc4\x19\xadm\xad\xc9\'Zl\xe9\xe9}\x91\xc7\xe0\x96\x15\x81\xf0\x1cZ\xa9\x8a\x89\x83Z\x93\x83\xd2\x93\x00n\x8f]r\x88\xb2CPxQ\xe0\x1c<q\x08\xb2\xa2\xf0\xb0I\xd6A\x83\xf8o\xac\xc27\x92l\xfdF\xb0~3\xd5\xdfe\xc3.\x05\xbb\xb0ds\x1d\xc2\xcb\xc94\xbc\xaf\xfdYR\xabM\xd1\x86\xbe\xa9-\x15N\xb6\xaf\'e\xed\xdb\xdaV\x90\xc5G\xb4\x1c\xb0\x8aS\xae\x7f.\xc4\xf1\x8b\xfcD\xb0\x13\x14\xc6&\xf0\t\xa7\xf9\x02\x801\xc6\xe3\xa74\x02\x86{%\x83\xcc\x9b\x04\x05\x9b\x90\x95\x81\xfaIkr_\x948\xe8<\x1c$\xc1p\x1d[\x13\xa8[\x11.\xd56jOh\x1b\xf9\x02m\x12\xdeum\x0b>\xa5\xc5!}\x1c>\x95\x8dS\xd4m\x1c\t\x85{\xcc|\xa3\xb4\x97\x88\x9c\t\xf1&\xc9*\xc3\x18\x94\xa6\x89\x83.\xb7&ao\xe7\xfci_\xb7\xd7\xb6p\x05m[\xf8\x02/\xec*\xeb\xb3\xc4\xd7\xa7\x90\xcb`\xaf\xe9\xa0\xaf\x0f\xe8\x9f\xd0w\xef?G_\xecQB9\x0b\xa7\xca\x16\x89\x9f\x89\xf6\x07\x82\xe5RenfW\xb2S:\xac\xc6+\xb4("h\xab\xb4\r%\x8c\x18w\xe3EZz\xfb\x1c\xfcn\x81\xf60\x85\x15|1\xbf\x91\xe1\x1f\xea1rR#\xda+` \x80([O\x1cm;\n\xd8_nM\x06\xea\x062\xf4e\xfe\x11m\xae\xf6\xb8V\xce\x17\x9ci[\xc2\xdd\x05\xd2H\xe9\xb7\x1f\xee\x97\xc179Qo\xe8\xc3d7\x9a\xc2\xad\x92\xc9\xcf\xeab\x083"z\x0c\xd6F\xd9)5\xfa\xed\xb55:\x13[/\xb7\x82\xa4&\xe1\xe4\xb4\xd4~\xb1\xbdp\xa0\xbf\xef\x00\xbb\x92\xed\x81\x01\xa2\x14\x81\xe13\xdaE\xfe8\xc4\xe3\x19\xf2\xf4\xf3\xe3ss\xc7?\xafm$\xf8\xc7\xb3y\xe3\x8a*\xbf\xba\xd8\xfegr0%99\xf9m-v\xe8\xd0!C\xaer\xcbV>\x9eW\x17\x1e\xf6\xf0\xdc\xad\x9b\x81\x05\xc0\x93&m\x920\x8b\xf1\xa4\x86\xf1\xe4w\x00\xe7:\x80\xd3\x82"_\xc0&\x93Y2\x89V\xeb\'\x00\x1b\xc8\xd0~\xd2h4I{Q\xe2y\x806\t\xf0\x8c\x8aM\xb5\xb9\x02\x03\xec\x03)\xdb\xb9$\xed\xa1u;p\xe9\x80\xec\xc3@\xd0\xe7\x9e\xdb\x8ds\xff\xb4g*\xfe\xcb\xb5->\xf9\xf9\x16\xfaU\xd0 \x8f\xbf[\xe6\x14q/\x01\xf6I@C:\x84\xca\x84\x88\xb1\x9cJj\xba\xcee\x95\xeb\xa7(\xb2\xdc\x8f\xe79\xc9\xfa\x8dD\xd9i\xa3\x8c\xa3\x1f\xfc\xb7 a\x8fi\x0f\xc2X\xe5T\xcaH~{\x13_\xd0\xdeD\xf2\x19^\xa5\xd7?\x17K\x85K\x80\xd7x\xe6\xaf\xa8\xec\r\x11\'\x83\xff\xef\x89\x06x\xcc\x06c\x8f\xe1A\xd9Q\xc3\xfdL\x9cc`/k[Kk+\x00\xd0\x02\x0c\xb0\x99\x1b\x95m\xbd\xdc\x8d\xa1\x91\x8d\x0e\xbf\x80#\xa1\xeb{Y\xcf_NOo\xb5^\xb4\xb6]L\xf2\x8f\x8bM\xed\xd7?\xad\x7f\x9a;\xad\x7f\x90(\x88\x92(\xa5\xa58\x91\xcd\x8a\\\xf0\xd9\x0fG\x89@\x8e\x14\xc6\xa6*\xc92`\xde\xea\xf9\xf8\xeb\xe4\xf4\xdcl\xed\x8eg2\xeb\x955g@\xe22\xb4C\xda\xa7\xb0\xbdH\xca\xe6/Y2\x7f\xfe\xe2\xc5\xa4\xf2\xa9\x11#Z\x96\xb5&\xc5\xc7\xf1\xca\xa7\x01Q\x96\xa4\xf1k\xa7koi\xad\xb0\xbd\x85o\xc1\x01\xb18\xf6\x99\xc6\xc6g\xe8\xceh\xa9]\x90\x971\x1e\xf5\xf6\x04\x89*\xd9k1\xca|#F&\xd5d\x10M@Rb\xb5Rz\xb6\x81LQ\xd1lMN>zy\xd0\xa0\xa4x\xdc\xa9\xfc\xb6\x14\x9bKZ\xf6c\x02\x90\xaf^\xdf\x0f^G<h*\xe7\xdd\xdb/ \x9f\x1dx\x83\xc9G!\xa3\xe3P\xe0\xe3\x1dL\x8e\xedh\x9cG\t\x10L64\\1\x05YO\xb4\xe8B\xe2Q\xdd|c\x80\xd8h\xdd\xeb\xafP\x93\x00\x92\x02\xac|!\xd0\xa1\xda\x1d\x8a\xaa\x08\x92\xb5\xd5\xda\njia\xc1\x99\xccI\x1c\xa1!\x9e4\x1339\x8a\x8e\x02#\xd0\x07\xa7\xf6KK\xa1PFs\xf8o\xe3\xa7/_>}<\x98\'\xf7\xc4;?\xfc;qi\x1b\xef\xbcJ\xb4\xd1\x1el\x19\xd2\xf6">\xdb\xf7\x99\xb9\x9b7\x81\xe1\xda\xa0\xcd\x01=\xbbM\x9b$-\x15\x03 \x1e\x8c\x81Hn\xac\xc7\xda{\xb8_LL(@\x18g\xe4\x86G\x0eL\xa2\x84IN\x06\x92X\x99\xbe\x05\xf7\x14\x1b\x83B\x8f\x87\xbbQ\xa3)\xe6\xb8%\xeaH\xf0\xa7\x81\xe1\xeb\r\xdb\x92\xac\xe7\xcf\'\x9f\xbf\x9c|\x1e\x9aZ\xff\x9a|19\xc9\xc7\xdb\xfe\xb6X\xb0\x1ei)\xc9\x94\xeb\xd1Qq\x00\xa5\x18\x1dE\x7f\xa4$\x07\tQ\x92\xcd\xcb\x7f\xf2\xc4\xb0\x85\x0b\x87\xcd\x1b<x0.\x9d\xfb\xf0\xbbX\xd5\xae\xbc\xfb\xf0\\m#\x1ckW\xb0\n\xc7\xc4\x0cW\xe7A+n\xc1\xce-[v\x8e\xc1mc\xc8\x13ZD\x96\xf6\x82\xd6\x0e\xdb\x0bYZO\xfcA\x16\xce\xc2\x1clYY\x7f\x1c\xa3\xf1chC\x9f\xed<\x03|0\xa21\x9e\x00\xb7*\x11N\x06\x1b\xa9\x88F\xc9\xc4\xab`DM\x80\xe7\'\xcc*\xb7\xb4&\xdb\xbcV\xd3\x8f\xf4\x93U\x85\xeb\'\xc9\x12\xe9\xa7\xe0~*\xe3\xc77L\xb5d\xe6\x8c\xc2\x98rq\xd1\x1c5\x8b\x9b\xda\xda\xf0\x13\xda\xe3/}\xfd25\x89\xed\xc7I\x12\xa8\xd9"m\x06\xde\xde~\xb7W\x0e\x85\xb5>\xdf#\xf3{\x15\xa1\x11\xce\xaa\x92\t\xfc\x0f1\x1a\x99J3\x01<\xda\x9a|99\tw\x91=~m[\x90\xee~\x0ej\x17p\x18\xdf)t s*\xe06W8\t2\x97\xcfdn\x91\xf6\x8a\xf8{\xf0\xc3\x02\x04$I\x1e#\xb1\x1b\xac\xa6\x00\xce\xae\xda\x02\x02\xad\x9f\x1c=\x016\xf2\xa8n;\xb9\xc3\x86\x95\x16\x7f\x13\n8lcB\x9fL=\x12\x0c\x18h\x15\x86@\x94\xc9\x84\x9em\xe49\xbcE{\xa9\xfdL\xd9\x00>\xe3}\xedL[\xb8v\x06Gs\xab\xa7\xb7/\xdb\x97\xf1\x0eY\x81C\xaf\xe5\xb4o\xc2\xc3\xb4W \xff\xc2\x10\xf9#\xe1"\x8coE\x83\xf7ZE\xa3\rd\xfd\x04\x0c\'\xb9\xc5\xc3\x16\xd3J\x01\xcca\xabN^\xb3\x03\x19\r\x16\x87\xd5\x8a\xcc\x0e\x83\xc9a4\x1a\xba\x91\xd7\r\xe6\xc2\x15m\x03\x11J\xeb\xcf\xbc\x0f\xb7\xad\xc7\xc0\xdb\xb5\xa6\xcc\xb9\x0f\xbad\xa9\xfd\x0b\xfc\x08\x1e\x8b\x87\xe3G\x7f\x98\x98V\x89\xa33,\x16~|\xfb\x14\xb2S\x8fE\x80\x06\x7fg\xb1\x08\xd0Z$+\xc1\xc7\x1f\xc6H\x11\xed\x12g\'\\\x17Z\xb7R]\xefTu\xc0X\xf8\xf3\xd5\x8b\x10Y\xdc\x82\x97_\xd3\xce\x08\'\xaf\xe5\xf0{(zz\x8c\x03\x91\xbe\x90\xc4l\x89\xd3c54\x8a{q#RT\x93d0\x89\xd8j=q\xc2\xeb\xda\xc1\x13%\xa5\xd8\xc0\xee\xd9R\x99Z\x06Z%r\xdbs="\xb8\xb7\xb4\x8dm\x19\x0fb\x14\xd30\x15\xbf\xf0\x02u\xf6n-k\x99\xd6\x86X\x94\x8f\xf8\xe7\xa1o\x15r0\x97\xc7&4\x9a\x0c{A\xdb\x90\xc9O0\x9a\x0c\xd6`\xdd\xedQ\x98\xcfS/\xd7/\x8e\xba6J\x1d\xca\xa9\xe4 \xf0p\x1287\xae\xb4G\\\xee\xf3\xcf\x8f\xef\xd1\xa3=\x13\x97\xbe\xf3\xf9\x1d\x8b\x16\xdd\xf1y\xfb\xbbx\xd6\xd0\xc8\x88\xab\xceHn\x986yB\xfe\xfe\xfdyy\xba?\x83\x98\r\xfc\x975\x0e=\xc8\x83/\xb3\x8a\x90\xf9QX\xea\xb4\x0b"\x07\xb0\x98u\x19\xb2\x98DU2[M\xbc\xc1|\x83\x0cY\x1bA\x90M\xa2\xbf\xb9\xd1\xd0!C\xfeC0\xc5\xdb\'=\x98\xa2\xefz\xb6\xb6\x80{\x0b\x8cf[\xcdu\xc4\xd5\xb4M\xc0\xe31\x8am\xc7\xe5\'\xa8\x18\xe30\xed\x02\t#\x05\x91\xda\xc3\x7fapE\x02\x9dU\xbe\x00d\xfav\xe4\x95q1\x8e\xc9\xf80_,\xc4\xb5\x03|\x02\n\xf2\x18\xc0\x98\xefE\x84\x075\x16\x81Fzt\x01\xe4\xa7\xd1E\x13\xf7\x1b-\x90\x85\x15,\x0f\xc3\xd0/\xb9\x97\xe9\x86\x82"=\x16\xeeA\xf1\x01\xb4R\x06\x7f\x89\x89\x88T\xeb\t\x08\x99\x98S=\xdf\xc6T\x81sq\x14\x05H\x9f\xcaR4-\x05\x97i\xeb!\xc6|]\x9b\x85\xb7\xb6\x1f\xd56\xe9\xb9\xdd\xeb\xdc.\xae\x0c\xfa\xa41t\x84\xc7"\xe0U<\xf4\x89x\xc2\xf3"\x07\xe1^\x1b5,\xd6\xcb\xd05\xe8t4\xdb\xb8\xb2o\xde\xf9\x06z\x824\x8b\xeez?\x0f\x00\x8e\xf1\xc2\xcb\x90yG\x82%\xee\x1b"\xe0G\xc2\x83$\x7f\x8b\xe1\x91\x88@\x85C\xabm\xa6\xc8\x08GxXhp\x90\xdd\xdf\xcff\xb5\x98MFU\x91\xf5l#T\x0cp\x02O\x82\xbc\x01\xc1\x89A0\x9a\xf73\ts.\xff\x14\x0e\xa8\xc1\xf6h\x7f\xb6\xa7\xba\xd8\x0eJ\xe5\xe2V\x17`\xb9\xf0L!\x0e\xd4\xf6g\xe0p\xad\xb9\xe0L\x81\xf6C\xc1\xd9\x02\xedoxt&\xd8\x9b\xbc\x02\x9c\xab\xfd\x90\t)\xc1\xcb\xdaR\xbc\\[zR\xbb\xf8\xa1\xb6\x1c/\xa5\xfb\x87\xd8\xef$^\xde\xbeK\xbb\x08,A[\xb4\xf7\x05\x11\xfcI4\xc4\r}Q\x9dgh\xb8*\xba\xc3\x82mA\x011\x06G/>XT\x12\xa2\x89\xb0N\\\x9b\x10\xb4.xm\xd8\x1a\xbf\x80\x845\x88\x18z`G"\x12\xccb\x8f\x18\x9b\xc2a\xa9W\x98?\x87\x12\xc5 \'x\x9d\x96\xb6\x13A\x83\xda\x82\x06\x9dhk\xb1\xf9\xa5\xc3\x1f`\x08\xbe\xb3\xa5\r\x82\xbd\x7f\\\xb4\xa5\xc3\xe6\x17\x94\xae_\xf2\x83@\x08\x0cS\x1f\x1cg\x8b\xc0A\xb68\xe6\x18\x87\xe2\x94@\xf8\x15H\xcf\x06\xb1\x08P\xe2lf\xf8\xb6\xfb\xdb\x86@\x83X.l+^\xf2Uu\xdd\xd7\x0b]\xdf\xbe\xfd\x8f\xcf\xf1\xd6\xe2\xb7J\xe0\xcf\xa9\x1d\xbb\xfc\xfd\xd6Q\x13s.M\x9e\x9c\xab\xbd\x8f{\x0b}\xe2\xb18p(\x8f\xfb\x8b=\xf7=\xbd\xf7m\xe5\x8b\xcf\xe5\xa80\xadg\xa2\xa0\x9d\x13{\xfc\xf1\x85\x03o\x98\xb9\xe1X\xe03R\x07\x8e\xd0\x9e\xd3\xbe\xc2\xc3\x87\x8f\x1c\x01\x926\xfc\xfa\xe7\xd2\xeb\x903\x1b@\xaf\xc3P\x1cJAE\x9e\xd40ChhH\x88!88\xcc\x8d\x9e0\xf6y"jC\x8f\'B\xc5\'\x8c\x1b\x82\xfd\xd6\x87\x87n\xea\x17\xd2\xb7W\x98\xc2\xc9\x81\x10\xd0Y\xfa\xca\x91J/\xd9\xe2\xeeg\xfd\xa4\x85\xc6\xb8\x17\xafP\xbc)%\xac\xe7\x93/\x0f:\xcf\xceX/R\xa3*\xd1X\x1e\xf6\xa9Q]c\xab8\x16\xfeFC\xfc\xd9/\r\xd2\xf3\x14W\x97\xdfA]\xda\x89)\xa3r\xc6\x8d\x1e\x9d=n\xd4\xc1\x0f>8x\xf0\xc3\x0f\xdb\xddg\xb8\xdf\x7fzm\xe5\xc1\x93\'\x0f\xd2}tN\xce\xe8\xd1\xe3rH\xd9\xa2\xda\xbaE\x8b\xeaj\x17\xed\xfc\xe8\xa5\x97N\x9f~\xe9\xd0\xa9\xb6\xf7E\xd3\xa9\x97^\xfa\xf8\xe3\x97^:\xb5sqm\xdd\x92%u\xb5\x8bu\xb9^\x04\xb1\xe5v\xc0?\x16%\xe14\xcfT#6\x19,\x8a\xacZdEN\xe8\xdd\'\x91\xef\x95d\xc1\x18\xf5\xc0\xf1q\x16\xd0lwR\x9c\x8cy\xde\xd0[\t@|\xc4\xc3\x8e\xde\x8df\xd7f\xc7\x93\xa1\x9b\xcc\xeby%\xae\'\x8a\xc1\x0e\x90yCR\x8c#\xa0g\x8c\xc9\x11\xc4cA\t\xeai\xb2\x19\xfb\x82\xee\xb7\x80\x05\xb6\xbey\x91\t\x83.\x10\xb6t&1o\x9e\xbf\xf2W \x91\x15\x08\xc7dE\xf7\xf0\x92\xd5\xfc\r\x1cv|\x01\xed\x04z45j\x8f\x1c\x87\xd1L\xcf\xefDd\xe1,\xbc\xa2XT\xb3A\x893$\xd9Q$\x17\xc9\x87(\x0e\xd5a\x08Or\xa3D5\xd1\xe0\x8e\x1d\xaa\x0e5x\xa4\xb1\xeaX\xc3\xd8\xc4\xb1I\xd3\xf042Q\x9a\xa6N3L\xec1\xa3\xcf\x8c\xa4)\xc9\xb7&\x17\xa3r2G*\x90\xca\xd5rCq\xec\xb2\xe4\x04\xc5\xa0\xc6\x85\x18B\xe3z\x1a\xd2\r\xa9\xe1I\x8e\xa4\x88\xd4H\x0f\x19c\xc8\x8a\xcb\xea1\x19O&3\x0c\xd3\xe3\xe6\xc0-\x15\x86\xc0\x99x\xa6\x82\x87\xe0\xfe.\x91H\xd8\x15g\xc6\xd1N\x04\x8c\xeb\xaf\x87}\xc9\xf6 [\x1f\x1c\xcd\xb8\xc81\xb1\x06^\xf6\xe7"\xf1\x86\xd4\xfe\x02\xeeo\xa9.\xc2nm\xca\xec\xf2/\x7f\xab\xfd\xa8\xfdq\xf5\xd6\x9e=\xb4\xf7\xa7\xbf1o\xd6\xce\xdcq\x13\xfb>6l\xf8\xae\x05#\xea\x93\xb9\xb3\xda\x90\xcc\xddU\xfb\xb5\xf3\xf3\xb4\x97+3G\xe2\xc0\xd3\x8f\x9c\x9b\x9b:w\xc0\xb6\x16\x87C\xfb*\xa9\xcf\xc0\xb4\xa8\xc9\xda\xfb\x89\x0bF\xd5m\x8d\x8f\x07.\x81\xcd\xc3\xcd\xcc\xe6\x05zT\xbc\n\xad\xe4\xc1\xdeq<\xb0\x80\x9a\xbaVf\xe8p\xb3\xd7\xc4A\xfbf\xed;\x8e\x17\xfd\x90\x89Z]\xb4]\xdaf\x960/#\x83\x8d\xb7\x9a\xc1B\xb6$\xfbQ\xb3keV7\x96\xa4\xf6\xf3\xa3\xd8\x06\x06\xf8q\xbc\xf6\xe1\x86G\xd6\xac\xc7\xf1\xcb\x96-\xd5\xbe\xfb\x1e\x83\xb4\xe1W\xff\xf1\x8d6\xf0\xcc\x19m\x80\xee\x93\xb7k\xdf\x91\x1fX\xdf\xe1\x1e\x13\xda.n3\x9b$\xd5&"\xce\x0c\xd6#\xb9\xd5\xd7\xb1\x7f\x9a_j?\x12\xe7\xb2\xfb\x05\x06\x10i\xfb2\xf8\x87\xe3\xd7\xafyd\x83\xf6\xddE\xfc\xe6\x993\xf8\x8do\xfe\xa1\r=}Z\x1b\xf1\xbd\xdeo<I\x87|\xf9\x12d\xa0\x99\x9e\x1eV\x93AU$\x1eL\xadj\x949\xe1\xf76\xa3y\x93\x9flT!3\xb3A\xbcI\x90\x857\x80\x1f\xf4\x03\x17\xd2\x92\xfc\t\xecA\xcc.Qj\xb4$\xc3\x1f\x958l\xc2\x92\x1b\x08#\xc4\xf5\xc6\xfd\x05\xf0\x8fn^\xd4\xf6\xe31\xd9\xda\xde]\xda\x9el\x9c\xc3>v\xe1q\xfc\xab\x7f\xd8\xbd\xf2\x80\xb6\x13O9\xb0r\xf7\x1fV\xee\xc7S\xb4\x9d\xfb\x19L\xa7\xc0/\x9e\x16x\xb0%Q\x1e+\x92\xb8\xa7\x14\xbcC\x90y\xe4GT\xd1H\xc7n\x1b\xd4B\xfd\xdf \xf8\xa6\x11$\xb8\xc0h\x1b\x18z\x1b\xf7\x1eQ\xdb\xaf\\l\xbfBT\x81o\xbf\xdc\xda~\x99\x18[\x89\x91\xf6Y\xa9\x9d!\xe9\xf8.\xb0T!\x90g?\x8dv\x82\xe7\xc7\x04\xf9SgJc$F<\x1a\xe5\xfa\xbf\x87\xcb\xbe?Y\x8c\xef\xd2\xde\xd5\x1e\xc0\r\xf4\xdej|\x88|N\xce\x82\x1c\xf8\xbd@\x9eA\xbbx\x8cx+M\x0c\xa9\x10\xd0\xeaI5\xa9o\x7f\x90\x9c\xd5\xce\xe84}\x0f\x0c\x02\x1d\x8bC\xb6\x17\xd0NB\x87\xd1\x85&Qo\xfe\x1eu\xb10\xc0\x12\x9a\xe4\\\x1fNZ\x99\x8c\xf9\xbf@@\xc2 \xf1\xe1\x12[\x18;/\x1fM\xc2)8\x9a\x98?m\xff;\xc4h?VR;3\x1br\xd6D\xaf\x9d\x8d\xf6\xf8+M\x16\xae)p\x93e}0\xb2\x1b\x83D\xbb_\x00\x8d\xa0\x98\x80\x9e\xa7F4\t[cAmlV\xaa0X\xcfH\xd9\'\xb7\xbb|\xf1\xe2\xb9s\x17/\x9a\x0b\xbe\xee\xb0\xf6\xb1vJ;\x8c=8\x0e\xc7b\x0fi\xc5\xc1\x17.h_j\x17\xbe\xfc\x12\x07k+\xb5J\xbc\x06\xd7A>\xb8F\xab\xa4\xf8}\x01\xfc\xe1\x01f\x15\xf5\xf0\x04r\xbby\xb2[X)\xa1\xdd\x8a\x1c,\x86r(X\xc0\x06\x9a\xf9\xb5\xe8\x18\'\xb3t\x0f\xd0\x16X]\xcd\xe6\xba\x84\xf3\xb5mx:\xae\xc2\xf9\xd7Z\xb1\xca\xbd1\x1a\x8b\xa3\xaf\xa5jW\x18\xed\xb6B|x\x16\xf0\x0bF\x0fx\xe2\x91\x83\x17\xf8 l\x0fv\x08\x02\xef\x16\x82\x91\xf9!\x8b\xa1\xc9o\x13\x8f\x9e%\xc1\x81\x022\xcb\xf6@\x1cf\xe6B\xac\x9f\x8cm6\xe5Oy\x11q\xd7\x0f\xdf2\x15\xbc)-\x1b\xd8\xd2;\xc6\xb7\xa5w7\x85\xccwxbIPO{\xcf \x8eC\xe6 !8(((8\nE\x05E\x05\xa7\xa2\xd4\xa0\xd4\xe0\xe1h\x8c\x90\x19\x94\x19l\x99\x89f\xea\xe5\x05\xe6H\x81\x9a\x12\xb8\xd4\x14\'O\x9d,\xc9!\x0f_{\x9d\xb8\xb22W6L\xfb\xe0\x8e\xdfjw`#\x8e\xbf\xf3\x08\x8d\xf5p\x18>7\xfc\xce\x91\xe5\xcb\xc6e\xe3\xd1\xbdz\xb7\xbe\x7f\xc7\xfb\xcf1\x1c\xef\x83\xfc\xf9"\xe0\xd8\x03e{z\xa1\xc0&\x7fe\x9d\xfa\x9c\xa9It\xae\x8b|.\xbc\xc9\xbf9z\x93\xb8>\xde\xee\x1f\x12\x80\xac!\xf6X\xab\x9d\x8b\x0c\x88t*\x11\xf1\xd6\xb6\xf3-4\xa6\xd7-?c\xf1y\x1a!h\xff\x00\x9b\x0f\x9aG\xfd>\xef\x8a\x8a\xa5\x81A\x8a\xb7,\x94\xaa\x1ft\x83\x9a;\xf8\xd8\x13Z\x93v\xb0\xee\x8b\xdb*N\xce\xd9\xb0\xed\xa9m\x1b\xb7>\xbc\xea\xfe;g\xbe<\xab\xf6\xb3\n\xf0\x9d\xae\xfb9w\xdc\xabk?\xfd\xc2\xed\xc6\xf1i\xfd\xe7\x16\x95\x96\xff0}\xe6\xa4Y=\xe3q\xa8\xd3\xf9\xca\xe1\xbb\x9eb>o\x06\x9b\xdb9\tG&4\xc2\xe3\xc4.\x13gB.\x8e3\xb9\x11g\x90v\x0b\x98[\xa9`\xa3\nq\x9b\xcc\x1b\x03\xc0\x04\x9e`\x89\'\x0b=i\x10\xea\xe7e\n\xef\xf5\xe64\xfb\xa1\x11u\xb4\x9e\x8f}\xa7M\xc3;<\xb8\xe9\xe4I\xed\xd1\xf6\xb9\xfc\xfa\xf6\xd5\xdc\xee\xb6<\xedo\xda%l\xc5c\x80\x8eO\x82.\x10\x18\xdf\x81\x06{\xa2x\xc9\xb16\xb4I\xb2\xae\xb3\xad\rh\x92\xf6\x98\xc8\xb3h\xa5i}\x04\x17\x85p\x90]\x8dD\xd6\x08\x08,\xc0yZ/zu\xe3\xaf\x94l\xday\x00\x82\xead %\x0e\n\x0c@\xdd\xe8G\xc9v\x8a{\xa9}~\xc2T048I{^\xfbx\xe9\x8f\x8b\xee8]\xf8`c\xe3\x83\x13\x0eU\x08\'\xb5\x0b_\x18M\xda\xb7\x97\xbf\xd3.\xf6M\xc6\x89\x99\x99\xf75\xcc_\xd1\xab7\xa5\xcfR\x80/Z\xb8H\xf33\xd4\xdf\x13\xe9\x8f\x9a\xecbS\xb8q\x9di\xad\xb5)jS\xf8z\xb7Q\t\r\xe1\xdc\xfe\xa1!A\x911n\xaa\xb7\xe7\xad\x17[\x18x\x94\xad\x17?\xa0L\xed\x12\xb9`\xdd\x07J\x00j2\x03UW\xe6d;\xb9P\x02\xffJKJ\xf0\xfc[w\xe66\x1d\xb6\x0e\xdf8\xfd\x02\x0e\xd1\xde\xd4~\xd0\xceh\xaf\xe2\x06\x9c1\xe75r\xee.\xef?rLk\xed\xdd\xeb\x95C}\xfbj\x97O]\xd2\xce\xe2\xfbp9\xae\xc5O9\xa9l\x82\xfe\xd1\xbcVD\x19\x9e !\x84p\x84\x0f\xe18\xe2\x16\x80\x9c\x1c\x84\xe1\x1cF\x12$G,\x06\xbf\xdc\xda=\x1a\xdb#q\x18\xcf\xf4\x18$.T\x88\xe5R\xb9LN\x98\xe9\xef\n\xc4.\xec\xba\x8f/i?\xa8\xddG\xe2\xda\xfb\n\'O]\xe3\xf9\x83`\xf1\x96\x00}\xfc\x98-\x8bF\x89h\x94\xa7G\xb01\xae\t\x89M\x11\xa8\xb97hy\xc4\xfa\xa4\xe0@\xc5\xc8\xc5\x84Zz\x86\x06\xc6*\xa1aq\\\xa8%\xd6\x15\x93\x04\x8a\x006\x8e\x92\xc8\xcf\x17"^n=O#\x9f\xf4\xee\x14s\xd3\xf0!\xc6\xa5\xeb\xaa\xae\x1e\xce\x18\x08(\xfc}\r\x80\x9c\xe4\xed\x8a\xfa\xfa\x8ay\xb5\xb5\xda\xe2\x15\xf7\xe3P`\xb3\x05\x87>\xb0b\xfd\xe3`\x12?\x05\xf2}\xf8\xf8wE3\xa6\xcd\x9e=mF\x11\xd94\xbf\xaa\xaa\xa1\xa1\xaa\xbaai\xfc\xae\xa5/\xbd\xf9\xc6\xcbKw\xc5\xf7|\xe9\xa1O?\xff\xfc\xd3\x87^\xc2\x13\xa7\x16\x14L\x9dzk\x01\xe5\xfd\\\xc0\xcd\x0c\xbc\x0f\xd6y/\x854\xa9h\x1d^\xcb7\x81,6Y7\xd9\xd7\xbb\xc3\xddR\xa8\x7f\x10\x8a\n51\xde\xb7\xb4\xb5\x9d\xd7\x11i\xf1)t\x7f]\x0e\xfbC0\x14\x05\xc1\x90\x8f\xdfQ\xb1\xd8\x07; zl\xc6\xce\xbc\xa6\xc3\xb6\x91\x1b\xa7]\xd0\xbe\xc0\xe9X\xc21\xd8\xa3\xdd\xaf\x1d,?\x8c\x97\x96\x94\x82P\x94\x96\xbap@/\xe0wr26|\xfcw\x1c\xa5\xcd\xd7\xd6k\xab\xb4\xa9\x91\xe4\xe2]w\xfd\xf6w\xbf\xfb\xed]w1}\xbe\x00\x1f9\x90orzE\x9f\xecD{\xf9\x9d\xa2\x80\t\x8f\xfc!\xc5\x1b\xc4\xe6\x0cZ/w\xce\x18\\\xc0\xe5\xdact\xe7\x0b\xb4%\xda\x0eM\xcf?\xd1r\xf0\xb59,oU\x90\xdb\xe3/\x83\xaf\xa5\x0ew\xaf\xca\xf1,\x05\xf5WYg\xcc\x83B\x0e\n^J\xf7\xbc\xde.\x7f\x00\xefK\xfb\xf5z`\xde\xac\xf7K\xe3\x82\xc1\xc2i\xfeO \x9b\x91\x1e\xab@\xc3\x14\x81{^\xdc\x07}"^\xa2a\x10\xf3\x9a\xad\x10\x84($\x10\xa7b\xe1t\xdb \xae\xe5\xaa&\x10\xee\x98\xb6O\xdb\x7f\x15\xbf\xdb\x8a\xdf\xd5a<\x85\xe3\x84\xd3\xdci/\xae&\xf4\x14\xd9/>\xc5\xd3\t\x07$\xb3\xf0\x86M\x08\xb1\xa0 \x90m\xa7\x04B{\xba\xaaq\xa7\xbf\xfe\xe4\x9b\x9f\xc2#\n\x10\x1f\t\xfc\xf3x\x9f$\x02\xc1$\xdaI\x07<\xfe\xa9\x98\x02\xc4\xfa\xe0\xde\xe0\x8e]\xd5\xfa\xb6j}\xaf\x82\x15\xa3\xb0\xac\x04\x9d\x8b\x04=p \x17\x1a\xed\x89s\x84\n\x84\x17C,\xe8\xc1\x08\xeb\xc3\x96\xb5\xc6F\xff\x95\x11\x0f8EA\xc1\xa1!H!vK$"\x118\x8a\xe5\xf1\'\xa87\xf0\xba\x03`\r5\x1b\xdf\x80\xb3\xa3q\x98\x8b\xa5\x85\xdd|V2\xd5\x03\x0b\x86\x00Z\x00R\x937\xb4\xc7\x86\xcf\xf5\xa4\xa7\x16L\xfa\xcd\xa1\xd2\x85o\xcd\xbc\x8cQ\xce,\xcf\xc8\x9e:O\xf1\x0f}\xf3\x96\xce\x1e\xd0oF\x9f\xcc\xf1#\x86\xe3\x01={\xfc\xe9\x95\xd9\x8fOM\x1f2\xb6\xf7\xab\xb4*@\xd0\xbd\xda&\xa9Z\xd8\x02\xfa;\x0eUx\x06\x18-\\\xbf\xa4\xecq)\x96\xe0\x10%\x8c;`IIR\x0e\x84\x04&\x1d\xb0\xbc\xd0?\xe6@\xe0\x0b#V\xe7\xa4\xf4\xcb\x0e\x15\x83\x8d=CQO\xbf\x88\xf8\xd0\x1eY~=z\xc6\xf7\x1b\x9cC\xc3\x05\xf0k\xb4\x9e\xae\rz\xd3\x8fyn \x1c;\xd5r\xd1\n6;\xd9\xe6Mw\xe8g\x12\xee\xa2\xbe\x98jG\xac7IHM\xd1\xb3\xdd\xb8\xd8\x18\x8a3\x8b\xae\x83\xec<U\xa2 \x91\x8f\x8e\x8a\x89\xd3\xe3\xee\xb4\x18\xa0\x05\xcd\x93A\x9d\xa2\xb9\xa1\xe5\xd3\xa6\xce\x9d7mJ9\xde\x18q\xf7\xd4\xa6\x0f?zf\xea\xdd\x11\xef-^5`\xe0\xad\xda\xe7;\xeaOL{\xf4\xf7\xf3J\x8a1\xb7\xe6\xce\xb6\xa9\xf3\x96h\xa7\xd6\xbf\xa8\x1dX\xb6\xec\x9e\x15w\xde\x89\xc7\xef\xfb\x0cW-\x1a;N;\xa8}\x18G\xc2\x16\xadZ}\xc7\xc2\x95+\xb5i\xa3\xc6\xff\xf8\xd6[WsG\xdd\xd5>\xd6\xff\xed\'\x8a\x9f\xcd\xba\xe3w\x83\x07\xce\xd6\xde~~\xadv\xadx\xf6\x9cY\xb9[\x0b\xe7\xdc\xb5d\t\xcez\tB\xe3%\x8bW<\xd38\xfb\xc2\x9d\xda\xdf\xb5\x13\x94\xae\xde:\x10H\xa6\x8a4\x8f\x079DAr\x88\xa2\xa0:dU\x009\xa0\xc7\xc4\xc1s\x18v\xd9\xc1\xf1\x9c\xeaPT\x9e\xe7\xdc*\x8fv\xcb\xfcJ\x91\xa8\x8a,1\x05QD\x0e\x82\xb1=\x91\x1c\x9e\xd9\xe2\xad\x9bP\x89\xd1\xed\xb6\xfc\x8d7\x1b\x94t\x0b\xde\xe5\x0c\r\x8f\x96\x05\xab\x89\xea$\xb5T]\x8a\x96\xe2\xa5\xf2R\xa5^\xbd_\xdd\xac\xbe\x02\xdb\xbb\xb0\x9dU\xad~r\xb8\x12it\xcb=\x15\xa71\x8b\xcf\x14F\xc9\xa3\x95)\xdcT~\x920Y,\xe3\xca\xf9Ra\x8eX`\xacG\x8b\xf0\x1d|\x83\xb0H\xaeW\xee\xe3\xef\x11\xee\x91\xefS6\xf0\xeb\x84\xb5\xf2Fe\xbf\xfc\xa2\xf2\x0ez\x03\xbfA\xde\x91^\x93\x8f)\xa7\xd0\x07\xf8\x03rJ:)\x7f\xac$\xb2\xc0\x8bsa\xb6q|f\xfb\x8e[\xb5%$\x1e\xbfC\xe2\xb5%\xed;\xf1\x86\xa3\xd8\xaa]\x12N^\xedE\xdc$\x8f\xea5G\xe7g\x85\xfb\x80v\xfa\x9cZ\xae\xc7\xed\x87^\xb4\xbc,\xbe\x18\xbaRy1X\x84d\xc2/\xc2hQ\x82\xc3x\x89\xb3G\x18\xed\x81V\xc9\x1e\xc2uL\xb6\xd9|E\x16]\x9d`KO\xf2((\xca\x1a\x95\x18\x95\x1b\xc5\xe3\x99\xbei7\x9bo\xda\xcd\xa6G]\xb4\xb6\xaa\xc7V~\xd3g\xcd\x9a~\xf2\xbf\xea\x1b\xea\x1b\xfe\x8b\x8c^\xbcB\xfbD\xfb\xa0}9\x19\x8e\xfb\xe3\xa0RnMn\xce\xb8\xdfh-\xedu\xb3\x8b\n\x0b\xb5\x85$$\xe6\xb5\x95\x1f\x9d\x10N\x1ez\xb7r\x03\xb3)\xa5\xe07f\x80-\x08A\x03=\xa1F\xab\x82\xec\x9c\t\xa2\xc0\xdd\x9cu\xb7\xb2\x89[\x1f\xea\xdf\xdb\x88\xc4^\xa1V\xc8&}A\xbe\xd6b}C\x87:i_b\xd8\xada\x04\xcft\xb3\xfcY\x0f\x0e\xf4\xcc\x99j\x02U\x03a\xc6\xdc\xbf.\xd1\x1e\xd0\xb2\xf1>\xdc\xb0\xe4\xafs\xe7\x1d\xaf\xfbsk\xeb\x9f\xeb\x8e\xcf\xcb\xeb\x7f\x0bn\xc4%\xb8\x147\xde\xd2_{\'k\xa4\xf6\xc3\x97_h?\x8c\xccb6\x8a\xce{\xa73\xba\x06\xa1>\x9e@tXY\x89\x0f\xdbebW\x91\xd0\xdb\xda\x07\xd9\x15N\xcf<\xc0\xfa\xf8\xa8\x97\xb4\'7\x04\x02\x02l\xf3*+\x06\x12\x05\xe9\x99\xa9\x08\x14#\x83\xefo\xfd\xf1\x87o\xda\xff\x81\xd7\xe1|<nAyii\xf9\xedZ3ls\xf9=m\xb7}u\xf6\xd3/qta}\x89\xf6\xc3SOk\xdf\x97\xd4\x17z\xe7\xdf\xf9s\xac\xe6\x9d\xe4\t\xe0\x0f\x8b/\x93\xc3h\xa5|X\xc5\x82\x02\x1c\xed\x98\x88o\xf1\xf1/i\xbf\xd5\x94k\xaa1\x81\x02t\x9d\xe7>\xc4[\xdak\xc9\x9c\xf6\rd\xfb\xb5\xd3\x10\xc4\x9d\xd1\xbe\x82}\x17\xcd\xe0\xf41\xde\x811\x14\xd4\xcbc\xeb\x18C\xc0l\x00U\x1f\x80\x85?\xac{C\xae\xa1\xc6\xd0\xad\xfb\x8e\xce\xe9d\xbd\xdeu\xfb\xbd^\xde^ev~\xac\xc7\x1d\x12j\xf7\xb17\xf4\xc5\xf0\x0e\x06\x87G\x84\x85\xf45\xa6\xa0D\xff\xdeb\xaf\x08\x18\x0bB|\xea\'[X:\x07\x9b\x97\xd5\x94\xdb{n\x8d\x04\xf2\xba\xc1\xb0yy\xcdw\xe75\r\xa4\x85\xab\x0fiG~\xcf\x18~\x08\xffv-\xb6-\\\xf2\xfd\xe2\xbf\xfex\xe9\xcc\xa09\xf1_\x93)\xd5\x99\x99\x8c\xe9\xe5\xf8I\xca\xf4Q\x99\xda\xf5o\xbf\xd14\x8b\x15G\xd1\xc50\x8c\x16\xc2\x15F\xef!\x1e\x7frX~\x99\xa7\xab\x1a\x80\x12B\x97u\x0f\xfab\x82\xcbt\xb2\xdf\x13HkI\x16\xc1"Z$\x8b\x9ck*\x00\xdao6\xa97P_\x9fz\xd0\x96\xb6\xbf\xc5\xd63\xfc\x89\xa4\x83\x0e/\x04"\xf9\xd6X\x90\xc1,\'Nx\x01\xbdJ\xe88\x90?\x8fm\xb6\xe4\x8fm\xb6\xe6O\x874\x0f!\xcf-S\xf5\x84\x1a\xef\xb7\n\x1e!W`\xf3\xf7\xb4g\xda\xe3\xd5^\xd0\xcf\xf5\x95Z)\xeb\xc7\x80\x86y\xfc\r\x04I\x87\x85\xd7\xd0J\xa3 \x8b\xd8.2\xd8\x7f\xd2gK\xab7\xb3b\x82L;7y@~X\xe7\xd4W0Q\xa6\x83\xbc\xa7\x1d\xcb\x19t\xfb"\x18\xea\x10d$\xad8\xfa\x9e\xdfv\xac\x0f\xb9\x8d\xe5\xc6\xcb!\xf2\x81\xc8\x83C\xaf*"]\xc7 S<\x0c\xbeu\x0cl\x02\x85\xae\\\xf0L\xb2\x0bv\xd1j\x1c\xc4\r\x94\xb2\xb9\xb1\xd2tn\x8a0S\xaa\xe6\xe6P\xdb)\x96I\x05\xc6\xa5\xdc\xed\xd2R\xa9\xc6x7\x7f\x8f\xb8K\n\x8a#\xc9d\xa0<\x9c\x8c\x95\xf3\xc9Ta\x8a|\xab\\@J\x85J\xb9\x86\xdc\x0e&v\xa9|\xbf\xb0R~F\xf6\x9f\x89;\x174\xe8\x14\xef\x85_i\xef\xcb\x85h\x11\xed\xbb\x19\xd5\xcf\x12W\xfb\xe0\xb6\x8b$\xbb}_\x07\xdd\x99n\xb1\xf9\x06*\xf3<\xb6s\x88\x13\xe9T8\xcd\xd9|\x81\x1f\xed\x8c\xa9\xcd\xb5\x1cP\x18v\x9fDm\x83\x11\xfd\xd9\x93\xc2\xa5\xd1\x99\xc44Ld\xfa\xc5\x11EUp\x9a\xaa*l>\x12\xc9@\x0e\x83\xa0\xc8\x1c\xc1\x82*\xf6\xe5\xd5\xbe\x883\xe9\xf3\xfcA^\x9a\xb4t\xd4-}\x1eI\xf6\xe5\x17\x16\x96_\x94*\xc4"[\x94H\x12(E\xca\x91J\xa0\xda\x8b\x0c%\xa3\xc9x\x92-e\xab\x93\xc9Ti\xaaZF\xaa\xa5ju-yH~Hy\x9a4K\xcdj(\x8fy\xc8\xf3\xed8\x84\xb3\x9a{b77\x00\xa7r\xe3\xb1\x87\x1b%O\x92\xa7*\xb9\xe62<\x87+\x91\xe7*\x05\xe6\xbb\xe5\xfb\x95\xc7\xe4`\xf0>\xfe\x94zlr\x87\x91\xf0+0S\x93\xf0\xdf\xb4G\xb5\x9d\x97\xb5\x9d\xda\x1a\xe1d\xdb9.\xf2j/~d\xdbi\xce}\xedPW}Q\xd0b\x8fCJ\xa3\xab\xc4\xd2 \x10qS\xe4_\x95\x05\x11K\xa4//\xf5\xd5\xedH\xc7\xea\x86\xd6\xe4\xf4.\xb90\xcfp\x95hm\xb6\x9f*"C\x88x\x0b\x1e\x85\xc7\x88\x93\xf0T1\xd70\x07\x97\x89\x05\x86\x83x\xbfh\x0e!\xa1\xd2\x10\x92"e\x01\xf2\x1ei"\x99&\x95\x92r\xc9\xc0X\xcf&\xfb\x18\xd8\xbbI$\xae\xd4\xf2\xda\xcf1\x88\x11\x8f\x00b\xd4\xe6]\xb3\xe7]\x13\xc1\xeaI\xc9\x1e\x7fq\xb7\x1f\xdam\xdc\xe4\xb7>X\xe9m\xe9\xcf\xf5\x0e\xecuC=\xc9c@!A\xfe\xd6\x90\xc4\x90\xa1!\x02\xd8v\xaf\xb1\xa1UG\xaec\xcd\x83\x15q\xa5\xcd\xaf\xbd\xd6\xfc\xdck\xaf=\x87\xcb\xf0z\xad\x0c\x12\x8e\r\xda\x1c\xbc\x81?\xa5\xb5\xb5~\xad\xb5a\xfe\xebV\xcc\xe3 \xadX[\xab\xad\xd3\x8a\xf1&<\x17\xcf\xc3\x9b|\xbe\x86\xf9p\x15\xf9\xa3\xbe\x1e\xbbq\xb7d\xd8\x8dV*\xfe&\t\xcb\xd6\xde\xbcA\x06E\n\xd0\r\x8f\xcf\xdb\xb0"\xd3\x1e\x14\x88)\xea\xd4\x11\xf3\xa0\xab\xae\x0e\xcfs\x88,\xc5\x0e\xdc\x17\x12\x8a\xcf5:\xbbs\xb2\xe6\x8e;j@\x05\xbe\xfa\xba\xbd\xfd*\xff\xb2vkeqq\x85N\x0f\xed$\xa3\x87\x05\x85\xa1\xd9\x9eP\x93}7\xb2\xee\x966\xa1\xf5\xe6p\xb3\x8aM\xfe!\xbd\xd5\xfe\xfe\xbd\xf9^\xe1>g\xc7bU\xdd:\x832\'\xc8F\xe4\x081Z\x1dq(\xd11\xc98\xc1Tj,0-0.\x00+h\x92\x8cS\rSMS\x03\xa6\x04\xcf5\x94\x9bn7\xca\xc0\'!\xba\x83h\x01\xb4\xf0\xcd\xe8i\xf7\xd2su\x84\xb6Z+\xc5\x1b\xf0\x1c \xcd\xda\x0f\x8f\xe0\xde\xda\xc3\xda\xe7\xcd\xaf\xbd\xbc\x0f\x08\x1b\x86\xd7\xe3\nJ2 \xee\xc3m\xda\xa33\xb4f\x91\x07\xe2^\xba\xae\xd3\xd6\xeb\xb3\x11\xf3\xd9\xe1\xe8^OrX(\t\x0fq\xd8\x83\xec\xc1\x8e\xa0 \xbb;\xc4\xae\xfa\xa3\xdd\x8a\xb8\xdb\xb82H\xb5\xfb\x07s\xd6\xf0\x10\x91\xae\xde\xe2\xecAVE\xb2\x1b8\x87n\xac\x00\xcb\xa0t\xafzR:\xb3\x19\xa8.\x89\xbf>\x97\x10\x1cNu32,8,$44,,4<-0\xcd\x9e\x11\x98a\x9f\x148\xc9\x9e\x1bQ\x12Xb/\x88\xb0t\x04P!\xc4e\xeb\xc8\xcb\x83\xfc]\x1c8.rvay\xf9\xc2\xad\xdaR\x92\x8d\xe3\xb0\xff\xea\x87\xc6/\xf1\xbc\xa7\x95\xee\xef\x7f\xdb,n\xe8\xb49\xa5S\xb4\xe5\xda\x95v\xf0\xcco~\xf0\xe8\xcb\xbd\xfd\x96.\xd7\xa6\xe0\xba\x9a<f\xbb\xd6\x80o\xed\r|\x8bCOyz"7\x1f\x10lS\r\x11\x91| ~\x9d\x0f|=x\xb7\x8d\xdf\xed\xded[\xdf#B5D\x86I(,\xc4\x1c \x85D\xf5\xb0~\xd2\xdar\xa2\x95N\xba\xa5{+j\x10O]\xb0^\xe8\x08\x04\x93<\xf95\xf18\xdd\x91\x1e\x91\x1e\x99\xee\x1c\x131&r\x8cs\x8a:\xd31#bV\xe4,\xe74\xd7\xdc\xf0jGuDud\x99\xb3\xdaY\xe5\xaa7\xd4\x1b\xebM\x8b#\x17;\x17\xbb\xd6\x19\x1e3>\x1e\xb11r\x93s\xa3k\x87a\x87q\x87i\x97cW\xc4\xae\xc8]\xce]\xae\x1e3iX\xe4\x9b\xd1\x88\xf4U\xeeb\xe2l,Y\x01\n%b\xbdt\x91\xcc\xf3\xef,\xfa\xaa\xec\xfe\xdfMm\xd8\xfe\xe3_\xb4\xd3\xda\xfb\xab\xb4\xffZ\xbd\x1a\x1b\x16\xdfy\xcf\xf4\x15k?{\x17;\xb1y\x11\xe6\x85\x1dZK\xff[\xb2s\x07\x8d\x08v%\x1f=\xf4\xfd\xdf\xd3RqF\xf6\xb8\xfc\x9c\xcc\xec\x08W\xd2_\xf6\x9c\xbd\xe4ft\xf2\xae\xa3\x80\xdc"\xc5c\x16u#\x7f\x0b\xc45\xb7\x08\x90\xf6\x8emV\xc1\x1d\x9a\x99;\x14\x98\x8be5\\\xba\x8c\r\xef\xf1(\x9dN\\\x15\n4\x9b\xb6T\xb3\xd2\xf8\x86.\x1e\xd0\xfd\x07\xf0\xe0u\xe8\xdb\x06}\x07\xd9\x0c2\xa4\xc1\xc2a\xf3z\x05\xad\xf4\x93\xedj:\xf5\x7f~\x1d\xd6$\xf925\xf9I\xfb=\xfe5\xfe\x9b\xfd\xf5\xf8IO\xebl.\xafF\x80\x9fYx\xdf\xfd\x0b\xc1\xdb\xbe\x06\xf9\xd5\x1f\xb5\xd7\xc0|-\x7fq\xf3\xe6\x17\xb9\xa5m\xcb\xb5\xd7\xb5#8\r\x0f\xd6qb\xf9\x92\x88\xee\xf2\xc4q\xb4fL\x1c\x98\x08\xf4\x0b\x11\x11\x89\xd8\x01\r\xdc\xd4\x00\x0b4K\xc7\x02K\xcf\xf7\xadF\x90H{\xd3"0\xc07\xf79\xd8\x93\x80\x88\x958I3\xe1\xc1\xfcpA8\x98\x0b\xe6\x83\x84H\xd9)\x8fB\xa3\xf0hn4\x9f!\x8c\x11\'\xe3)\xdcj\xd9\xe6s\x1a\xd8\xa5\xe2\xbb\xf0\x83\xf8\x01|W\xfb\x87Z*\xb8\xca=|\xce\xd5^\xba\x9f\x1d\x8c\x90\xbc\x86\xfaK\\\xe9\x19#:\xc0_\n\x004\xf8K5\xcd\xa0\x02\xf4J\x1a\xc0nH#\x1cQ\xd3\x14\x95\xe3\x08qp\xc4\x08\xcd\x01\x0f\xa3[\x85\xa0B\xa4nT6\x1a \xcf\xd3W\xe2\x1a$d\xa2\xfcS\xf2)\x0f\xa7\x8fm6\xd0\x0fcg`s\xd4\xe7^\x93o\xee]o\x86\xf9QN\r\x04\xdc\x03\x04\xab`U\xdd\xaa\x13\xb6\x01\xe0j\x07\x08C\x85\x145\t6\x0f\xdbf\x91YB\xa1z\x80<\xa76\xc3\x16*\x10\x15\x1c\xbc\xa2\x08\x06\xd1h\'\xc1\\\x10\x1f"\x04\xca\x01J\xa8!\xd4\x18Gzpq|\x0f\x01RFc\xa29\r\xe2\x83d>YH\x12\x93\xa4$9Y\xe9\x07\xf8\x0f5gq\x99\xfch!C\x19c\xa0\xf9\xdf42\x8d\x9b\xc8O\x14\xf2\xc4<)O\x9e\xa6L4\xcc4V\xa3j\\M\xaa\xb82\xbeL*\x91\xcb\x94yj\x95\xa1\xdcXm\\\xc0-\x90oW\xe6\x1bn7\xae\x90\xee\x96\xef3\xbe@\x0er\xfb\xf9\x03\xc2s\xf2\xcb\xc6\xb1>\xce0\xe6\xc0\xc7`|\x1b8g\x84\xeb`\'\xb8J\xdb\xa2\x8d\x84\xfc\xfb\xb26\x12x\xf5:?\x98\xee\xe0\'\xab\xaf=\xac\xf3,\x0eD\x88\xb0X\xf2\x92\'\x83wPAr\x00\x1fhRn@\x06\xc5!+\x88~\xa9\n8{\xd9!I"\xc8!G\x9fIp`\xe4\x86,\x1c\xf1\xaa\xf4*\x8f\xd9\x91d\xc0\x92`\xf4\xa9\x9b\x85r\xca\xd6\xa9s-\x9f\xb4t\xc4B^^uI\xcd\xbb\xb1\xac\x93USd\xce\xc2\x89\nR"9\xab\x92\xc8\xc5*Ne\x10\x97\xa2\xdc\xca\xe5*\xab\xb9e\xca+\\\xb3bS\x88\x08Q\xa8\xa2\x86\x91\x00>@\x0eS{!\xc8\x9b\xf9\x18\xd1-\xf7\x02\xbe\xa6\xf2\xa9\xf2\x005\xd7T\x82\xe6\x8a\xd5\xa6\x17\xc9\xf3\xfc\xf3\xf2A5\x14\xc8\xa6\x13M\xff\xe3\xda\x88\xa8Uk\xdb\xb4\x1dZ%\x1c\x99\xf1#\x10\x99d\xe2G\xc9\xd5v\x11k\x1a!W\xc9i-\x12\x9f\xa34\xbb\xde\n\xb6\xe6,\xf3?k==\xba\xeb%Gd$Sy\x96\x99^\x8aD\xe2\x07\x08v4@R|Rl\xa2d\xb10\xb2H^S\xe4\xf7\xeb4\xd5\r\xe2\x95D<$\x97\x14\x80\xd6\xaa\x90\xa0\x82\x17\x08\xe5\xdc\xb8\'\x97\x8a\x07pI\xeax\xb5Z\xa5\xc2\xc5y\x83c[\x00\xfe=\x84v\xf9xG\xfb\x9fXd\xdcJ\x02\xda\xb6\xb4?@\x1at\xde\xd3y\x8e\xdbXL\x07\x11\x01G\xf5U\x06\xde\x13\xb7\x0c\xd6\x93;,@L\x0b\xeeVT\xc1\xa4D\x8a\x16\x11L\xca\'\xfaBe\x96\x03w_\xaf\xe0\x89\x148\x83\x1c\xc8\x85\xcan.^N\xe3\xd2\xe5\xa1\x86Ln\xb4<\xde0\x89\xbb\xd5Pm\xb0\xe8\x05s\x9b+\x15\xbb\xea\xf8/\xda\xcer\xb7\\\xfd\x9as\xb5AH\xf9\xb7\xb6\xfe\xda\x99\xbfqo\xeb0\xd1\xb9f\x87\x18@W\xb4{\xac|\x8b\xb8\x9d\xb4\xa0m\x90\xa3r6DW_\xb7\x1dMfs\x9a\xde\x02&\x9d#m&\x95\xda\x178\xa4}\x8d\x18p\xee\xea\x96s7\xcc="L\xe7\x1e9\xdc9\xf7(\xe0\x14L\xcc\xed\xdf\x9d!\x96\x97\xc55?V\xea\xe3>\xc0\xe6\xa1\x03\xf4U@0\xe6v\x18{\x9b\x8cl02]\xf6\xcc\x8a\x12lXL\'da\'?\xb4\xaf\xc1!\xda\x170\xfaw\xe7\x84\x02:\xee\xbb\xdcN\xe1\x02\xb3\xd7\xc1\x1e\x95\xe31Z)qX\x00\x93|T\x1f\x1a8\xac\xe0h\xf8\xc3\xdcIb\xfd\xbbV\xaa\xcd\xf9\x8e\x80\xabi\x7f\x1f"\xa0\xf7Io\n\x07\xd2\x1c<\xd2h\xfd\xd6\xbc\x8f\x92\x9f$\xd2,\xf9\xc4\xd1$\x1c\xe8J\xa5\xe1\xadv\xfa\xe5\x97\xa1\xdd,\xfe"Y#\x96B\xbb\x9c\x17\xf0\x9b\xe8\r\x1eC.\xc9&|\x817H\x175\xea\xf0^B\xfc\xf5\xc3\xd0\x9e\x87\xcds\x8b\xad\xff-S1\xbdx\x93\xf3\xfbBI(GfR\xf0\xf0B\x1c\xda\xa2\xad\x16K\xb5\x15\xf8v\xe4[SL\xd7\xc6\x82Or\xa3\'<=\x15\x11\x85D\x1a\xd0_\x82\xde\x157\x9b\x8f\xdb\x9cG#\xdf\t\xdf\x1c}\xc4\xb6\xde\x88\xa2\x83\xb8`\x93b2\x0c\x8e\xe4L\x01\x03c\xe9\x14\x008\xdad\x9b\x1e\xd0\xeaS@\x7f\xbdx\xe5b\xba7\x0e\xc9N\x8c\x1b\xec\x1c\xec\x1a\x1a7\xce9\xce5\xd39\xd3U\x05\x01\xc7\x9d\xce;]5q\x0f:\x1ft=\xe1|\xc2\xf5\x07\xe7\x1f\\/9_r\x05&G$E\x8e\x88\xf0DN\x88\xc8\x8d,\x8a(\x88\xbc;bY\xe4\x9a\x88\x87"\xb7Fl\x89\xdc\x13\xd1\x1ci\xa5\xf1\x87o\x9ed0v\x03\xa3\xbce\xd4\x18WJ\xb7\xe9B\xb2\xb5\xe6\xb6\xe9\xbf)\xb9\x9fV\x84G\xef[\xbe\xfb\x14\xb6\xe0\xa8\xf7\xefYU\xf7\xe6\xc4\xba/\xebq"6\xe1\x1f\xb2\xc7\x8c\x1c\xf7pe\xfc\xbd\xed\xcbw\x94\xce|g\xeb\x1b\x07\xc2\'\x8e\xef\xd3\x07\xdb\xc2\x1d\xdf2\x9a4A\\0\x0bd\xc6\x00q\xe8-\x9e0\xb1\xd1x\xdc\x82\x1a\x03\xd7[\x8e\x84m\x0b>\x1e\xc2\r\xf7\xf3\x04\x1b\x15S\xa8\x95\x05\x9c\x10\x18\xb0d\x93\xcd\xd1]L\xda7>\xa2 \x82\x96\xb4\xba\xccypl\x06\x8c-\xb5\x8d\x8d\xa3\xd2\xcd\xa1\xba\x85\x0b\xeb\xea\x16-Z4f_\x83\xbe\xac\xb6a\xdf\x18m#.\xfd\x82.\x8e}z\xf3\xe6\xa7\xc9\xc9\xd93}\x8bhg\xce\xde*\x06\xe8\xf2\xec}\xa6\x01\x85\xa0\xfe\x9ePt\x14\x9f\xe0\xcdGM\'\xd4F\x1b\xdf\x18\x04l\n\x95\x86\x9bP\xc0\xc0\xee\xf5\xb6\xcb\x17\xad\xff\x00\xc0n\r[Jkm\x9dq\x1c\xab\xb9t\xa9\xbc\xf1\xa9Yk\xc6\xaf{\xea\xa9u\xf9\x8fy\xf2\xff0Y{O\xdb\x05\xf9c\xe2\x94g\xf8\xc1\xda\'\xc9I\xcf>\xf1\xc4\xb3\xc9}\xb5\xd3\x91\x91\xb8?\x0e\x84\xad\x7f\xa4.C3\xe8\xdc\x11\x00h\xd5\xe9\x15\xd4\x88\x8e\x9bm\x8d\xc2qy\xbd\xf9\x08\xde\xc6\x05\xf0\xc8D<\xa1\xc3\r\x03)\xbd\xa8\xcc\xb0\xe5\x92\x97\xcf\xb7Z\xcfw\xd2\x8b\xe5\x7f\x8c\xab\xfa2d;\xd7\x95\x80;\xe8\x12\x841{\x1a\xf4e\xc7\xf5{\xb7R\xfa\xd5.\\\xc8\x1d"S~l\xddZ4\xc3\xb7\xc2xf\xdb\xdb\x94\x82\xfa\x12c\xef\x9ay\x95\xa7O\x12\x85\xa1\x11\x1e\x17\n\xfc\x08+G\xe5\x13\xc2f#\xfe0x\xb3\xdf\x11\xe3\xfa\xf0\xb0@"\x07\x9a\xd0Hb\xb2\x0c\x0cg\x10\xb6t\x99\xa4\xa3\xd4\xbbH+\x95\x8e\xa1\x0e\nf\xa0K\x9f\xe4\xea$\x9c\x13\t\xba\x04\nj\xdb\x1fM\x9b\x1e\xbc\xed\x9b%K!\xd6<\xae=\x8b\xc7\xe2(,\xe3\xc1\xdaC\x0b\n\xca~k%)\xa5w\xde9b\xa4\xd6\x9a\xd4\x17\xa7\xe2 \xec\x87\x07h\xaf\xad)]\xd2P\xd5\xe1\xb3\xb9\x95@G\x7f\xf4\x1bO\xb8U\xc0F\xb9Q\xc4\x9b\xd16\xb3\xb8W%\xfe\x12\x92\x14\xc1d\xca\xb0\x18\x02\xf4\xe5\x03\xbe\xc8\xd7@\xdd\xcd\xa0\xd6\xb6A--z!\xf8|2\x9d\xa4Jf\x0b\xef<\xc22i\x99L\x00n\x80\xd0\x81\xf5x8\xda\x96B\' \xb8\x95of\x0f\xc2\xc9\xda\x9f\xb5\x8d{\xf6\x1c\xfd@\x0c\xf8\xba\xff\xc8\x9c\xeb\x88.c\xc6`~\x9ee\xbc\xd52\x053\xbf\x108\xdb\x03\x8d\xf5\xc4\x86[8\x14x\xd4~"d\xb3\x9f\x03\xd4B9b\xda\x1b\xdd\xe8\xf71:\xce\xc5\x1a\x91\xc9\xec\tt\x0e\x17\x07\xc6\xfbl\x03\x85\xe5\xbc\xcei\xed\x1f\x17i\xd2\x02\xec\xeeY\xd0\xd3[\xf1e\x93\x84l\x1a\xc4\xa5\xcf\x13\xfa&\xb2\xb9.S\xa2\xdc\x0e`\xfb1\xed26\x1ek\xd83\x06\xc4\xe0\x19\xedPyK\xd1\xac}\xd3\x9b\xb7\xb7V/\xbe\xbd\xaef\xf1\xe2\x97g\xcf\xc0#\xae^\xc3\xc3f\x14\xedh\xb3i\xdfi\x9f;]8(-u\xe3vN\xdc\xben\xe3\xe6\xedk\xd7m\xf7\xae7\xf7\x03\xfa\x06\xa1TO\xb0\x89GX=\xedw<\xf0\x88u\x9b\x19\x13\x13\x1ae3\x99,\xfa\x82\xde\xcb\xde\xf5\xc2\xe7Y\xbe\x9e\xb4\xaf dY\x88.\xa2\xa9\xb6~\xb1q\xba\xfe0JR\xc5\xb6\x0b~\xdaz\x935pt\x9f\x9aeT\x85\x7f\xb3\xbf\xea\xb5\xb7\xc9\xae\xf6I\xd5x\xc3\x9a\xaa\xd0\xe8\xb8?lh?%\x06\xb4\xef\x9c=\xf3"\xf2\xae)&\x14\x0e:\x97\x17\x0fY\xcd\x19\xb4\x97\xdfF\x04\x0c Y\xbb\xcd[z\x94\\\xa5@\xa9Q\x96)|g.\xd3D\x1fw\xa2;}bD\x0c\xd0\xe8\xd3\xb7\xe4\xfa!-\x93\xf5i@\x164\xd8\x13B\xab\x87\x9b\x053\xf4,|l\xdcf\x15d\xd1\x84MFD\x9f\xa9\xa0%+\xe63\x99\xc5\xa2k\xef\xe88\xb6\x02[\x8dm\x99M\x1f\'@\xf4.\xc4\xf0\x8e\xf7\xd1\xb1\xe7\x86\x94f{\xc7\xdcw\xee\x9b\xafg\xdc+":\xb0N\xd3\x85\xecY\x85\x07=\x01\xac~\xb8\x17m\xf3\x15\x10M\xc8\xda\xbd\x80x\x9e\x16\x10\x0bB\xb8\x10\x88\xb1C\xc4\x81R\x16\x97%M\xe3f\x8aS\xa4[Y\tq)7\x9f\x9f/.\x92Vpw\xf3\xf7\n\x0fH\x9b\xb9\xb5\xc2:\xf1q\xe9E.\xd4N\xec\xc2\x00y$\x19%\x8c\x91\'\x91\x99\xf2\x1c\x88\x96J\x84\x05\xa4\x86\xcc\x17\x16\xcb\xf7\x92\x15\xc2\x03\xf2#\xe41\xe1q9\xb0{)\x91>\x1a\xb5\toi?Cr\xb4\x1cm\xac\xb6Q\x0ch{\x0e?\x0e\x86u+~_\xeb\xad\xe3\xe0\xe5G\xc4\x0bh\x1b\xa1`w\xac\x7f\x02\xd2\x08\x05B\x8d\xb0L\xf0\xb2\x80\x91_\x0c\xf8\xb1U\xd7\xd9]\x08I\xfb\xc0\xbe\xb8Q\xb9\'>,\xd0O\xe1%\xe4\x14\xa5`\xcbi\xe7\xf1h\xeeH\xc4\xdepP\xdc\x00?\xa3l\x12G\x07\x98\xfcFG\x86\x99\x1c\xd6X\xbd\x92\x0b\xba\xeb\xa0\xba\xdb6\x88F \xdee\xb4\x83\x06\x9d\xa7\xabG\x93\xd9"Z:/\xea\xb1D\xc6%\xc5\xe5\xc6\xd5\xc4-\x8b{(\xee\xd98i&fR\x17\xc8\xc4\xcf\xe7\xfc\\6\xddV\xda\xbckC\xc0\x9a\x1f\x1c\xf9\xc7\x9aW\x8fh\xeb1\xce\xcc)\xad&\xdazO\xde\x9c\x1a\xf8Y6\xfc\x999\xf5{\xb8\x1de\x95\x17?o\x9fDF\x9b\xc2C\x17\xcc\xdb\xb9\xb9\xfdc2\xfa\xe0\xbc\xa7\x9fh?\xc5\x17l\xbf\xb5\xa0\x06u<\xdf\xe6\x07\xf8\xdd\xa83{o\xae3\xe7\xff{\x9d\t\xfcot\xe6\xf1\x87}:\x03p\xe8*\xe3\xb5\xe3q\x00\x07\xad\xfb\xf5\xf6\xf8\x8b\x8d~\xa8\xd1x\x84\xd6\xfd\x86[\xb2\xb9\xe1\x81\x03o\xa8\xfb\xed\xef\xef?4d\x14\xcd\xd3\xbb\xae\xaf\xe8Z\xf2#\xaf.X\xb2dA\xc3\xe2\xc5\r\xec\x81\xa6?jg\xe9\x03Mx\x14\xb7\xc8\xf7\x9c\x12F]\x1f`\x82\xed\x16\x1d\x16\xef\xf3f\xcc\xdf\r\xf48:\xfd\xdd\x11\xf3z\xfc)\xb7\xd7\x01\xbe\xce\xc3\xbc^\x97\x08\xc1z\xfe\xfc\x8d.\xcf\xddA\x0eol\xe0\xdf\x05T\xe2G\xe9\xd2%<\xd8N\x17\xf7\x82\xdb\xdb\xda\xbeOT\xb7w\t\x0e\xb8\xfe4^`\x1e\x8f\xda\xebI\xcc^\x1bt\xd8\xbc\xb1K0\xb0,do\xd8\xa7\x96\xf5\x0e\x16\xb9x \x86\xe9\xe2\x8d}\xb0u\t_\xbaR\xcd\xbf\x8bW\xa6\xb6\xdaE\x0e\x82\xeb\xad\x05X\x16v\xb8d\xdd6\xaf\xd7\x9f\x02\xa2{{\xaf\x0e\xa7<\n\xcc\xf2\x8fW:\xe4\x89k\x05\xda\xd9 ~\xb1\xdb\xcc\x90~"\xee\xb0\xe1Q\xf3\x11e\xaf\xa4\x8a&$[\xfd\xa8r\xf8S\xe5\x90\xd9\xe28f\r\xe9\xca\xb1\x16\xefd\xfa\x8d\xa2\x14\xc4\xb5&\xceL\xbc\x7f-\xa5W\xc6\xde%~={p\x89\xf6\xc0\xe7~\xdf\xde\xc6\x17\x1c\xa8*\xe1\x04:\xee\\\x88\x9bf\xc3\xb8q\xe8\x13\x8f\xc7d$fCZDd\x84 J\xb2"\xf0jZdd\x84[\xaf\xbf\xb1\x98*\xe0h\xe0\x89\xe0\xcd6~\xb3\xfbHg\rnBX\x9e9@\xca\x8d\x1a\xd7\x83-jn=\xdf\xbd\n\xf7\x0f\x1ae\xf9\xddl\r3]\xb9l\xa0\xd5\xc6Y\x8a\xa2\xa8\x8a\xc1`4\x98\x14\x8b\x10\x1dj\x0c5\x85\x9a\x83-\tr\x1f\xa5\x8f\xda\xc7\xd0\xc7\xd8\xc7\x14\xefL\x97\x07*\x03\xd5\x81\x86\x01\xc6\x01\xa6\xb1\xca\x18u\x8ca\x8cq4\xab\xc9\x1e\x94\x0f*\x07\xd5\x83\x86\x83\xc6\x83&\xb7Y4Kf\xd9\xac\x98U\x93\xa1\xbfih\xfc\xad\xf1\n\xad?t)\xd2\xf1\xf6\x1b\x97\xd7%b\xdf\xf2d>\xa8\xee\x83[K\x8b\xc6\x16\x0e\xc5\xfe/k?hW\xab\xbfY2\xef\\}\xf9\xdc\xac\xca\xa1\xdf\x1e\xbe\xdcV\xf41\xc4|\x97\x92\x92RR{\xf51(\xd1[\x9e\xd9\xbb/:\x1a[\xfb\xf5\x1b\x90\x9e\x94h\x92#\xb6\xfe~OS\x04\xa5k\x18\xf0s\xbb\xf0$\xc4,\x95\x9eP\xb3 [\xb8F\x1b\xde+7"U6(D\x01%\xb0\xfa\x99\xf3\x03\xbaL]\xb1\xe2\xc1\xd8f?\x16\xbb\x98Y\xec\xd2\xd2\x19\xbb\xb4\xb4\xd2g2\xd8\\\x96\'x(\x1a\xeaO\x1f\xd3\xe7,V\x8b-\x97\xe4r\xb9\x81\x05\xa4\x80\xd3\x11\xa5\xceP\x7fl\x93>\xc2\t!\x8d\x8d\xa4\xe0\xdb\xb4\xd5Cf\x1c\xd0\x8e\x9dxn\xcf\x1e\xe1I\xed\xb5\xebHs\xe7\xf4\xbf\x8e\x9e;\x81Oc\x84\x870\x19\xdc\x02\xb6D\xe4\x0b\xd8\x9cu\x18\x044\xd8x:\xe0x\xd0z+\xde\xeb\'\x12\xe4o1\xd9F\x81m\xb3\x86\xea\xfa\xa1\x9b\xe5\xf3\xc9\x9d\x96-l\x19\x8d\xa3\xfd\xe9c\xa3\xb4\xfa\x1d\xa4\x93\xb7#~\x8d\xdd\x82\xcb\x88\xd9f\x1f\x05\xb6\x8d:\x8b\xdf<_\xf9\xda;x\x1fi\xaa\x99\xae}\xd3\xe7\xde\x05a\xd1\xb1M\x1bH\xfc\xb5-[\x99u\xc3\xec\xb9\x9a\x10\x80GD\xef\xdfX\x0f\xe4\xba\xd5\x03\xcfv\xab\x07n\xfeu\xf5\xc0\xc5\xf4M\x07VVi\xa0U\x86I\xa4\x94,#\x0f\x91-\xa4\xd9\xbb\x1d\x86\xed8l\x9f\xb1\xed\x12l!\x02\x02/\xc8\xa9\xa0\r\xfe8\x9c\x0b\xe5cQ\x0c\xee\xc5\xc5\xf3i\xa8\x1fN\xe7\xd2\xf9$9\x13eb\xf0\xde|\x81|\xbbx/^\xc1\xdd+\xac\x10\xd7\xa1ux\x03\xb7\x81_+l\x14wr\xfb\xf1\x8b\\Lg}1\x12\xdcp\x10\xb6\xe39\xda(m\x01_\xd0v\x95\x13\xe9S\xb5\x14\xff\xd1\xe0C\x1d\xf49@\xfc\xdb\x1b\xea\x8b\xfd\xf4\xfab?Z_\xecG\xeb\x8b\xfd~\xb6\xbex\xf6\xa6\xf5EZ\xb0\xfaW\x94\x16\xff\x1a\xa8:\xd5T\x92*$\xa9\xa3X\x11\xf1V\xb5B]\xaa2\x02\n\xb0\xa9@D\xe1=\xf5\xb8\n$\x14\xbeU\x83\xec$\x00\xf2\x1e?\xc1*Z\xa1\x1b?%@\xb5\x1bbq\x0c\xe9%\xc4\x8b=\xe5^J\x8c\xc1mL4\xa7\xa2T\xdc\x8f\x0c\x14\x06\x88\x03\xa4\xfe\xf2-\xc6\xa1\xe6QD/\'\x8e\x92G\x1b\xa7r\x93\xf8I\xf2t%\xdf0\xd5x\xab\xb9\x94\x14\xf0\xb3\x85\x02\xb1@*\x90\x8b\xd5\x02C\x03\xa9\xe1\xeb\x84\x1a\xb1F\xaa\x91\xeb\xd5\x1a\x030A\xfc\x9d|\x9fr\x8f\xe1\x01\xe3j\xf3\xa3\xf2\xe3\xc6\x87\xcc;\xc8\xd3\xdc\x0e\xfei\xe1\xf7\xf2\xd3\xca\x0e\xc3.#\xb0D\xdc/\xbfh|\x13\xb7pG\xf8\xb7\xc5\x93\xe4\x14\xf7!\xff\xb1pA\xfe\x9b\xf2W\xc3W\xc6\xe9\x8c]a\x98\xfea\x97\x01\xbbF\xe3\x19\x87^\xc2\xbd`\x9f\xa1\x9d\xd2\x16\xbetH[\x08\xack\xe3\xf8v\x9e\xb4]\xdb\xc2\x916\xcd+\xbf*}\x86\x12/\xf4d\xfe\\}\xb1k\r\xb2\xb3\xd6\xe8+6\xf2\xf8\xac*\xb1#,H\xd8\xd0\xbd\xd8\xe8G?\x02:s\x9d\x96\x13?\xa98\xfe\n\x16~\x0cfD\xb1r\x91\x8a\x93KTR\xb8A\xca\x08.[\xc9\xe3f(\xb3\xb9\n\xa5\x8e\xbbCY\xce-\xe3V*\xab\x95\xc7\xd0C\xdcC\xdcc\xe2&e\xb3\xb2\x85{Vi\xe6\xe8\xf6\x8aB\xb7\xc3\xdca\xee]\xe5]\xe58w\x9c;\xab\x9cU>\xe3>\xe3\xbeU\xbeU\xbeG\x97\xb8\xef\xc5\xebJ2\x08&o\x949\xd5\x9f\x84\xf3\xe1\xb2\xbf\x1ai\x02\xa6\xf3\xbd\xe4\x18\x15\x18\xcd\x0f\x94\xfb\xa9I\xa6\x91d,?V\x1e\xa9V\x9b\xeeA\xcb\xc8j\xfe>q\xb5\xbcL}\x0c\xad%\x1b\xf9\r\xe2Fy\x9d\xfa\x94\xd8L^\xe1_\x91\xa9\\\xbd\xcb\xbf+\x1fV?D\xc7\xc9Y\xfe#\xf1\xac|\\\xfd\x02}F\xbe\xe5\xbf\x14\xbf\x95?S\x7fDW\xc4\x01z\xd13\x8cE\xbc\xc05\xfc\'\xad\x02/\xba\xf0%^\x04\xdf;\xb5\xbb\xdb~\xd4\xee&\x83I\xb4\xb6\x0fg\xb7\x9fm\x7f\x15\xcf\xd6\x9e\xa4z\x17\x02\xb9\x9d\x1f}n\x12\xa7yFX\x1c\xc8\x02Zf4qf\xbaz\xfdF3d\x81V\xa0n\x16\xb7Y%V\x01\xa9\x9b\xe5\x8f9\xb4\xd7j1\x1b\x14\x99\xda$\xb0\xf4V\x1f\xd3\xba\xf0K_\xa4\x10\x94\xee\x9bAa\x0f\xff\xfc\x1c\xc7\xc0a\xca\x8cU\xdb;M\x16-\x8b\x96\x90zr\x0f\x18\xadG\x99\xd9\xda\xd7\xc5l\x9d\xf0\x9a\xad`\x1e+\x9c \x80\x84I\x82l\xc7\x81B\xa0\x18(\xc5\x081b\x8cDu\xec\x16.ML\x93\xd2\xcd\xe9\x96\x0c\x94\x81\xc7pc\xf8\x0c!C\x9cCJ\xc4{\xc8=\xc2=\xe2\n\xd3\n\xf3cd\x1d\xa4\x1a\x1bL\x1b\xcc;\xc9.n\x17\xff\xb4\xf9i\xcb\xf3\xf8\x10w\x80oV\x9a\xd5W\x0c/\x9a^4\xbfE\xde1\xbdc~\xdb\xf2\x01\xb9@\xd2;L\x9b\x19\xeb\xd9\xd2P\x1c\x026\xae7\xb8\x99R-~\xd4K\x8f\xbf[3}B\x10\xe8E\xbbL~\xb8\x96\xf6\xc7\xb5_\x0f\x18\x1b\xe9\xab\xcf\xf2\x99\xec=\x02\xf7yBYi\x96\x15i\xdd\xe05\xf7r\x8d\xb4>\xcb\xe3n\xf5\xd9\xa3\xc9?[\x9f\x1d9\x95L\x92\xcaI\xa9\xb4\x90\xcc\x97~\'\xad\x91d\x10s\xd9\x8a\x81z\x1cd1\x82\xd5\x10\xcb\xc5\xcb\x89\x06Z\xb8\x1d#\xdfjX%?)?\xc7\xbd$\x83\x18\xcb \xc2\xf2\xe7\\\xab\x1c\xc2P\xf1\x95q\x1b\xb8\xf7\xda\xf7\x90\x9c6;\xc9i\x7f\x87/\xb8\xda\xbe\xf1:\xbaJJ\x11\xe8\xaa\xb6\x87\xdf\x03yR\x0c\x9a\xe5\xe9\x1bb\t4\x88n%\xd4\x1a\xe80\x08N\x17\x87\x94\x16\xc39\xd4\x82?\x0bl\xf1\xdf\xe6v\x84\x18\x15U\x88\xb1\xfb\x93\x00\xe4\x0c\xb1\xa9\x16\xc1m=1\xe8(\xf8\xf9d\x1a3\xd1\xc8\xc9O\x7f\x04\x88\xaeJ\xa2\xb3\x97\xe9\xfa\xbaPV$\x10\x02\xc1\x8b\x0e\xc6\xbe\xe7\x01\xe0(m\xa0\xb7\x80\xc1\xe6_\x1dtA%\xbf\xe7\xd4\xc7oU\xac\x1a<xU\xc5[\x1f\x9f\xcaX9qZU\xf5\xd4\x89++\xcf5\xbfzx]\xc3\xd9\xfau\xc7^}\xf6\xdc\xe4U;\x9eX\x15\x12\xb6j\xd3\x8e\xd5\x93)\xed1\xaf9\xf0\x17\xa2\x83>\xeb\xb2\x9fUI\to\xd5\xdf\xa6rT\x7f>\xea\x8b\xcfE\xc7\x0f\xf4U\x19]\xf1-\xf0$G\xba\xc3\xecF\x8b\x1cf\x08\x0c\xb1\xf0\x82\x93Ca-!\x80o\xf4g\x96\x16\xdb6wxH\xa8\x1ch\xc1\xd1~<\n\x8d\x0c\x84P\xd9\xc03\x84\x93\xdb\x06\x1d\xd5\xc3D\x86`7\x8c\xf5\xe5\xa1\x0c\xeb$\xc1\x8bf\xff>\xb8\x03o\xbb\x83\xbdN\xc0\x87w/\x00(\xf3\xc1\x89\xd3\xaa\xab\xa7M|0\xb3+\xee\x95\x93W\xef\xd8\xb4*,d\xd5\x13;VM>\xf7\xec\xab\xc7\xd6\xd5\x9fmXw\xf8\xd5f\xba\xe6\x17\xef\x11Nsy\x90hF{@*\xc2\x8c\xc8\x9f\x7f*\xcc\xf8\x94\x7f\x04\xb2D\xe8\x0f\x05\x9dh\xfd\xa4\xd5z\x98\x11\x1e\x07\xd2\x00&.\x96n4\xadL\xa5\x01v\x90\x9dn\x00\xa0pz\xee\xde\x82y\xab\xcd\xb2dy|\xd6\x94\xa6\xd9\xf3\xf6\xc0/\x8bD\x7fMz\x9a\xcb\xbb\x9c\x9b1@\xe48q\xf0\xb8\t\x1d\x87c\xe9s\xc2^;\xe3\'\xa2\x85L\xfeg\x81\xbf\xf8\x9bp\x12\x99\x90\xf3\x05\xc5.\xaav\x01\x9b}\x8fi\xbf\xa0\x1e\x16V\xe2\xc3H\xeex^\xdb/D\xafZ\x05Z\xc9,\xad\x94\x8f\xd3\x96j\xa7_\xc3\xd1\xe1x,\xe9\x8bC\xaf\xf6\xe2\xf7Lo\xffD\x13|\xeff\x11\xfb\xfa\xc5B$\x85\xac\x12Z\x89\xde`\xe3A\xa0*}\x04\xfa\xe6\x8f\x9e\xf1\x18L\xaa\xa8\x18\xcc\xa2\xc9&\x04X?\x19\xd4\xf9\x92\x16\x93\xdbdV%\x9e\xc8\xc2^d1$\x0e\xea\x8c\x0f<v#}\x12^5+\x06Uv(\x92C5\x99!\xeeVn\xfe\xa2\x16\x99F\xf7&\x99\x9f\x89<R\x80\xa4\x9a\x88\xc4\xcdD/\xf0\x12V\xfdL6\xb3u\x90\xbea\x8f\xbf\x9f`\xf2\x17\x8cH0`A%\x02\x98/Y\xb4f\r\xe8\xdcR\xbc\x93=\x1d\xefx\xb1\xc5\xe1\x08|MK\xc0+\xf0"04\x8b\xf0\n8\xbe\xa6\xad\xd2\xb6N\xd36N\xd3\xb6\x92\r`\xf8W\xd3\x10\x18v\xfa\xde\x97#\x93\xb5\x95\xb8n\xb2\x96\xa6\xbfK\x84\xae\xd3\x04\x1e\x8c\xf0=c\xce\x7f+F\x00\xad\x8c\x8cV\xab\xd0\x9f\xaf\x7f\x04\xe7\xbdkY\xa0].\xa3\xdd\xbdp_\x8f\xff\xc0\xb3?i1\xdeg\x7f.\xb3g\x7f6\xad\xf9\xaa\xa2\xe2\xe4\x86m\xdb\x9ez\xf5\xc0\xe1gW\xdd\xbfb\xd5\x95\x8c\x118n\x16\x1e\x85\xc7\xf9\x1e\xfe\x89\x8d\xe9\xf6\xf0O\xdf(\x1c\x1a\x14\xcf\x1e\xfe\xf1\xe2u\x85\xe15\x9a\xe1U\x0c\xf9`\x0c\xe4\x83N4\xc8\xa3\xf2\xb9fG\xae\x1fR\x82]\xd6OZZ\xbco\xb1\xb1\xd3:\xb1\xb8\xd9p\xc4\xe5lD\xae\xa0\xa3\xc1\'B7\x07\xaewY\xd9D\xc7\x89V\xf6\x9d\xa4\xc3\x1e\x1d%\xd1\x97i\xd0\x87\xfd\xf5\x9c+\xce\xfb\x02\rW4vn_3\xaf\xf5\x8d;\xf6\x7f\xd8\xf6\xe5\xe9\xef\xb5K\xda\x99S\xfb>\xbb\xfb\x91\xbb\xb4\xcf\x9e$\x07=\ts20\x97\xb4\xfa\xb17S\x06\x9f\xfb\xc3\xee[p\xc0\xac\xf1\xc9\x0f\xf8\xd6\xb6\xb1uY\xfa\xbb\x8a\x0eK+\x89\xc8\xd9\x11o\x97\xb8\x9b\xbe\xabH\xb8\xe2[\x9cH\x15\xe2Z\x0e\xdc\xc9rm\xe9M\xf6n\x0b\xb7\xc7_%\xe2^$7\n\x04\xe2z\x93\x81\xbe\xaf\xc6\xe8}\xbf\x8a\xfe\xd4\xd9\xa0AI\xb8\xcb\x92G\xbe\x95\xbeO\xe5\x87\xbfz\xdf\xad\x82\xb8\x82k[\xf47\\ \xdf\x1c\x89T\xc1\xea\xeaN4\xc4c\x8e\x18\xaef\x07\x0f\xb7q~4qrY\xdb\xda\x06}\x92\xdcJ\xcb\x1e\x1e\xff\xc0F\xcef\x92\x8e\x04\x845\x9al\x8d\x04\xed5\xad\x0f\x80t\xfe\x04]\x1dz\x19T\x8f-\xd2KI\xeb\x9f\xe6{\xd4\x0fl\x0f]\n\xd5\xa5\xfe\xd0\x84K\x1f\tX\xb7\x0eGu\x16j\xd6\xad\rX\xa3m\xe4\xa7yK8|\x816\xf4\xf0\xaaU\xber\xcd\xea\x87\x0ekC:\xeb8\xc8W\xe3c\xcf\x8aD\xbc\x80\xce\xfe\x9a\x1a\x1f-\xaf\xea\xb8\xbe!\x0c\xe4\x06\x8a}Y\xbdv\x06]\x85\xf2w\x1e]\x92\xc1\xa4a?\xfa\xf0\x05#\xa1\xfe*\x01\xd4%\xe3`\xa1\xab?\x9b\xaa\x93\x91\x87\xbd~\x89\x164\xbcSuF:U\'\xb3\xa9:\x99^g\xe7\xfdS\x02\xa3\xdd\xb0\xbf\xf1\xf5\xd7\xf8\x81\xaf\xbf\x16\xfb^\xb9r\x85\xce\x9d\n\x0e.W\xcc\x04{Y\xee1\xf2\x90\xda\x98\xa5\xe52^\x8e\xccV]T\xc1\xd1\x80\xf7B]"f+\x1b\xd6\xcc\x865#\xb3wX\xe4\x1d\xd6\xcc\x865\xb3\xe4\x9b\x9e\xf7\xd8htG\xd7\xbfF\xa2H\x1c)E\xca\xf2L\xff\x14}\x9a#\x85e\xb4\xcd\xab\rE\x13&\x14\x19V\x8b\xbb7m\xda-ff\x8e\x19\x93\xf9\xd0\x86\r\xec\xbd\x86d\xd6\x81\'\xe7F=r\xabe\xd0?P\xa4\xcc\x96\xe9}\x96\xb4i\xb2\xef\xfb\xfb\xda\xb6\xdd\x96c\xca\x1c\x86(A\xfa?\xfa\xb2\x9cJ\r\xe2I\xab\xeb\xfb\xda\x1f\x93-\xc7\xbcoH\xec\xfc\xb7\x8a?\x86J\xc5\xfb\xd1!a)\x9a"\xdc\x8b\x9a\xf8\x97\xf5o\xa1\x12\xbe\xab\xe0\xf76$\x0bV\xf8}\x10\xf6;\xd1\xef\x84\xc7Q\x93\x08\xf7\x08\xeb\xd0\x14\xf9#8W\n\xed\xa2\xd1P\xe9\x12\xba\r\xfai\x12.\xc2\xde\x80T\xc9\x89\x16\x89\xbd\xd0@\xa9\x02\xfa\xfe\x04\xdd&XP\x934\x08\xee\x9d\x8f\xea\x84x\x14\t|V\xf9>\xa8\x89\xbc\x8d\x10\xb7\x03G\xf2\xbd\xd0\xeb\xe2>\xf4\x80\xf00\xda"\xf3h\xb8x\x15-"u\xe8un\'j\x86};\x9f\x88\xe2\xe1\xfa)NE\x95\xe0g\xab\xe1\xfb=BW\x12<\x8cf\xc3\xfe\x05\xec[a\xbf\x0f\xf6\x19\xb0?\t\xfbR\xef\xef%\xb0\xcf\xe5R\xd0\x05\xd8\x97\xd3>|;\xbf\x9d\xbe\xab\x02\xddKa\x11C\x00\xce\xb3@\x8b\xed\xf0\xbd@\xdf\xc5\x87\xe1\xf7\x1et\x88\\\xa5\xfb\xf5\x95b\n\x9c\x87v\xd2\x15\xb8\x06\xe7\x19\x1d\xce\xe8\xdfb<\\{\x1d\xad\xa1\xb8\x8bK\xe1\x1c\xf4)\xbf\x8f\x06\x03\r\xe2\x84w\xae\xb7\n\xc7\xd0\x0c\x8a\x0b\x85\x19\xbe\x1f\x80\xf1\xdf\xe5\x81\x01\xb0\xcfb4<\xe8\xa5\xfdA\x80\x1fh\xcf-\x82\xfb\xe8\xf1\x1e\xa0\xd1\xcbt\xbf~H\xc8\xd3\x8f\xe5Ih\x17=\xcfxv\x90\xf1f\x06\xf7\x1d\xdc\xff:\xe0\xf9>\n\x83k[\x84\xfe(R*F\xa3)\xad\xe18\x84\xdfI\xfb\x82d\xb0\x15\xf3\xf4\x9b\xe2O\xcf\x8b\xbf\x87\xf1a<\xc0)\x82\xe2O\xf9Kq\x12\x9e\x05\xba\x00\x8e\xfc\x0eTL\xbf\xe5\xa5\xc0\xbf?\xe9\xe3\x03\xcco\xa0f&?\xb1\xa8\x06\xdd\x8e\xb6\x83\xde\xff\x19}\x80\x13p6^\x8f\xb7\xe0\xa3\x84\'FRKv\x92f\x0eq\xf5\xdc~\xee\xbf\xb8\xaf\xf8\x9e|\x05\xbf\x9e\x7fS@\x82Q\xc8\x16\xf2\xc1O\xde\x0e\xdbV\xe1M\xb1\x87\xb8GJ\x96\xc3\xe5~\xf2ly\x95\xfc\x91B\x14\xa7r\x8b\x92\xa3\x94*;\x95\x0f\xd4\xd1j\x93\xdaj\x18dXg8j\x1c`|\xd4x\xc0x\xde\xa4\x9a\x12L\xb9\xa6&\xf3\x14\xf3\x15\xcb$\xcbV\xcb_\xad\xc1\xd6\x91\xd6\'\xad\x1fY\xdbli\xb6Gm\xcd~i~\xab\xfc>\xf2\xb7\xfb/\xf6\xff.\xe0\x9e\x80}\x01\x97\x02G\xdb\xa3\xec\x87\x82\x9cAs\x83\x1e\x0c\xda\x11\xf4V\xd0WAZpZ\xf0\xe1\x10s\xc8\x94\x90\x1d!m\xa1\x99\xa1M\xa1\x97\xc2B\xc3&\x85\x1d\x08\xfb <3\xfc\xfe\xf0\xe3\x8e\x08G\x95cW\xc4\xa4\x88\xe6\x88\x1f"owNq\xf5s]\x8a\xca\x8e\xda\x1d\xd5\x12\x1d\x1b]\x16]\x13\xbd)zgL\xcf\x98\xe4\x98!1\x991\xbbb\xf6\xb8\x89;\xc6\x9d\xe7\xde\xe5~+V\x8e\x9d\xc4\xb4m5\x97\x83z\x01\x8d\x8c\xa0\x95V\xb0\x14 p\xc27\xc4\x05\xdf\x94\xfd\xa1xH\x87N\xae\xc7\xc9\xdec\x0c9\xfe\xe7\xdec\x02Y\xca\x8f\xdec\x0eA\xae\xe6=\x86D\x90L\xf0\x1e\x0b\xc8H\xee\xf4\x1e\x8b\xc8B\x9e\xf1\x1e\xcb\xc8F\xcez\x8f\r\xf4\r\x96\xdec\x93\xdf\x13=\xee\xf5\x1e\x9bQ\xbf\x81\xab\xbd\xc7\x10O\x0f\xfc\xc4{lC\xfc\xc0\xef\x10]\xc3\xa2\xd0\xf7\xcc\xb2\xd1\xe91Fv\xfc\x8e\xf7\x98 \x19\x7f\xeb=\xe6\x90\x13k\xdec\x1e9I_\xef\xb1\x80\x82I\xb1\xf7XD\x11\xe4\x01\xef\xb1\x8c\xa2\xc8\x1f\xbd\xc7\x064\x80\xfc\xdd{lr\x0f\xe0\xc6z\x8f\xcd\xa8l\xa0\xdb{lE\xf6\x81-\xdec\x1b\x92\x07~\t\x11\x16}\xff\xe9BT\x8b\xca\xd9\x9bQ\xeb\xc1G\xf6@E(\x1e\xbe\x93Q\x12l)p4\x1bZ8\xd1phS\xcf\xde\x93Z\x8bJP!\xaaD\tp6\x0bUA\xfb>p4\x0cU\xc0\xe6Dy\x1d}\xd5\xb1_%\xf0]\x02\xf7\xcc\x87\xcfbh\xa9\xfe\x8aQ\xd3:F\xcd\x87\x91\xe6\xc3Xs\xe1\x9e*hM\xe1(\x84{\xfeg#\x8e\x84\xa3\xb9p\xdf$\xd4\x00-\x8a\xa0m!\xeb\xad\x84\xddQ\xc80rB/U\xf0Y\x03mfC\xbf\xe5\xd0\xce\t\xf7W\xc3\xe8\x85\xec\x9a\x8a\xd0\x88\xea\x9a\x85\xb5\xe5s\xca\xea\x9d=\x8a\xe2\x9d\xc9II)\xce\xd9\x0b\x9d\xc3\xcb\xeb\xeb\xeakK\n+\x13\x9cYUE}\x9c\xc3**\x9cy\xb4U\x9d3\xaf\xa4\xae\xa4v~Iq\x1f\xf5\'\xb7\xa6\xd1[\xf3\x0b\xe7W\xce\xad\xae\x9a\xe3\x1c^X\xf637\x8e,\x99[8\xa9\xc1YTVX5\xa7\xa4\xceYX[\xe2,\xafr\xd64\xcc\xae(/r\x16WW\x16\x96W\x01d\xddQ\x9c\xc0\x10\xac\x83\xd3\xfa\xcd\x13\n\xab\xe0\xc7p@\xa6\x02PB\xc3\xab+\x8a\x7f\xee\x16gg\xb3.7;\xff\xe9[&1^\xd4\x01\x05\xab\x19}\x93\x81#)\xa8?\\(\xa9\xad+\xaf\xaer&\xf7I\xe9\xdf\xbdg_\xbf\xbdo\xec\x97v\xdb\xfbf\x90\x94\xb2\xceu\x01\xa8\xf7\x8a\xa7\x0f\x96\xd2\xea*\xa0g=\xb0\x071!\xa9\x07\x16\x0f@\x89\xb0\x15{\xfb\x98\x0f}\xf4\x81{\xab\xe1\xbb\x16\xd8^\xc2\xfa\xabe\x02\xd2\x07\xfa-\x81{PY}}\xcd\x80\xc4\xc4b\xe8t~C\x9f\xba\xea\x86\xda\xa2\x92\xd2\xea\xda9%}\xaaJ\xe0rf\x17\x08|\x02\xe5\x13\xea\x9f\xaa\x0e\xbdF\x85\xb4\x84\tz\t\xe0X\x8d\x16@[*\xd6\xff\x1aa\xa5=\x8d\x82+\x0b\xa1M\x19\xbb\xb3\x1c\xae\xd50\xbc\xea\x99bP\xaa\xd5\xb2;\xa8*\xd1^\xe7\xdf@\xc9\x1b\xf1\xe8T\xc6\x86n\xca\xf8s\xd8\xa8\xb0\xdd\x0cw]$\n\xe1\xa8+\xd5~j\x16T\x90\x80\x7f~S\x7f\x95\xa9\xf9\xd7\x1b\xb8\x9b\xf3\xbb\x13\xe7r\xb8\xa2\xb2\xa3zv\x86Ja%\xa3\xf5<8W\r\x1c\xf8\xef`\xa1\x98\xe5\xb2\xfe*Yo\x9d\xcaU\xce`*c\xd7J\xbcx\xcda\xa3Ty\xb9\x9e\xe0\xe5\xbb\xce-}4]\xc6tyO`pU3\xeeW\xb1\xfbk\xbc\n\xac\x8fP\r\xbd\xd6{e\xac\xdc+\x05\x85\xac\x0f\x9d\xd2\xaa\xb7\xcfz\x06\xc5\x8d\xf2T\xc4\xdaQ9\xd4{\xf7\xf5P\xcf^\xcbM\xdb\xe8\xb2\\\xc2\xf4_\x97\xbd\xa8.R\x12\xc58G\xef-f\xdfu\x0c\xae"\xb8\xa7\xd0\x8b\x9f\xca\xb4\xa0\x08$\xb4\x92\xf5R\xcf\xae\xf8\xe8S\nG\x15^M\xea\xd1\x01c\xe7\x08\xd4\xa6Q\xf8\xebA~u\xe9\xa7#v\xd2\x84\x9e\xa9aZS\x0c#\x14\xb1\xbb}\xd0\x143\x0c\xea\x99\xac\xcd\x86\xab\xf5\xec\xaa>\x86\xfa\x0b#$x\xb5\xb9\x08 k`\xbd\xe84Y\xc0d\xa0\x8cY\xa5z/e*\xd9\xb9\xae\x18\xf9p\xa8\xed&\x95:\xb4\r\x8c\x86\t]\xb8C\x8f+\x19?u^\xab],H\x1d\xdc\x9d\xf03x$t\xe0\x99\xc8,\x88\x93\xf5\xac\xeb\x83\xdew\xb9\x97\xaa\xdd\xb9\xff\xcbX\xfb(\xa7C[\xd3!\xd1\xf5\x0c\xaeN\xa9\xeb\xc4h\x01\xa3G\xe5\xaf\x1a\xc1\xa7\r\xa5\xcc\xaaWy1,\xe92b1\xfb\xa4c$\xb0oJ\x89\xb9\xd0\xa2\x88\xf5\xa7\xb7\xf1\xf1\xaf\x94y"\xdd\xb2\xf98T\xc4\xc6.f\x10\x97{!\x1d\xc0\xb43\xdf\x0b\x1d}\xf5|5\xb3\x0c\x9d<\xe8j\x8b:)\xf0SK@_N_\xef\xd5\x86\xbanm}\xba\xd2I\xb1\xae6\xa0\xeb}N\x86s!\x83\\e\xb6\xb9\xbb\xac\xe9\xd4\xd0}I\xe1/\xf0\xb3\x9ayA\xa7\x97\xf7\x95\xec\xbb\xd3~\xfc\x1a^\xd43OD=k\xa1\x17\xa3>\xdd(\xf5K\xf7R\x9a,\xf4\xfa\x16}tJ\xf3R\x06c\xb1W\x92*\x98\x9c\xd6v\x9c\xd1!\xa54-\xee\xc2\xf3\xaeR\xe7\xf3\xa0\x85\xcc#\x963\x9bQ\xc1~\xa9\x1d\x18\x153H)\xbf\xaa\xbaPcN7\xbf\xaa\x8f\xe4\xb3\xa1\x85Lzt\xd9\xf5\x8dq#}\xea\xfe[\x9c|P\xaa^\x0c:%\xac\x90\xf1\xe8\xd7C\xd0}\x9c\x1b\xe9q3\xd8\x12\xbc\xfc\xae`\xf7\x95\xff\x8c5W;\xb8S\xcb\xecl!\xb3+\x9d\xfd\xfa\xce\xd4uH\xa4O_n\xf4\x1e%^;W\xc2\xb0\xf0\x8d\xb4\x80aU\xcc\xee\x8f\xba\x89?\x8c\xea\xc0\xfb\xc6;T\xb8\xe6\xf3\xb6Q]\xa4L\xd7\x99\xec\x1b\xfc\xcbl\xa6\xef\xd5]`m\xf0\xea\x81ON\xe6\xc3\xd5\xf2\x9bP\xac\x04R\xd2z\xaf\x8f\xa1\xadk`\xd3\xbdW!\xb3\xa8%\x1dwt\xe5\xbb\x0e\xb3\xef\x8czSM)c\x16\xde\xc9\xbe\xeb\xbc0\x960I\xfa99\xf1\xd9\xba\x9b\xd9\xeeb\xe6\t\xaa\x18\xdf\xbb\xd2\xebfTU\xbbP\xae+\x0f\xffY]\xad\xf3\xc6\xefN/&>m\xf3i\x12\x8d\x1c*:b\x8fZ\xef\x1d\xdd{\xaca\x12=\x0f>\xe7x9\xa6\xfbC*Uj\x87U\xfd\xdf\xb4T?\x8f\xd5l\xaf\x8e\xd4{\xfdai\x07\xa5F\xa3\x0c6\xcex\x94\x03\xbf\xe88\xe3\xe1W>\x9a\x0cqd\x1e\xbb\x96\x05\xe7\x9c\x10\xc7\xe5\xc1\x95I\xf0\x8b\xfe\x07\'#\x19_\x86\xb1+\xf4z\x14\xd3\xc6\xc9pL{\x1c\x8f&\xb2\xbe\xf4>\xf2\xe0\x93\xf6=\x15\xce\xd0\xbe\x9d\xec7\xfd5\x16\xda\xe7@_\xf4\xde\x0c4\x85\x8d\x91\x01\xbdM\x00\xc8\xc6\xc31\xed{\x1c\x9c\xcd\x86\xef\x0co;z\xc7\x0883\x11~\xd3\xe3Q\x88F\xa1\xfax\xf4\xbfY\xc9g\xbaC\xef\xa3\xb0\xe8\x90\xe6\xc3\xf9\xceQ\xbbC\x95\xc5F\xf4A6\x0e~\xe5A\xff\xa3\xbdW\xe9\x7f\xe9\x92\xc5\xfa\xa3\xf0\'\xb0\xf8\x88\x1e\xe7x\xe1\xd4)\x97\xc7z\xa74\xa2=\xd3>G\x00D\xd9\xec\x17=;\x11\xbes\xa1\xdd\x04F\xcfa\x0cg\x1d\xda\x1c\x86C&\\\xd7q\xc9`\x10\xe8\x9c\xd0!\x1a\xc1\xfe\xeb\x98\xa9\xac\x05\xfdOe\xf2\x19\x15\xe8H\xf9\xde\x96\t\x8c\x8f\x14\x9f\x91\xec~:\xeaX\xd6J\x87l\xbc\x97\xcb\xf4\xb8\xb3\x97>^Z\xeapP\xfaO\xea\x18y\x02\xc3?\x1b6\'\xc3?\x9f\xfd\xb75\x947\xc3\xa0\x7f_\xbf>\xd9\x19\xc5z\xa0p\xab\x8c\x1a\x13\x19~\xc3\x18\x1d\xc6\xb3\x11\x86\xb3v\x94\x8a\x94\x9e\xd9\x1d\x12\x97\xd7\x85+#\x18\xbd(\xdf(\xe4#\xd9H\xc3\x18E&\xdc\x14\x13_o]\xb9s3\xe9P;F\x18\xc5\xf0\xcb`\x94\xcaf\xad\'\x00\x1d3\xa0}V\xc7\x19]\x1e\xb3\x18\xae#\xbc\xb4\xd6\xfb\xd4\xe5^\x97\x89\xec.\xd4\x1d\xc1p\xa4\x9c\xfd\r\x8c\x9a\xe1\x95\xa9a\x8cv\xdd\xb1\xa0|\x9a\xcc\xe0\xef\xc4B\xe7\xc00\xef\xe7\x88.4\xeb\xe4~\x8e\x97\xbb>x\xf2\xd9\xc8\xf97\xa1\xcad\xa6\x8b\x19\xac\xd50\xc6\xeb\t\x1d:\x92\xc9\xf4w\x9c\x17\xf2\x89\x1d\x12\xd6i\x03&z\xe5s|\x07d\xdd\xe9\xeb\xd3#_\xbb_c;\xf4\xbe|cw\xe7\xe0H&O\xd9^\x08\'tPCo\xa1\xfeB\xbf\xba\xed\xca\x00\xbfV\xc4\xf2\x9c\xfa\x0e\xbb\xdd\xddsw\x8d\x1a;\xa3\xd1\xaeqgB\x17[\xdb5\x12\xd0\xad\xf0(\xd6\xb6\xf2\x86v\x9dg\xf5lI\xf7Y\x9d\xb9N\xd7\xd8\xedf\x19\xb6/;\xd6cy_\xd4\xdb\x19}\xe8\xb6[\xcf\x89\xbaF\xbd\xc5,>\xd7c\xc0\xba\x8e\xa8\xa4\x9a\xc5\x81\xd5\x1d\x91\xc9\x02v\xb5\xd3\xa7\xd7xk\'\xd5\xdd\xf2<:r!\xf3\xfd\t\x1dc\xf9|Qg_z\\Y\xc8\xa2\x05:Z\xddM\xa8\xf9\xf3\x1eJ\xfdIfX\xc3\xfc\xbd>\xca\x02v\\\xef\x8dL(~\r\xde\xb6\xf4\xfc\x1d7d\xc3\xbe\xfa\xcfOy\xe0\xbc)\x0f|\xb8\xdc,r\xe8J\xffZ\xc6\xef\x1ao.U\xce(L\xe3\xc9>\xde~k\x91//\xeb\xa4\t\xa5\x80^w\xab\xbc\x81\xeb\x9d\xd2G{\x1b\x80n\xac*P\x1a\xcc\xe9\x02y1\xa3\xb5\x8a\xf4\x1a\x1e\x1dSe\xf6\xcaW\xe3\xfa\xcfW\x9d\xfe\xd5\x05\xee\xffK\xf5 \xb5[=\xe8\xc6\xc8\xeb\x7f\xaf\x1e\xa4\xde\xb4\x1e\xe4\xfc7\xd7\x83\xd4_U\x0f\xea\x1e\xc9\x17u\x81\xa9\xb3\xd6\xe1k\xf9\xeb*\xa87\xab\xb0\xa8\xff\xb1\xba\x92\xf3\'u%\xf5\xff\xaf+u\xa9+uV\x18\xfe\xbfYWR\xbby\xd8\xff\\]I\xbdI\xb6\xf6\x7f\xa1\xae\xa4\xde\xb4\xae\xd4\x89\xd1\xbf\xa7\xae\xa4\xfeB\xbd\xe0\xdfSWR\xd1\xff\xb4\xae\xd49\xeb\xf4\xaf\xac+u\xea[\xf7\xba\xd2\xcfy\xdf\x9f\xaf.\xe9\xf9\xb9\x1eI\xfc_\xab.\xa9\xa8{u\xe9\xe6\xd5\x8d\x7fOuI\xfd\x05\xea:\xbbP\xf0\xffv\x95Ie2\xf6\xd3h\xe6\xdf_eR\xff\x0fW\x99\xd4\x1b\xaaL\x9d\xb9\xee\xbf\xb3\xca\xa4\xfe\xb7U&\xe7\xbf\xad\xca\xa4\xfe\x0f\xaaL\xce\xff\xb5*\x93\xcah0\tz\x1d\xc3\xa0\xd5\xa9=\x0c\xae\xff\xfbjG\xeaMy\xfe\x9f\xaa\x1d\xa9?\xa9\x1d9\xffc\xb5#\xf5gkG\x9d5\xa0\xff\xfd\xda\x91\xfa?\xa8\x1d\xfdR\xbf\xff\xbb\xb5#\x9fe\xfdy\x8f\xf2\xd3\x8a\x8f\xfaOT|\xbaVi\xfe\x95\x15\x1f\xf5\xffU\xc5\xe7\xa79\xdb?W\xf1Q\xbbT|~\xa9\xee\xf0\xaf\xa8\xd0\xd4\xff\xa4\x7f\x0f\xea\xac4\xa8l\x1c\xfa\xab\x0fB\x99l\x81\x16]\xd7FW\xc6u,\xa6s\xf6\xa8+)q\xce.\xa9\xa8^\x10\xdf\xc7\xf9+V\xc1\xf5q\x8e\xaaXXSV\xe7,\xaf\xac\xa9\xae\xad/)v\x96\xd6VW:\x87\xd5\x96\xcc\xf7.\x02\xf3\x8d\xc1V\xdd5\xe8\xab\xee\xba\x0e\xa3\xaa\x9d\xa3O*\xa9-t\xea\xa0u,\xddS{\xff\xe2?\xf5\xa7\x8b\xfc~\xf5\xfa@\xe7\r#\x97\xd7\xa9\x85\xce\xfa\xda\xc2\xe2\x92\xca\xc2\xday\xce\xea\xd2\x1b{Q\xd5\xdc\x92\xda\xca\xf2:\xb6\x86\xae\xbc\xceYVR[\x02c\xcd\xa9-\xac\x02\xd4\x13\x00w@\x0bn\x03\x8a\xd5\xce)Ip\xd6W;\x0b\xab\x16:kJj\xeb\xe0\x86\xea\xd9\xf5@\xb1r A\xa1\xb3\x08\x80V\xa1e}Y\x89\x8fNEE\xd5\x955\xd0\x9c6\xa8/\x83\xde\x81\xca%Uu@\xbd(F\x92\xa8x\xe8\xac\xd8YXWW]T^\x08\xe3\xa9\xc5\xd5E\r\x95%U\xf5\x85\xf5\x14\x9e\xd2\xf2\n`R\x0f\xda#\xbb\xc19\xa1\xba\xb4~\x01\x90?*\x9eAR[RS[]\xdcPT\xc2\xba).\x07\xc4\xcag7\xd4\x97P\x18\xd4n7$\x00\x9b\x8b*\x1a\x8a)$\x0b\xca\xeb\xcb\xaa\x1b\xea\x01\x98\xcar\xef@t\x84Z\x9d\x94\xd0mC\x1d\xb4\xa7\xe8$8+K(\xd6*\x13\x90\xba\xb2\x84.c$\xd01\x13\xabk\x9du%\xc0\x07h]\x0e\xa0z\xd1\xbfah\n\x1ct[C\t]\xaf\xea\xa4c\x03-(\x03\xc1\xfa\xc9\r\x94\r\xa5\r\xb5U0`\t\xbb\xb1\xb8\xdaYW\x9d\xe0\xack\x98=\xb7\xa4\xa8\x9e\x9e\xa1\xf8\x95VW\x80\xb0Q\x84\x8a\xaa\xab\x8a\xcb)\x1eu\x03T5\x1f\xba+\x9c]=\xbf\x84a\xa0K\x11\x03\xa0C\x08\xaa\xaa\xeb\x81\ru\xfaY\xca\x95\x9aN\t\xd0\xaf9\xeb\xca\n+*\xd4\xd9%^\xaa\x01\x18\xa0%\x85\xdd\xf0\xac\xae\x02\xb9\xa8uVV\xd7\x96\xdc\x14mg\xfd\xc2\x9a\x92\xd2B\x18\xa8\x8f\x0eT\xf7\xab\x95\x85\x0bA[\xe0\xf6\xe2\xf2\xd2r*h\x85\x15\xf5 zp\x00\x9d\x16\x16\x173\xccu\xd2Q\x05-\xac\x05\xb8\x1a*\nkU:PqI]\xf9\x9c*\x06\xc6\x1c]W\xe1&*\xa1\x85E\xd0I\x1d\xbd\xc3\x07O\xdd\x8d#\xd1.U\x18\x80\x11\xac\xb0\xe2\xe6\x1dx\xef\xf1\xc1\xd1\xd9\x1b\x80WU\xb1\xd0Y\xdeE\xccU\x8aNmIUa\xa5\xde\x96\x1e\xd4QBR\xbe\xf8\xd4\xa3\x04d\xae\xa4\x96\xdd\xb4\xa0\xba\xb6\xb8\xce\x19\xd5\xa1\x87Qtl\xdf\x055\x8a\xaam\x14#\x19p&\xdb\xab/\xb3K@\x93h\xaf\r\xc0\x03J\x93\xf9\xd5\xe5\x1d\x80\x95\xdc^\x0f\x1a\xe3,\xac\xa9\x01\xf5*\x9c]QB/\xe8\xb8C\xcf\xf4@\xeddJYa\xbd\xb3\xac\xb0\x0ez,\xa9\xeaF\x13*u\x9d\xd2]\xecl\xa8*\xf6\x02\xdc\t\xaa\xca\x80\xd31\xfc%\xae\xd6UWP\xadfl\xa3L*tVP\xeb\x01\xba\xe2kXSX4\xafp\x0e \x06zXU\xadRQ\xfd\x9f\tU\xb7\xa1\xc0`\x01\x88%\x15\xa5\x14\xa8\xd1\x19\xce\xcc\xf19\xf9\xce\t\xe33\xf3\'\x0f\xcb\xcbpfMp\xe6\xe6\x8d\x9f\x9452c\xa43j\xd8\x04\xf8\x1d\x95\xe0\x9c\x9c\x95?z\xfc\xc4|\'\xb4\xc8\x1b\x96\x93?\xd59>\xd39,g\xaaslV\xce\xc8\x04g\xc6\x94\xdc\xbc\x8c\t\x13\xd4\xf1y\xce\xacq\xb9\xd9Y\x19p.+gD\xf6\xc4\x91Y9\xa3\x9c\xc3\xe1\xbe\x9c\xf1\xf9\xce\xec\xacqY\xf9\xd0i\xfexv\xab\xb7\xab\xac\x8c\t\xb4\xb3q\x19y#F\xc3\xcfa\xc3\xb3\xb2\xb3\xf2\xa7&\xa8\x99Y\xf99\xd0\'\x00\x97\xe7\x1c\xe6\xcc\x1d\x96\x97\x9f5bb\xf6\xb0<g\xee\xc4\xbc\xdc\xf1\x132\xa0\x8f\x91\xd0mNVNf\x1e\x8c\x921.\x03\x90\x80\x8eF\x8c\xcf\x9d\x9a\x975jt~\x02\xdc\x94\x0f\'\x13\xd4\xfc\xbca#3\xc6\r\xcb\x1b\x9b\xe0\x84\xce\xc6\x03\xcayN\xd6\xa4\x0f@\t}83&\xd1\x9b\'\x8c\x1e\x96\xfd\xffto&\xe0QUW\x1c\x7f\x8f\xff\xbb\xa87\xb3d\x92\x99\x81\xc92>\x96\x89m\x19\x13\x0c`\xdbTa&\xc9$\x84,\x03I\x80\x8a\xa6%f"LY\x92N\x02Q\xdb\xb4i\xeb\xd6V\xab\xb8\xa0\x05\xab\x88m\xba\x89\xb6vC\x03\x92\xb6\xb6\x82U\x14\x17\xc4\xad\xbb\xadU\xec\xbe\xe8\xd3\xef\xa4\xe7\xdd\x99\x10RQ1\x89_\xfb\xf5}\xc9y\xf7\x9e\xbb\x9e\xfb\xee=\xe773\xdf\xab3\xcbk\x9a\x9b\x9a\x1bc\xd1z\xbb\xae\xbd:\xd5\r\xf1\xfa\x98\xac\x8a/m\xa8\x8c6\xd7\xc4\x1b\xcc\xf2\x18\x9b\x12-\xaf\x8b\xa5\xe7\xc6\xa6T\xd4Ek\xea\xc3fe\xb4>Zm\x9b3<\x88]-m\xce\xc8rH\xbbAu\xac!\xd6\x18\xad\x0b\x9bM\x8bc\x155v\x82\xd7\xb1\xa61V\xd1\xacj\xf2\xda\xf3J\xd4\xa9\xe9V\xc4\x1b\x9abK\x96\xb2\x82\xeb\r\x0f\x11\x96\xcb\x17\xc6\xd4\x10l@\x94\xff*\xd4\xcc\x94\xf9\rl\xae\xddOs\xbc\xb1\xf9\xc8T\x96\xd74\xc5\xc2f\xb4\xb1\xa6\xc9~"U\x8dq\x9e\xae\xfd<\xe3Uj\x07,\xe5\xf5\xb4\x1f^Cf\xbe\xf63\xb2u\xaf\xdf\x1d\\\xcbn\x9d1\xb02\x16\xad\xe3\x0e\x9b\xeci\xb0B\x8e\xaa\xcb\xbb+v~[{g\xb7\xbd\xb73\x87;\xed\x1a\x95\x1bM\xfb\xce\xb0\xda\xb5i\'\xc0[\xb8z=\x1f\xdc\xb4N%9,\xf1\xc9RQ\'\xed\xddF\x02\xb6\x1d\x8e\xc3i\xd7\xab\xdc\x07\xefn\x8eDi\xd7\x9b\xd8\xd8\xce\x1e\xb0\xcbv%\x1d)\xd9a;\x93\x9ed\x97:\xe9\x1c\x02\xd7u\xa4c\x9e\xd9\xd5\xba\x96\x07\xe3V\xf6)R\xb5\xd8W\xb6\xae\xe5f]G\xa69\xea@\xc9\xe1`\xd8\x99Jr\x93\x9eT\xb2\x9b\x9d\x89\xd9\xba\x81\xb5\xa9\xe4\x85\x990\x9c\xca\x84)e\x819b\x81=\xca\x88sH\xcf?\xd5\xde\xd5\xc9Q*\xb9\xb1}\xed\x05\xc5\\7e\xc725\x93\xe4\xfa\xf3:R\xeb2\xa6\xab\xe5k\xeb.\x1bF\x85ns\x95\xea<\xd1\xd1-;R\xab\x8aM)\x15q\x8d\x1b\x9d\x8e\xf7\xfd\x88\x89\xe1 \x99\xe6 s,\x1c$G8\xc8\x1c#\x07\xc9\xd7sP\xc6\xc9\xb7\xa9\x9e\xba\x86c\xc61\x00u\x04X\xe4xX\xc9\x1cf%\xf9\xbf\xc1J2\xfd\x1c\xde1V\x92\xe9\x03;.V\x92\x13\xc8Jr\x84\x95\xcc1\xb2\x92\x1c\xc5\x05c`%\xf9F\xacd\x1e?+\xc9\xa3X\xe9\xe8\xe3;\n\x978\x9e\xb3\x93\x98(\\\x92\x19\\2\xc7\x85Kr\xd4t\xd5\xe7\xc6\x89F&\xb9\xbe\xc3\x1c72\xc9\tE&\x99A&s\xec\xc8$\xff\x13\x99\xcc\xb1 \x93<&2\x99o\x07\x99dstY\xfd\xa2\xb8=\xed\xe8\xc21\xd1\x91\x1c\xb1|<t$\x87\xe9\xc8\x1c\x0f\x1d\xc9\xa3\xe9\xc8\x1c\x13\x1d\xc9c\xd2\x919\x1e:\xb27\xeb\xa8\x83r\x04|\xe4\x1b\x82\x8f\xf96\xc0G\xbe9\xf8\x98\xc7\x01>R\x81\xcfhvxk\xa0\xe9\x1e\xae\x1fQ\xd0 \x8b\xf9V<\x9ew\x06K\xd4\xf7vk\xf8\xbfD}w\x96P\xbf\xea\x15\xab\xdfW;Y7\xfa\xd7\xc27\x7f\xc3\xb0\xa4\'\xb9&Y\x92dgu~q\xe7\xea\xce\x92\x8c\xc7\x1c\xd3\x8b\x9f\xeaMdu\r\x1d\xd2Vh\xc7\xb8\xa2\x17M\xea\xd3\x8b4\xd2\xa0\x874\x0f\xcb\x99\xfa4^\x00\xa1\xcf\xd4,\xce\xcd\xd0\xfc,\xa7gt\xd3U=;\r\xddT\xe5\'k\x03,\x83<"\xf4BUZ\xa0\x05X\xe6kA\x96yJ\x13Pr\xaa\x92S\x94\xf4+\xe9\xd3\xbd\x9a\x8b{\xf5\xa9\x9c\x9d\x86\x9e\xab\xd29J\xbau\x97\xd6\xcb\xe5n\x95\xb3\xd3\xd0\x9d\xbaC\xbb\x9cuN\xa5sj\x83\x9a\xa1;\xf4,\xed,\xd6\xd9%`\xd9\xc7\xba,]jE\xac\xb3K\xc02\xc2:[\x03\xfd$\xd5\xf2D%O\xd0\x1cJ\xda-&\xdfy}\xb1\x88\xe6\xea\x93\x95]BIC\xd5\x82\xb2h\x92\xd2\xe8Jj\x91\xa1^\x0c\xcd\x07\x11^{5,^#\xbc\x1a\x86Ex\xe5\xe5j\xf1J/^\xae\xc6\xbf,\xfc\x93\xf0\x0f\xc2\xdf\t\x7f\x1b\xc0_\t\x7f!\xfc\x99\xf0\xa7 \xfeHx\xe9\xb0\x14/\x11\x0eK\x1c\x8e\x18/\xbe \xc5\x8b\xa5xA\xe2\x0f\x16\x9e\xdf\xe4\x17\xcf\x13~o\xe1w\x16\x9e\xe3\xccs\x84\xdf\x12~C\xf85\xe1W\x84_\x12~A\xf8\xb9\x85g\x9f\x99*\x9eM\xe0\x99\xa9xz[P<\x9d\xc0SO\x86\xc4S\x16\x9e\x0c\xe1\xd0\x81\x908d\xe1\x89\x83^\xf1\x84\x1f\x07\x1f\xcf\x16\x07\xbdx<\x1b\x8f=\x9a%\x1e3\xf1h\x16\x1e\xe1\x1a\x8fX8\xc0\xfd\x1f\x08\xe1\xe1k\x1d\xe2\xe1\x19xh\xbfW<T\x84\xfd\x0f\xe6\x88\xfd^<\x98\x83\x07\xb8\xf8\x81B\xfc\xcc\x8b\xfb\xf7\r\x88\xfb\t\xfb\xf6\xb6\x88}\x03\xd8\xd7g\xec\x8d\x0c\xdd\x17\x12{[\xb07b\xdc\x17\xc2O\t?I\xe0\xde\xab\xb2\xc5\xbd\x84\x1f\x17\xe0G\x84\x1f\x12\x06\xf7\x94\x89A\x0b{v\xe4\x8b=e\xb8gw\x9e\xb8\xa7\x14\xbbwy\xc4\xee<\xec\x1ap\x8b]\x1e\x0c\xdc\xed\x10\x03n\xdc\xed\xc0]<\xd8]\x84\x9d\x84\x1f\xf8\xf0\xfd\x1c|\x8f\xf0]\xc2w\x08wN\xc1\xb7\x03\xf8\x96\x1fwp?wX\xb8\x9do\xb7[\xd8\xc1\xf5w\xe4\xe36\xbe\xdd\xd6\x8bo\x12\xbeQ\x84\xaf\x13\xbeF\xf8*\xa1\x9f\xf0\x15\x89/\x13n\xdd\xee\x12\xb7\x12\xb6\xbb\xb0=b\xdc\xc2\x0bu\x8b\x85m\xdcd[\x107\xf3\xedf\x0b7\xb1\xf17\x15\xe0K\x84\x1b\xb7\x0e\x88\x1b\t[\xb7\xb4\x88\xad\x03\xd8\xdagl\xb92$\xb6\xb4`K\xc4\xf8"\xe1\x06\xde\x1d7\x10\xae/\xc6fn\xb89\x18\x19\xc2u\xdc\xf4:\x13\xd7:p\r\xab\xae\xa9\xc5\xd5|\xbb\x9a\xb0\x89\xd7a\x93\x1fWe\xe3\xca\x10\xbe@\xb8\x82p9\xe1\xf3\x84\xcf\x11>K\xb8\xec\xd2\x90\xb8\x8cpi\x08\x97\x10.&\\T\x8a\xcfl\xc6\xa7\t\x9f"\xf4\x05\xf0I\x89O\x10z\t\x1f\'|\xcc\xc2\x85\x16. \xf4l\xec\x17=\x84\x8d\xfd\xd8\xd0\x9d/6X\xe8\xceG\x97\x85T/>J\xe8\xec\x08\x8b\x8e0\xd6[Xga\xad\x855\x84\x8f\x10\x92\x84\xd5m\x0e\xb1\xba\x14\xab\x08\xe7\x95\xa2=!E;!!\x91\x88\x18m\xe7J\xd1\xe6\xc0\xb9\x12\xad+}\xa2u3V\xea\x1e\xb1\xd2\x87\x0fK|\x88\xd0B8\x87\xf3\xe7\x10\xce^\x91/\xce&\xac\xe0\xdc\x8a|\x9cE\xf8\xa0\x85\xe5\x84e\x9c\x8f\x0c-#,%4\x07\xd1\xe4E\xe3\x92\x80h\xb4\xb0\x84\x0b\x96\x04\xb08\x1e\x10\x8b-\xc4\x1b<"\x1e@\x83\x07\xf5A\xd4\xd5zE\x9d\x0f\xb5\x8b<\xa2\xd6\x8bE5.\xb1\xc8\x83\x1a\x17\x16Z\xa8\xae\xf2\x8aj\x1f\xaa\xbc\x88Y\xa8\xacp\x89J7*\\(\x8f\x86D\xb9\x85(\xf7\x19\r!\xb2\xc0-"\x84\x05\xf3]b\x81\x1b\xf3]8\xf3\x0c\xa78\xd3\x8f3\x9c\xf8@\x02e\x84\xf7{\xf1>\xc2{sq\xfa\xbc<qz\x08\xf3\xe6z\xc5\xbc<\xcc\x1b4\xe6J\xa7\x98\xeb\xc5\xdc>cN\xa9C\xcc\xf1bN\xc4(u\xe0\xb4\xd9\xfd\xe24\xc2l\xee\x7fv?J\x1c(\xce\xc5\xa9\xe12q\xaa\x85\xb0/$\xc2e\x98\x95\xc0{\x12x7\xe1]>\x9c2\xc5#N\t\xa2\xc8D(\x88\x993x\x01f\xcd\x0cb\x86\x07\xd35\xa7\x98na\x9a\x1b\xd3"\x86\xe9\xc5\xc9\x12\xc1 \n\x0b\x02\xa20\x84\x02w\xae(\x08\xa0`\'\xfb\x8cMF\xbe\x13y\x81Z\x91\xd7\x8b\x00\x0f\x1a\xa8\xc5T\xc2\x14\x0f\xfc<\x9a\xdf\x82\x8fu\xbe\x10\xbc\t\xe4z\x90C\xf0p\xdeC\xc8N\xc0\xed\xca\x16\xee\\\xb8\x07\rW6\\}\x86\x93K\x9c\x16\x1c\xa5\xc8b\xd3\xb2\xfc\xc8\xea3\xa4\x132b\x9cD8\x91p\x02a\xb2\x90b2AH\x88\x88aX@\x02\x93\xb8\xd5$b\xef\xe5\x14\xba\x07\x9a\x13\xfaN=q\xf1\x15\xfa\xac\xff\x8fK\xfboO\xe0\x1d\xbc\n\xb5\x7f\x03\xb6+\xfc\xb9endstream\nendobj\n11 0 obj\n<<\n/Ascent 759.7656 /CapHeight 759.7656 /Descent -240.2344 /Flags 262148 /FontBBox [ -1069.336 -415.0391 1975.098 1175.293 ] /FontFile2 10 0 R \n  /FontName /AAAAAA+DejaVuSans-Bold /ItalicAngle 0 /MissingWidth 600.0977 /StemV 165 /Type /FontDescriptor\n>>\nendobj\n12 0 obj\n<<\n/BaseFont /AAAAAA+DejaVuSans-Bold /FirstChar 0 /FontDescriptor 11 0 R /LastChar 140 /Name /F2+0 /Subtype /TrueType \n  /ToUnicode 9 0 R /Type /Font /Widths [ 600.0977 817.3828 687.0117 690.918 592.7734 690.918 678.2227 678.7109 579.5898 632.8125 \n  715.8203 686.5234 700.6836 850.0977 698.2422 1105.469 674.8047 642.0898 992.1875 817.3828 \n  741.2109 682.1289 890.625 770.9961 927.7344 732.4219 632.3242 904.2969 807.6172 645.0195 \n  773.9258 522.4609 348.1445 456.0547 520.9961 837.8906 695.8008 1001.953 872.0703 306.1523 \n  457.0312 457.0312 522.9492 837.8906 379.8828 415.0391 379.8828 365.2344 695.8008 695.8008 \n  695.8008 695.8008 695.8008 695.8008 695.8008 695.8008 695.8008 695.8008 399.9023 399.9023 \n  837.8906 837.8906 837.8906 580.0781 1000 773.9258 762.207 733.8867 830.0781 683.1055 \n  683.1055 820.8008 836.9141 372.0703 372.0703 774.9023 637.207 995.1172 836.9141 850.0977 \n  732.9102 850.0977 770.0195 720.2148 682.1289 812.0117 773.9258 1103.027 770.9961 724.1211 \n  725.0977 457.0312 365.2344 457.0312 837.8906 500 500 674.8047 715.8203 592.7734 \n  715.8203 678.2227 435.0586 715.8203 711.9141 342.7734 342.7734 665.0391 342.7734 1041.992 \n  711.9141 687.0117 715.8203 715.8203 493.1641 595.2148 478.0273 711.9141 651.8555 923.8281 \n  645.0195 651.8555 582.0312 711.9141 365.2344 711.9141 837.8906 600.0977 651.8555 830.5664 \n  678.2227 995.1172 733.8867 700.6836 732.9102 710.4492 836.9141 581.0547 836.9141 1062.012 \n  972.168 ]\n>>\nendobj\n13 0 obj\n<<\n/Filter [ /FlateDecode ] /Length 826\n>>\nstream\nx\x9cm\xd6Mo*G\x10\x85\xe1=\xbfb\x96\x89\xb2\x80\xfe\xaa\x1a$\x0b\xc96\xb6\xe4E>\x14G\xd9sa\xec\xcbU<\xa01^\xf8\xdf\x87S\xef\xe8FJ\x82d\xeb\x00==O\xf7\x94\xaaY\xde?m\x9f\xc6\xe3\xa5[\xfe6\x9d\xf6\xcf\xc3\xa5{9\x8e\x87ix?}L\xfb\xa1\xfb2\xbc\x1e\xc7E\xca\xdd\xe1\xb8\xbf\xcc\xef\xe2\xff\xfemw^,\xaf\x17?\x7f\xbe_\x86\xb7\xa7\xf1\xe5\xb4\xb8\xb9\xe9\x96\xbf_\xbf|\xbfL\x9f\xdd\x0f\xb7\xf1\xfai;|\xdb\xfd\xf9\xf1\xbc\x1b\xdf\x7f\\,\x7f\x9d\x0e\xc3t\x1c_\xff\xff\xdb\xe7\x8f\xf3\xf9\xaf\xe1m\x18/\xddj\xb1\xd9t\x87\xe1\xe5z\x8b\x9fw\xe7_voC\xb7\xfc\xcf%\xff\x0c\xf8\xe3\xf3<t9\xde\'\x94\xfb\xd3ax?\xef\xf6\xc3\xb4\x1b_\x87\xc5\xcdj\xb5\xe9n\xd6i\xb3\x18\xc6\xc3\xbf\xbeK\xd5\xb8\xe6\xcb\xcb\xfe\xebn\x9a\xc7\xae\xae\xaf\xcd5\'\xe5\x9a\x1e\x94s\xe4\x92\x94K\xe4\x1a\xb9\x92\x8brc\x8c)\x1b\xb9*;\xb9)\xf7\xe4\xad\xf2\x9a\xdc+\xdf2OV\xbe#\xc7\xf8{\xb2+o\x19\x7f\xab\xfc@\x0e\xe7#\xf9\xf1\x9a\xd3\x8a,s\xc2_4g\xc2_5>\xcd\xfe;e\xfc\xe5^y\xf6\xc7\xe7\xf8k\xcc\x83\xbf\xc6\xfc\xb3_\xebM\xf8\x9b\xf6!\xe1OZW\xc2_dN\xb3_kL\xf8\xab\xf6$\xe1\xafq_\xfcU\xfb\x96\xd9\xff,gNd\xcd\x9f3Yk\xc9\x85,C\xaed\xcd\x99\x1bY\xfb\x96\x8d\x1cs:Y\x9e\xdc\x93\xe5\xc9k\xf2Z\xf9\x96\xac\xbd\xcdwd\xedC\xbe\'\xcb\x99\xb7d\xad1?\x90\xb5?\xf9\x91\xac\xfd)\xf8\xe3\xb9\x14\xfcQ3\x05\x7f<\x8b\x82?\xf6\xb0\xe0\x8f:)\xf8\xa3N\n\xfe\xa8\xa5\x82?\xf6\xb3\xe0\x8f\x9a)\xf8\x8b\xfc\x05\x7f\xd4F\xc1\x1f\xcf\xb1\xe0\x8f\xe7[\xf0G\xed\x15\xfcQ\'\x05\x7f\xd4O\xc5\x1fuR\xf1G\x9dW\xfcQ\x9f\x15\x7f\xd4|\xc5\x1f\xcf\xb4\xe2\x8f\xba\xad\xf8\xe3\x99V\xfcQ\xc3\x15\x7f\xd4C\xc5_\xe5\xaf\xf8\xab\xfc\x15\x7f\xd4g\xc5\x1fuR\xf1W\xf9+\xfe\xa8\xcf\x8a?\xea\xb3\xe1o\xf27\xfcQ\x9f\r\x7f\x93\xbf\xe1o\xf27\xfcM\xfe\x86\xbf\xc9\xdf\xf07\xf9\x1b\xfe&\x7f\xc3\xdf\xe4o\xf8\x9b\xfc\r\x7f\x93\xbf\xe1o\xf27\xfcM\xfe\x86\xbf\xc9\xdf\xf07\xf9\x1b\xfe&\xbf\xe17\xf9\r\xbf\xc9o\xf8M~\xc3o\xf2\x1b~\x93\xdf\xf0\x9b\xfc\x86\xdf\xe47\xfc&\xbf\xe17\xf9\r\xbf\xc9o\xf8M~\xc3o\xf2\x1b~\x93\xdf\xf0\x9b\xfc\x86\xdf\xe47\xfc&\xbf\xe3w\xf9\x1d\xbf\xcb\xef\xf8]~\xc7\xef\xf2;~\x97\xdf\xf1\xbb\xfc\x8e\xdf\xe5w\xfc.\xbf\xe3w\xf9\x1d\xbf\xcb\xef\xf8]~\xc7\xef\xf2;~\x97\xdf\xf1\xbb\xfc\x8e\xdf\xe5w\xfc.\x7fO\xff\x8c\xde\xd2\xcf\xfd?>\x9f\xfb\xbf\xee\xd5\xd3?\xa3\xe7\xf4\xf4\xcf\x14\x99\xfe\x19\xbd\xab\xa7\x7f&\xad\xb7\x9f\xfb\xa7l\xbd\xfcy\xc5x\xfag\xd2Z\xfa\xb9\x7f\xca\xd9\xcf\xfd?\xeeE\xffLZKO\xffL\xda\x87\x9e\xfe\x19=\xa7\xa7\x7f&\x99\xd7\xf8\x93\xee\xb5\xc6\x9f9\xf9\xe6\x13Ng\xa0\xce\xef\xefg\xeb\xfec\x9a\xae\xc7n\x1c\xf2q\xa0\xea(=\x8e\xc3\xf7\xdf\x01\xe7\xd3YW\xe9\xefo\xaf]\xcbFendstream\nendobj\n14 0 obj\n<<\n/Filter [ /FlateDecode ] /Length 22213 /Length1 40936\n>>\nstream\nx\x9c\xb4}\t@U\xd5\xba\xf0Zk\xcf\xfb\xcc\x13\xf3p\xe00\x88\x13\x08\xa2\xa2\xa4;RR3%S\x14K\x03\x05\x1cJ!\xc7\xd4\xca)A\xd3DE4\xcd\x94\xcaJ\xa8kh^\x03\xa3\x193E\xef\xed^\xb5\xaeW{M6\xbd\xc8|\xfd\xde2\xe5l\xffo\xad}\x0e\xa0\xb7\xee\xbb\xef\x1f\xdc\xee\xb3\xd7\x9e\xd6\xfa\xd67\x7f\xdfZ{\x810B\xc8\x82\x96#\x0e\xe5\x8d\xb9;5\xbd\xa0\xd7\xc2^p\xe5<\xec\xf9\xd3f\x17\x95\xbb\xbf\xf0\x1cF\x08\xf7\x85}\xe0\xb4\x85\xf3\xbdhft\x16B\xa4\x1c\xce\xf5\xd2\xf2\xe9\xb3\x1f\xec\xbbp\x16B<\x9c\xa3\x97\xa6?\xb0\xb8\xf40\xa9\xba\x0f!!\n\xa1qCg\x94\x14\x15\'\xb6|\xb1\x0e\xa1\x82B\xb8\xdfo\x06\\\xb0\xec\x96\xa1X\xf0$\xfc$\xcc\x98=\xff\xa1\xcf\xadc%8o\x86:G?P6\xad\xe8\xcf\xb76B{\xf7\x9a\xa1\xfe\xee\xb3\x8b\x1e*\x17\xb0\xf8 B\x93\x07\xc0\xf3\xde9E\xb3Kb\xcb\xee|\x0e\xce\'"t\x8b\\^6o\xfe\xf5sh\x12B;h\xfd\xde\xf2\xb9%\xe5\x83\xa4\xff\x82\xe2\x8e\xe5\x00\xc3\x0c\x84y+\xde\x88\x04(g\x08\xdb\xa1\xc6\x18\xe3\xc8}\x8cJ\x89\x13Z4\x89\x1c\'\xf3\x84\xf0\xdf\xa09\xd7\xff\x8a\xfc\xd7\xd5\x84\xc2\x14\x1ey\xcdy\xa5\xc3\x8a\x91\x86\xbc\xd7\xaf\x8bn\xdd\x8dwH\xb3\xf1\x97\x85\x08_\xff\xf4:2\xfea\x84\xd9\xd1\x8cD\xdc\x9b\x956\xb3\xab\x04\xf0\xc8C\x8b"\x92\x90\x8c\x14\xa4"\x13<cAVdCv\xe4@N\xe4Bn\xe4A!(\x14\x85\xa1p\x14\x81"Q\x14\x8aF1(\x16yQ\x1c\x8aG>\x94\x80\x12Q\x12JF\xddP\n\xea\x8ez\xa0\x9e\xa8\x17\xea\x8dRQ\x1a\xea\x83\xd2Q\x06\xea\x8b2Q?\xd4\x1f\r@Yh \x1a\x84\xb2\xd1-h0\x1a\x02\xf0\xde\x8ar\xd0mh(\x1a\x86r\xd1\xedh8\x1a\x81F\xa2;\xd0(t\'\x1a\x8d\xc6\xa0<t\x17\x1a\x8b\xeeF\xe3\xd0x\x94\x8f&\xa0\x89\xa8\x00pw\x0f\xba\x17MFS\xd0}\xa8\x10\x15\xa1\xa9h\x1a*F%\xa8\x14MG3\xd0L4\x0b\xdd\x8f\x1e@\xb3\xd1\x1cT\x86\xca\xd1\x83h.\x9a\x87\xe6\xa3\x05h!Z\x84\x1eB\x8b\xd1\x12\xb4\x14=\x8c\x1eA\x8fB\xef\x97\x01\x17\xad@+\xd1*\xf4\x18Z\x8d*P%Z\x83\xd6\xa2\xc7\xd1:\xb4\x1e=\x816\xa0*\xb4\x11P\x94\x89\x1aQ+l\xef\xa0z\xb4\x13\xbf\x00g\xa5\xf0\xee\x83p\xa5\x96\x1c\x80\xf7\x16\xc0\x95\xf7p+^Kz\xc1\xb5\x17\xd0%t\n\x9e\xacD\xad\\=\x8f\xf0H\xe8\x7f+<\x7fV \xe82\x1e\x87\x0eB\x1dY\xd8\x8d\xb3$\x91G\xfch\xfe ?\x96o\xe4\xbf\xe1O\xa2\xfe\xfc<\xfe$_\xc8\xcf\xc3\x19\xdc\xb3B\xbe\xf0\x02\xecY\xdc\x11\xa0\xfb1\xc0u#\xfe\x14zr\x98\xfb\x8e\xcb\xe0\x9a\xf9\xa1\xbc\x15}\xca\x9d\xe4\xea\xd1W\xd0\n\x0f\xf5\xb7\x02\xb4{\xa0o\x8d\xc8\x8d\xcb\xd02\xb2\x94\x8c\x85+G\x85\x93h\x07lep\xff$\xde\x85O\x01t\x87\xf1*t\x06=\xc9\xf1d8\xda\x85\xcf@\xbfZ\xd1\xcfh\x157\x8e,\x03N\xcb \xa5\x00\xffQ\xa8\xeb$\xbc\xbf\x03\xcd\x03\xe68\x83U\xa4\x93\x1ep\r\xa0\x87\xb6\xa6\xb2\xdfh\xae\x97p\x86m\x97\x00\x93K\x81J{\xc4F\xd1-\xf9\xa0\x15\x8a\xb1\x17\xf0{\xb8M\xacF\xb5\xe8\x14w/\xf7 w\x0e\xaf\xe6}\xfc^~8\xaa20\xc0\x15\xa2*\xa8{\x07}G,\xc5\x8b\xa1\xeft[Jk\'\x8b\xf8B\\\x8f\xbe\xe3\x0b\xa5\xa9P\xf7\x11\xda#h\xf3 \x19\x0b=*E\xcd\xb0/\x12\xed\xd0\xa7Ax5\xb7\x16 \xa5w\xa3\xd1Ii$\x9f\n\xefC\r\xd2#\xd0k\x84\xca\xb8L\xe0\x892\xb8\xbf\x0f\x1d@\xbd\xb8\xad\xa8\njb\xfd\x15\xfb\x0b?\xc3\x9b;\xf9\xcf\xa1\xcfU\xf8\t\xf23:\xc9\r\x05\x1e.\xe5/\x02\xae\x81\xed\xd1V\x84^\x93D\x81\xe7\x08F=\xbd\xf6\x06\x928\xa2\xb8A\xbbk\xa2\xf7\x83\x82\xb8^=o:\xf5\xda%o\x03\xcak\xb0,\xf66^\xbf\x9e7\x91\x8f\x14\n\x1a\x84\xa8\x06.Qn\xe0\x13}\x9f\xff\xde\xcd\xcf{\xf5\xbc#o\xa2\xb7\xc1?lh\xa0\xd6a\x85C\xe1\xda\xdd\x13\xa1H\xcf\xe02\\\x1f6\x94\xdd\xa3\x8d6\x08\x89\xf0\x7fDa\x83w\xda\x0c\xef\xe3\xf6\xc7}\x03\x1f\xb7\x97\x0c\x045HP\xa9\xbe\x95/\x15\xf6\x80TK(B3\xf3\xd7\x90x\r\xcb\xc22\xc2\xa3\xd4\x96\xd3m}\x90\xfdt\xdb\xe9\xb64\x97#\xce\x91\x18\xe7\x88+\xe5Q\xfb<.\xb2\xfd+}\xabd\xbd\xf2\xd3\\1\xe5\xfau4\xef\xfa\x97\xc2Y\xe1\x92S\x04\x19\xa4u\x96_\xff\x92_&\xf6\x07\xfc\xa6\xa0\x81\x9a\xd5\xe5\xee1,\xd9\xc9\xdd\x15\x15\xe7T\x86u\xb7\xb7\xb7\xa5_nk;\xdd\xd2\x07i\x8e\x90:\xc7\xb6\xee\tMbL\x93\x12\x85\x1a\xc5\xf5\xdd\xed\x17.ge\xb5\xd9/\xda/\xb7\xa5\xe1t\xe4\xb0#_<\xe2\x92\x932\xfb\xf6\xef\x97\x90\xd8\xaf\x7f\xa8h\xc3\xa2\x04?\xfdB\xe3E\x8f;$#\xbd_f\xdf$\xf2\xc8%\xec\xd4/^\xfa/\xfdg\xc0\xfe\xc0{\x80\xca\xf2\x92~\x19}z]}t\xd4Q\x97\xb4\xf2\xd4\x96\x97_\xaa\xa9~\xf9e~\xa9\xfe\x81\xde\xa6\xff\xa0\x1f\xc5i8\xea\xabE)\xb5\x0b\x9bj\tvlvc\x87\xd2s\xc1\xf6\x01\x8bv~s\xec\xd87\xdf~p\xf4;\x04\xfdz\xf0\xfa\x97\xdc7\xfcR\xe8\xd74D\xcfo\xd1\xf3\xf9e|!\x9c/f\xba0\x17!\xf1G\xbe\x104\xde\x93\x9aI\x160/*X6#\xb7\xfd|v[\xfa\xe9\x16GV\x16\xedc\x8e\xc5lw\xc9\x8a@d\'\x87\x9am\xaa\x98\x9a\r\xb7\xd3C\xb3\xd2\x80bZ\x88\xe4\x10e\x87\xa0\xf0\xa2\xc09x\xe2\x10dE\xe1a\x93\xec\xd9\xd9\xfc\x0fv\xe1\x07I\xb6\xff \xd8\x7f(\xc0\x9a\xcb\x82e+\x96\x00\x01v,80\xef\xc4\x1c\xb2\x8f\x18\xd8\xb9!Mv\x11\xbb`\x91\xcd\x8a=\xdb\xd8p\x86\x03g(\xd8\x87%\x87\xcf\x91\x8c}\n\xce\xc0\xdc\x90\xd7\xf0w\x1f\xe9s\xf0\x89#z\xe5\xeb\xaf\xbd\xaeW\x1e\xc1\'\xf49\x1fa\x90\x1e\xffO\xc4\xaa\xdf\xe5\x1fC\xfa\x1d\xd3\xab\xf1\xecc\xfe\xe3d?~\xc5\xff\x13\xa3\xeb\xfd\xfaWB4\xf4W\x04\xed\xdeW\xb3\x11\xd9\xe2\xac\x0b\xb3\x85p\xb2\xd9U\x17\x12j?\x0f\x8cb?\xdd\xd2\x9e\r\\\xa3\x99\xb8:s\xb3\xc3cE!u\xaeT\xe8\xee\t z\x1a\xe5 \x8f]\x12\xfa\xf5\xef\xe7\xc8\x8csd\x00Lq\xb0\xe3\xd7I\x88\xfe\xc8B\xfdo\xf7t\x9bJ\xfeQ]\xdd>\xbf\xba\x9a\x1b\xb8^/>\xdf\xaf\xdb\xf8S\xb8\xeet{\x86>\x16G\xea_\xe1}(@\x17\xa0\x03\xa5K\t\xa3\x03\xd8S~\x05\xc0eB\xc9\x9a[\xa9\x03\xd6m\x96L\x96\\\x99\x97\x05 \x08\xca5S\x9e;\xdf\x96\x0ep\xa5f_\x80R\x9a+\xc3\xd1\xd1\xfc\xe1&2\xbe\xa9\xc9\xffR\x13_\xa8\xf7\xc7\xc7\xae\xd5\x12\xde\xdf\xdeQ/h\x19\xb0rC4O\x8e\xcc)b3\x11L\xb9\n/q2\x92d1W\x85\x8aO\xb7\x01\x9d\x035g\x194U9\x87\xa2\xc8\xb2\x83\xe79\xc9\xde\x06\xff\x0b0\xed\xa5\x0fZ\xc4\xfc\xe2\xd7\xfc\x17\xda^#\x91|\xe1\xb5ZnU\xfb#|a\xfb2n\x05k/\x1b\xda\x9b\r\xedI(\xea\x90\x829YD\xb2\xfd\xfc\xe9\xf6\xf3\'\xfa\xa0?rR\x1dj\x16R/\xb7\xa5\xa7\xb9\xe2<\x14kq\xd9|\x1f=\xe7\x8fz\x0e_X\xdd\x9e\xc1\x9dD\x0c7\x83\x0c\x98\x017\x0f\xb1:A#\x81\xdd(\x04\xcb<Hs\x90:\x8bMjF\xae\\l\x93\xed\xb2,9\x19\xcd\x18^.\xa4\x9fnk@\r\xc47\xa2\xc1\xd2`\xf3\x8d\x18;q?\xb14^\x7f\xbb\x81\x84\x0e(H\x03\xba\xc5\x83\x10B\x07\xdc\xa1!\x19\x14u\xdcp\xbdn{\xe9\xbd\x8d}3g\xe0\x94F\xfc\xf1}\xf9\x8d8J\xff\xc7\x82A\x83\xf0\xcf\xd7jQ\x07\xfe61\xba\x14t\xcaG\x80\x1cA\xf10\xe5P\xd1\xe0A2\xa8`\xb4\xfd\x8f\xc5\xc2\xd5\x85\xc1\x0f\xbfF\xa4/\xf4q\xf8\xcb?\xe9\xf3\x8e\xbc\x16`\xe61\xfe\xbbH\xe6\x07z5\xe0f)\xf0M/\xc67E7\xf0\x8d\x84b5;_\'5\x13\x91\x93\x95\\\xc4\xcbR\xae\xccH\xcb\xe8JUQ\x80S\xf9\x15\x06\xa3\x00\xe9N\xb6g\xf0\x85\xa8\x83\x1f\x17\xb0z\xa9\x05\xe1X\xbd\x83\xe1\xa6\x0cX\xf7\xa2T\xcdbu\x86\xc4\x0b\xce(\xa4\xc8\xce\xdc8\xd6\xfb\xb6\x13\xa7\x99\x94\xa0:\xd5\xab\xd49\x9bq\x9d7\xb5\xed2\x88\x0fm+\x8e)5\x1fv\x18\xda\xcd\x97\x18\x97\x1e\xe2q\x8bR\x0c\x86__\x1c\x9e\x8b\xc5G\x1f{\xecQ\xfd\xeaO3\x1e{l\x86\x9e\x8f\x0f\x1d9\xfd\xc0\xace\xeb\xbf\xf9H\xcf"\xbc^u\xdf\xa4IS\xf01\xfd\xf8\xdd#G\x8e\xa9\xde\xb8z\xfab[\xd8\x93s\xb7\xeea\xb0\x1e\x06\x1d\xb6\x87\xc1Zn\x9c\x83\xef\xf8\x14\xbf\xd4\x9e\x8c6\xf1\xf1\x08\xd9E\xf0\xd4\x02\xb8\x11\xc6@\x1f\xcc\xe8N-$G\x95\x08\'\x03\x8d\x14\xd1l\xcd\x95d^\x052Z\xa0#\xe7\r\x0c\xb5\xb4\xa5;\x02\x84s\x12\x87\xac*\x9cC\x92%\xe2P\xb0CU\x15A\xb2\xff`\xff\x01~dJ\xaf8\x053\x99\x87\xee\xf9\x0ec\x0b\x1e\x8c\x87`S\x93\xde\xda\xa8\x1f\x07\xc4\xfa\x9d\xe4" \xb7\xc1\x9fL\xce\xb6\xe7\x01\x1c\xa3\x00\x97\xf3\x00\x0e\x1bJ\xd0TG\xae*K&Y\xc4v\xfb\xe9\xd3\x06y^3\xd5\x89\x80=\xa4\x00\xf3\x00\xa122\x03\xba\xc5\xc74\x8d8\xea\xd0\x80\xa1\xe4\x1f\x8d\xfa\xd2\x89S\xb6G=\xba\x1f\x1fy\x8d\x92\xaeL\xcf{\xf7\xcf\x88\xe9\xb4w\xae\x7f)\x8e\x02\x1f\xc2\x04\xfd\x1e\xa8\xd9\xbc\xc3\x14\xa7\x93s\x86\x99\xc3\xa3\xe5\xa8\xdcXF\xabl\xa3%\xcd\x8e\x9al\x8d\x91b\x93g}dx]LTsd\xea\x05Px\x97\xdb\x98\xad\xeab\x8dp?gF\xd0t%\xfb\x1cT\xec\xf9\x91\x01\x0b\xe4\x7f\xd0\xf5\xeb\xa5\xa0\xb1\xfaU\xf9\xb0\xb1\x91\xfb4hr\xf4w\xdf\x04\x11\n\x1a\xa8\xdeW\xfc\xbf\x80F\xba\x15`\x9c\x0f8\x88g\xfc\x14\x82\xb25\xc5-\xc8\xe0g+\x96PP\xb6T|\x99\x14\x89u\xf6f\xc5S\xc7\xb9\x00\x11\x0c*J\x8d\xd7<\x0e5\xc4\xa10\x12\xb4Q5\xe4\x0e\x19\x04h\x8f\x079\xec\x8d3\xfb\xf6\xcb\xa0x\xf2a\xbcd\xf9\xa2+W\x16-\xd7\xaf\xe2\xfc\xf9;>>\x8b\x0f5}\xa5\x1f\xe2\xa2\xef\x9e\x82\x8b\xeem\xaf\xc2\xdfG\xac\xadz\xf6\x99k\xb5\xf8\xac\x9e\x1c\xe0\r\xeeC\x80G@\xe1\x87$\xc2\xcb8W\xb4\xb735u\x90\xaf\xc3\xcd(\x95\x12\xc2A\xb5\xd4a.\xc4\xff\x1c\xd3O\x1dz[\xb4;\x93@\xe2\x90C\x82\x88\x02\xb4\x13Z\xbd\x7f\xf3\xb6\x9c\x86\xea\x86\'s\xf6/\xe7s\xf6\xaf@9\x0f7\xd8\x1a0("_C\x8coDQ\xc3\xf2\xa93\x1a|\xb9E\r\xb6\xdc\xc2\x86\xcd\xb75\xe0B_\x8eq\xbc\xad\x01\x8d\x9f\xd8\x10\x138\x19\xd0\x10\xe3h \x99\x05\xfb\x97#VKX\x83\xcdN\xab\xa0U\xcd\x18\xd4\xe0s4\x80k\xd7\xe0l\xf0A\xcdZ\xdeD\xb8\xa5\r0\xae\xd2\xb7(|\xc7\x80\xe7\x07\tg@6\x863\x19X\r\xf6\xff\x03\xfea\x88SFk\xa6pgRw\xbb\x93\xf3x\xd5\x14\xfb\xf9\x96\x96\xa0\x04\x87x+b\xd7D5\xf9\x1aS\xdcu\x9e\x14\xa5B]ci\x12\xd7\xa7\xd8/\xb77\x98\xef\xb8kb{\xe4\xe5\x02*\xd57\x9c\xa7a*\xc9\xbc/>)93\x06\x1bL\xd3\x03g\x06\xa4=^\x942\x07\xc3U*\xf2\xe4\xdd\x87\x1f\xd7\xf5\x8byu\x93n\xaf\x9f\xbc\xadn\xeb\xda-O\xcd\xaf\\\xb7\xe8\xf6g\x8a\xa6\xd6\x8fj\xf9\xf2!ro\xd8\xe6\x07\xfep(*\xea\xa5\xc4\xc4\xf2I\x13\xef\x7f\xb2 W\xbb7"\xfa\xc5\xb0\xb0\xa7\x9f\x98\xbc"@+\xf1I\xa6\x83S4\x8b%\x97\xc8\x9c*\x9b\xa8\xed\xa2Z\xf8t\xbb!C*\x11\x9b\x91\\\'\x80\xa1\xbe\x9c\x9dM\xcd\xb4a\x1fa\xe7\x05\xfc\xf7\xa6\xab\xf1M\xf8lS5w\xf2Z-\x98+\xc3\xd6\x80\x9e+\xd7\xf3\xc5\xe9\xc2\x19\x88\x01\xbbA\xd4\x92\xa392\x87\xa58\xe3\xccb\xb8\x9c\xdc;\x029\x9d\xc3\xfa\xd26\xb2\xb3\xdb\xb3\xb3\r\tr\xf6\x94\x9bb<\x8d\xe1\xdb\xfa\xf6\xe1\x9a\x12l\xebMo\xf4\xb5\xb7]\x06\xad\x0fn\x1f\xfc\xa6a*B\xfd\x1d\x14\x07\xd8a\xc5\xbex\xe2\xb0\x83,\x85\x84\x02,\x14%N\x87\x9dP\xac90\xc5\x93\xe4\xa0\x02\x87S7-\x9d:w\xee\xd4\xa5\x9b\xf0gY\xab\xee~\xf1\xbb\xef^\xbc{UVSg\x11\x7f\x16|\x80\xa4~\x7ft/q\xef=z-\x9bdM\x19\x8d3\xb1\x0b\xb6[FM\xa1\x16\x7f\xca(\xfd=\x10\xbc\x1f\xf4\xd6\xd1S\xfcG\xb9\xb3\xf0\xa8\xbfm\xefQ\xaa#:\xf5\xb9\x0b%j&\xcf0\xe4\xb4\t&\xb0\x14nC\x97S\x14\xf2u&\xa5Y\xa0\xbe\xce\x05\xaa\xc3\x01\xbe8\xaa\xc7\xc1\xff2\x94\xb7/\x8e[\xb2\nT6\xa8\xeeU~\xad\t[?\xfa\x86\xaak<j\xd2\x14P\xd8\xdc\x1c\xbd\xffs{\xf7\xee\t\xd8M\xf0\xb3\xdc\x8cf\xdd4\xb3E\xa9\x13\xc1\xdb\xe0db\x90,\xbb\xad\x1d\x04\xed5\x914\x9bd\x906 \xd9\x89\xcb\xd9i)8@2pj\xf8\x15\xedY\xd4\xa7\xa9\xae6\x88E\xbd\'\xaa\xeb 2\x85\xce\x00\xbd8\xf0h25\x9b\x84V\xf1+\x88,\t\x98\x83\x88\x10|\x99;\x1aL\xe3&6\x81Yx{@\x01\x90\x83\xda\xe7\xd4\x0b\xed\'\xd2\xf0!d\xf2\x9a\xf2L\xdc\xe4\xc4\x0c\x0fUg\x9c\x8f\xc3\x99\xad\xad\xad\xeeg=\xba.\x9c\xf1?\xa8?\x85K\x0c}z\x84\xab\'\xdf\xb16$\xe0\x08\x9b\x80\x1f\xe3\xd1\n\x99\x17D\x04V^\xa6m8\xc7\xdd\xd1\xe0\x1aw\x0f4DhC\xed\xe7i\x90a\x90_\xb3\xa5)\x9a\x92\xa7\x14*\xe5J\xad\xf2\x96"M\x0e\x1a^\\VO\x12\xea\xa1\xa93\xa4\x07\xddY[\xbb\x80\xb7C\x857\xa1\xadXT\xa8\xf5\x894\xa1J\x89\x8fV\x84p\x0b\xa9\x0cu\xd9<\x8e\xd8\x98\xa8\xc8\x88P@\xbf\x0b8\xc7j1+r08\x8bP\xc3D\xaf\xbd\xfdD(\xedcv\x80G\xb3\xb3[\xd2\xc1UM\xd3\x1c&l"&\xb3\xc9\xe2\xe6#\x1c\x11Nw\xac\x8c\'\xe38.\xce\x84\xe3\\\x19\x1c(6\xb6\xfb\\l\xcf\x8cc;\x1f\xaa\x7f2\x0e\'\x0e\x9d\x81\x13f\xd6N\xc7\x03\xf4g\xc6\xe2\xc1\xfaS3j\xa7\xeb\xe7\xa6?3C?\x82\x0b\xc7\xe9o\xe2\x99\xa5\xdcj\xfd\x00W\xa9\x17\xe1\xddz\xd1\x0e\xfd\xc0v}*\xdeE\xf7\xedx\xf4\x0e\xbc\x9b\xcaU\xbd~\x8a\x9f-\xbaQ\x1c\xc8U*zC\x1b\x1fOT\x93\x9a\x8c\x93\xba\x11\x93I\x8d\xc61Q$5%5\x92\xa4\xa4\xa4\xe6\xb8\x1c\xf6x52\x85\x0f\x15\x95\xeeq\x02\t\xad\x08\x11+\x04\x87/\xe2\xf1\x90\xb5v\xd4\xfdqa-\xe9%\x87\xa81RJ\x04D\x1fJ\xbc]\xe1\xb0\x94$[\x041\x8d\xd2B\xa1\xf4\x16(\x19\xeeh0\x03]\xec\xe3\xee\xb9\xa3\xc1\xc6\x88# \x8dr\xc1\xe5\xd0\xec\xf6\xd0\xec\xcb\x17\x98\x8f\xd8\xd6r\xfaB[z\x0b\x84g\x17\x1d\xce,G\x96\xc3\x19\n;3\xfc\x92\x9d\x07\x13o\xfd\x01\xfc\x80\x8e\x03\xffCA<\xf6q\xbd1Us\xa1\x0efr\xfagfx\xe0\xc4\x03\x17\x1d\xcc\x9f\x918\x90t\xb0\x9d\xa1 \xe14\x94;X\x8cg\xfeuV\xe9_\xca>9\xf6\xf7\x13\xc5\x93\xf7\xdd}\xf7+\xf7~\xf9\xd1\x97\x1f\x15\xcf_\xf2\xe0\xe7\xcbV,\xd5O\xe1^\xa4W\xaf\x83\xda\xad\x18\x7f\x90\xf0\xf2\xd6\xe7\x9a\xad\xdf\x7f\xcb\xc7F\xbe\xd2\xbd7\xaf\x8f\xf7\x1d\xdcY\xf7\x9e\x8dCx\x87e\xd6\xc4\xfc\xc23\xfa\x18\xc7\x9cI\x13gP\xde\x14\xa8\xfd\x91R\x84K W\xa1\xc8\x87\x92Ag\xad\xd5\xfa%\xd8\x12\x93\x12\x93l\xc9\t\xc99h\xb39fs\xef\'\xc26\'\x88\x9b\xcdO$9\xd7wK\xd8\xd479.2Q\xe1,\x1e\xabb\xb1\xc5YzX#-\xb6>\xa6\xbe\x06\xf2\xa8\xc0\xdcC1\x07?n\xfac\xa5?\x16\x86\xbf>\x14\xab-\xd4\xa7\xbb\xf8\xf3E\x8a*\xe04\xfb\x05\xd0\xaf\x17\xd8\x15\xfbE\x03k\xe0\xc9\xc2\x0ex\xea\xe2@$\x1b\x1a#\x1e\xa2\xde~]\xaf\'f`\x9f\xab\xcb=\xe1/\x13\xa6M\x9b0~\xda\xb4\xf1\xbb\x0e\xbf\xfet\xed\xe1\xd7\xdb\xb7\xe5O\x9b:a\xc2\xb4b\xaeOm\xfb\xa4\xda\xd8]\xcd\xaf\xef\xde\xddt\x98l\xda\xf2\xd8\xca\x9a\x9a\x95\xabj\x96\x9d\x7f\xfd\xf5s\xe7^o>G\x8ajV>\xb6e\xcbc+\xb6.\xfb\xf5\x7f\x89\x96s\xaf\xbf\xf1\xf7s\xcd\x87\xcf\x1b2\xbc\x02\xe2y\x1d\xf0\xa4\xa04|R\xdbj\xc1Vs\x85\xc3\xe90U\xa8&\xa7\xd3\xa1T \xc5\x13\xe2\x91\xb0(W\x84\x84x\x08\xe6pEtL4\xaaPPLL\xb47\x96\xc4\xc58T\x97\nb\xc7\x85\xb9\x1d.U\x92\x89\xa88\\.\x95`\xc2!\xe3\x16\t\xf3\xc0\x1d7\xbd\x9a\xe34)\x9c\x88\xd4\x18\xae\x9b\xc7*vK\x16k\xc2z\xd4$oI\xd8\x14\xb6\xde\xeaR{\x9b\xac\n\xea\xed\xf4$[c\xb8\xde\xce\xe48\xab\xc3\x06R\xe7\x8c\xb4\xf7\x01]\xd8\x02N\xa0\xfd}\x03\xb9\xc0\x8d\x94!\xa98\xbf\x7f\xe1\xe7\xaf\x01\xbf\xf6\xf7)\x8f\x86f\x05<S\x86j\xc1`\xcc\x1b\x0e7^\x93\xff\x89\x8b\xe9\x95\x8e\xab\x05\xf1\x07l\xe9\x18O\xd6\x0eH&!^I\x89BQ8\x96\x84\x9a\xba\xa3\xee8\xc99\x10\xf5u\x0e5MA\x05x\x92:\xde9)bRlA\xda\xf4\x98\xa5\xe8)\xb4\x03o\'\xdb\xe4\x1aS\xb5\xa7&\xa4&~{\xafX\xc5\xa4\x98e\x879\xd9\xdc-\x8cD*\xe1\xa6ps\xb8#\xca\x1d\xe5\t\x89\x8eMOF\xc98E\xf19\xbb\xbb\xba\xbb\xbbyR\xd3\x07)}\x9dY\xae!\xe9#\x95Q\xee;<\xb9\xe1c\xd2\xf3\xf1$\xa5\xc0<\xdeY\xe0\xba7\xf6\xbe\xf4Y\xe6\x99\x8e\xc2\xf4\x05x\xb1y\x89\xa3\x1aU\xe3m\xa4F\xd8)\xed\x94w\xcb;\x94\xa7L;\xcc\x1b\xd3k\xd3\x1b\xd2\xb3&\xa3\xc9\x98\x89\x1apS\x7f\x05\x1c\xef\xfe\x19"\x91\xb0/\x99ZZDe\xd3p\n\xc1\xde\x82x\xfa\x18\xe3\xe1\x9f\xee\x19\x7f\xba\xf6\xbe\x17F\xe8Kq\xfb\xa0\x1c\xf1\xb0y\xc6d\x1c\xda^5\xe3\xc2\xaa\xff\xd2\xffTQ\x91\x96\xfe\x1f\x8dw??~\xc2\xae\xa13W\r\xe2|w=3q\xf3\xbbC4R\xe5\xbfR\xd0:\xf71]\x7fT\xff\xb2\xba`\x02v}\xbc\xfc\xf3iC\x1e\xc9~\xf6HB\xc2\xa1\xd4>e\x133\xa6\x83\x9d\x03[\x81\xcb\x98\xad\xe8\xaf\xa9\xf81\xb4\x82\xa7F\x82\xff\r#\xc1L\x04\x98U\xcd\xa2\tyB\xa1P.l\x14j\x05\x91\x99\x070\r\x86]`\xb6\xb3A\xff\x89,\x15\x9d\xc8\x02u\xda\xc4\'\xd16\xabEB\x1c\xb8t.\xd5j?O+\x85:UC\xe3\xd9X\x99\xea\xb9\x0b\xe9m,\x1c\x05\xa6J\xc3"\xf1\xb8\x9d\xa1\xbe$\x92\xd9\xd7\xd9\x9f,\xadX\xb9ju\xed\xd6\x9a-\xdbD\xe7\xd7\xfa\xe0o\xbe\xd1\x07}\xf5=~\xff\xb3OqK\x1b\xb4\xb7\x07\xda+c\xed\xc5\x82E\xa5\xedI\x18\x99\x9c\xbcKF\xd0\x1e\xc4\x8e\x1d\xf5\xba2B\x9c\x1e7\x91|\xfd\x9c\x99}\xc9\x1e\xa8\xb2fk\xed\xeaU\xabDg\x9b\x9e\xfd\xe9g\xfa\xc0\xef\xbf\xc2G\xbe\xf9\x06\xbf\xcb\xfaq\x0b\x19\xc9\xbd\x072\xe8\x00\xdf\xb3\xa7\xddbB\xbcY\x91x0\xa1\xdcv\xc1a\xde\xaeb\xeb&\xa7lV9Etp\x98#\xc8m\xe3M\x8a\xdb":\xed\xa7i\x8a\x03\xf6P\xa6\x9e)\xe2\xc0gHo\xa1\xa15\x9c\xa7A\xc8%%\x02\xda\x84\xe4^\xb8\xbf\x00\xc6<\x91{O\xdf\x8e\xa7\x0f\xd4\x1b\xe6\xea\r\x03\xf1t}\xfb@\x9c7\x17\xe7\xf1\x9f\xbe\xfb\xde\xd4V\xbd\x12/n\x9d\xfa\xde\xbb\xd3Z\xf1b\xbd\xb2\x95\xc1v\x16\x94\xe99\x81\x07=\xea\xd3\x1cH\xc1;%N \x1e\x1e\x85\xaa\xa2G6\xdb\xcf\xb7g\xb3\x1cP\xeai8\xb6\xd0x\xd6\xc8W@T\xc6\xed#\xbd\xfc\xa7\xf6\xfaO\x91^\x02\xef?UO\x0b\xf5\xa4\x17\xd4\xb9\xeb\xba\x13\xbf\x87t\x1aShfn\x17Z%r<\x0eGa"\xf5yN\x18\x18\xec\x9f\xe1\x01\x83{\xe9\xd4\x9e\x15c\xf5\x97\xf5\xb7\xb1\x06\xef\x15\xe3O\xc92\xb2\nx\xc8q\x08\xed$<F\xbc\x9dF"4\x92\xa6\x89\x92b\x12\xe9\xff\x8a\xac\xdaC\xe1>\x07?\xfb\xa0\rx\xf65\xb4\x8a\xd0\xea\x81\xd9(\xa4\xacn\xdf\xb9S\xa7t\x9d\x8e{\\\xcf!\x07\x18_\xf6\xd2\xdc(\x02\x83\xe2\x8a\xe0\x10\x97Cv\x03\x8b\x12\x84\xb9\xd4\x16FT#\xc8\xea\xa2\xc3A?\x13\xb9\xde\x7f\x05\x18\xf2\xd7\xd9\x86.\xad\x84\x98\xa7*hs4\x97X\xebD\xb5\xe6M\xce\xf5aJ\x94-\x86\x8b\xf2D\x86\x01\x04\x97)\x7f_\xa0\xa6\x02\x02I\xc3\xe7\xa5\xaenr0\x8a\x84_\xb2n\xe7\xd3O\xc3\xff\xa7\x9f\xbe\x86\x15\xfd\x97k\xd7\xf4_\xb0"\xe4\xe9\'\xf5\x13\xb0\x9f\x84\xa63p_\x9cQ\xab\xcf\xd3+\xf4J}\x1e~\x02/\xc6K\xf0\x13\xb4\xdf\x9f\x83\xff:\x89\xf9\xe9\x9a\xe6\xc9\xe1jyR+\xac\x90P\xad"\xc7\x8aQ\xe0<a\x93\xfdt@\x1a0\x95\x86\xb6\x16\x03)\xe9\x97i\xea\x17\xba\x08];h\xe3l<\x99\xdc?\xce!d&\xb2\xe0N\xc7#\x81oJ\x8e\xe3\x91\xed{\xea\xf9y\xc3\x1b\x87_=S\xdf\x91s\x1a\t}\x8eB\xbb\xb4\xe4\xf0\x88H.,\xca\x01\xec\xe2\x10\x04>\xc7\xfe\x8cc\x8b\xa5\xd6\xbd\x89G\xb5\x04\xd9\xc1&\xa8Q\xa1vN\x8c\xa6B\xef\x01\xa1\x0f\t\xd8R\x80\x85c\x16\xf4t\xdb\xdbo3\xe3\xc9\xe0\xe9\x82r\xe1\x07\xdc\x10eg:\x19k\xe9\xe3\xf9|!_Z\xc2/\x11\x16FV\x86K<\xe2\xc3\xf9\x08>R\x88\x9a\x8f\x16\x8a\x0b"\xe6E\xce\x8fZ\x89*\xc2WF\xac\x8c\\\x19\xb5\x17\xed\x8dt\x80:L\x84nd\xf6C\xfd\x99\xe7\xd1\x11x\xf1\xd4+\x11\x11^K\xdei\x1f\x05\x88\xcc(\xba\xf3\xc5\x8a\xfbN=\xb4\xe4\xf4\xc4o\xb1{\xd8=\xe1\xfa\xe5\xfa\xfa\xfaEx\xd3\xc0\xd9\xdbF,\xda\x9as\xdb\x89>\xe9\xdf\xbe{\xef\xf3\xe5\xd1\xfa\xf7\xac\xff;\x81\xe6\xf3\xa0\xff\xddP\xb9\xd6\x1by\\j\x85\x12[\xe1u\xd5z,\xb5J\xb5\x18U\xeb\xad\xf6m\x12\xd7{\x9eK\t\x89r!\xce\x1d\x1e\x95\xe4\xb5Gq\xeeXEL\xa1h\x08\x19\x17\xc4\x80\xc20\x00(\x005\x12\xcaX\xae\xed\x02\xb8bvf\xde\x0c\'\x0ct\xa2R\x1cS\x14[\xe4-\x8e\xe3A\xc1\xb3\xc82\xee_G\x96\xb4\x83\xdc\x90M\xcf\xe9\x1f\xea\xdfN9:k\xdc\x07\xb3\xdf<\xda\xf4\xfc\xbeC5\xbb\x9e{\xf2\xee7\xe7\xce;V\xf056o\xe0\x12c[6~\xf2Sb\xe2{}\xd2\xb7V=V\xf3\xc2\xa2\xf2yK\x13\x92\x0ez\xbd\x7f9\xf0\xf0K\x94\xb7\x8b\x81\xce{\x80\xaf\x08h\xbf\x15Z4\xb6p\x16\xc4q\x96\x1c\xc4\x99\xa4Z\x88*V(\xd8\xac\xa2(Q\xe6\xcdL\xf7\x9a\xc6\x05\x9d#3\xed\xd8i\x967bA\x06\xd5P\x1d~\xe41 \xef1J\xd4\xee&\xd4\x1dB\xf1\x024\x13-B\x8f#)\x04\xf7@I\xb8\x07\xd7\x0f\x8f\xc6c\xccc,\xf9\xb8\x14/\xc0K\xb8\xd5\xd8\x02\xc4T\xc0C\x87\xf8\xc7\xe3c\xba\x86\x13u\x82\xf5L\xfd\xcc\x99c\xfe)Bb\xfb\x974\x0e\xda\xab\xd7\xe2\xc2\xf7\x18\x8dv\x01\x8d\x8a\x01\xf6h4E\xf3\xf1\x11\x92\xa3\xc2\x1e\x1dQ+\xb9k\xedk-\xa4\x16\xad\xb0\xac\x97\xf6\xc4\x84Fa\x95\x8b\x82\xd0H\x8c\xb1\xb7\xe3\xae\x94\xb1w\xb1 v*3@${\xcbE*\xc6T\x8e\x81@z\x8bA\x1f\x96\xad\xa5XG\x1e\xf0\xe8\xbb\x12\x86\xd2\xe3\x13.\xdc_\xdbsb\xcf\xab8A?\xad\xff8\xe5\xbd\x19\x93\xde\xbe\xff\x0f\xc7\x8f\xff\xe1\xaeg\xc6\tg\xea\xf5\xcd6\x9b~\xf1?\xffK\xff\x87\xd7\xdb\xda\'\xed\xd0\xce\x9d\x87\x12\x92\x98^\xa9\x02\xf8\xb72\xbd\x92\x80&j\t.\x11Y*\xcc\xa86D\xac\x8d\ny\xde^k^\x1b\xbf)j}\xa29^\x89\n\x8fqEqq\xb1\x91\x89\xa0h\x80\x91.0Us\xa1\xfdB\'\x0bi\xeeV\xd4\x8aO\x92\x93\xdcI\xbeUh\x15\xa1\xe7\x07b\xc8d\x88y\xbaf\xb5\x98O@\xb8`W|^\xaa\x96 \xb8%{\xd6\xec\xde\xbd\x06v\xac\x8czj\xd4\x07\xa7l\x83\x0e\xdc\xff9\x16\xf4K_\xe8~\xfd"\xce\xc3\x91\xa3\x9e\xe2\x06\x1d~\xf6\x99\xd7_\x7f\xe6\xd9\xc3dqcB\x92\xfe\x93\xfe\xe3\x84\xc9\xfa\x8f\xdf\x7f\xad\xff\'STS\xf1\xf31F\xec\xbb\x17xj\x06\xd0ED\xd3\xb40\xc1A8\xc29x\xd0\x1b\x02\xd0\x84\x138\x0c\n^\x94 p3\xd2\xc7\xa9\xff\xa4\x82)\x91&\xbe\x01\xc1\'5\x0e\x12\x92\x80N\x8e\xfe\x03\n4\xe7D\x82E.B\xc8\x12\x86\x0b\xd3\xb9\x06\xd4 J\xc03@\x1c\xec\xc3q{\xb9\xb7\xfd_\x9c\xc2\xba?C8\x93\x7fu\x85\xd0\xc3\xc8o\xac\x03\x1c\xafc8\xf6A\x1cv\x9b\x96\x18\x06\x18N\x16kcz\xd5:7\xc5\xacO~.-\xcc\x9c\xd0=\xca\x93\x10eS@\x93\x83:\xb7\xc5EB\\\x05^\x7fK\x1bCnPf\xd9YV\xd6\ri\xc2D\xeam%dt\xa6vy_|\x02\xf8_\xae\xe0\x03\xc0\x1fd\xdd\xc6\xe7\x9f\xdf\xb8\xf1\x85\xe7\xf5\xe7WnB\xd7\xff\xe3S}\xd3\x8a\xcd\xcf\xe9\xbf\xfc\xf2\x8b\xfe\xcb\x9e\xe1\x9bV\xad\xac\xae^\xb9j\x139\xb2\xa3\xb2r\xc7S\x15\x95;\xf2\xbd\x07\x96\xbf\xfa\xe1\x87\xaf.?\xe0\x8d\x7f\xbf\xea\xec\xb7\xdf\x9e\xadz\x1f\x17\xcd_\xb9r>\xecA\xdf\x9e\xaf\x84>\x851\xbe\xf1I\xb1\xe1\xb8\x02\x85\xd7\xaa\xcf\xf3\xb5hmHl\xad}S\xc8\xfaD)**\xce\x15\x83\xe2\xe3\xa3,\x8cm\xa0\x03A\x0b\xf5\xb5\xfe\x8f \xd7\x84\xb4\x84\xbf\x1b\xf1v\xe4\xdbQoG\xbf\x1b\xd3\x12+\xd5;\x9b\x9d\xdf99\xe0\x9b\xfe\x8c\xc7\x9d\xae\x80c\x892\x0c^\x89O\xc2\xc1\x8e\x01\x16>\x1f\xb5\xf3\x0e\xe0\x96\x81\x07\x1e\xf8L\xbf\x86\xed_@\x1c\xe1\xd0\xf7\xeb_\x8d\xda\x89\x07\x078*\x16x\x05\xfc\x15g\xfe\xbd\xd8\xf6\xfd\xd78\x84\x19\xb7\xdd\xfa=1d[\x90\x9fh\x9f.\x01\xe3\xbc\xc7\xfbX\xce!J\xb3\x8a\xab\xf8\x17\xc0\xbc\xb3\xb4F\x98l\x07_$\x9dZ\x8f\xcb\x86\x91\xa7\x1a\xe2\xd2\xa9S\xd4\xd4\xf3>\xdd\xc8#P\xdf\x83\xbd\xaf\xa0D\xcd\x05\xde\x84\xb4\x8b_\x85^\x80\xd0E\xc0\xe1P\x89\xca*an\xc8\x85vj\xa5]FE\xcc\x1b9E\xfd\x11\xa8\xca\x7f6\xe8\x93\x9cES\x84s\x00\x83\x88\xee\xd4\xba\x93\x9d\x1c\xcf\xe1\x9d\x08\xf3\xf4@\xb0 \nh\xa7(\xe4\x08<\xc1H\xe0\xf6\x8a/J\x98\xa0\x04\xde\'\xd1d\x92\xe1V\x04"\x16\xfe\x87\xce\xe8\x83\xc6\xd2\n\xf1\xe0L,\x9c\xbbv\x85\x97\xaf\xea\x02\xe1.\xe9\x9b\xf4\xeaC\xf8//\xe0\xbf\xd0~\x9c\xc5\x85\xc29\xee\xd9\x00\x1e,\xe0\x0e\x89;y:\xee\x82|\x14\r-\xe9\x1d\xa3\xb9\xa0\x93\xe8vV \xb4\x9e\xab:\xf7\xec\xdeK\xf5\x01\xdf.\x08\xfb\x18\xad\x87\xb8\x13\x81\x1b\xc6\t;\x01v\xb4\x13\xfc q\xa7 \x12\x82sD\x01\\N\x81\xdf\x8b_\x94D\x92\x00\xf5K\x14C7\x00\x1f\x80\xda\xd8e\x80\xde\x95\x89)\xf8\xacM^\xe4.\x1d\xd2S_\xd0S\x0f\xe1\xd9\x8c\x06\xd5 p\r\xc0\x97\x1c\xf0e\x89\xd6#!F\x11y5\xda\xc5#w\x85k\x8d\xbd&t\x13P4:\xc2\xa2\x08\xbc\x1a\x83-Q\x11|\x14\xd0\x17%E\xb8\x12\xa9e1S=\xecb\xd6\x92\x0e\xdb0\xc9\xa3\xd1\x1f\xf3\x1b.\xfe\xac_\xbeh?\t\x97\xa8\xfb{h\xb1\xb2D]\xe25rY.\x1f\x08\xdc\x10|\xa3\xfd\xa7\x02i\x83HI\x82`\tW\xb6\xb6\x1eyk\xc0\xa4IY\x19\xab\x1e\x18\xf3j\xd1\x94w\xa67~:|\xd2\xc4\xd4dY\x14u\x1do\xdaQ\xb22\xbf sJ\x9f\x829\xb9\xb75g\rxw\xf7\xa8\xb5\xf9\xf9\xa9\x99\xe1\x9e\xec\xbe\x86\xff\xa7\xef\x94\x1e\x14\x9e\x05\x1d2\n\xd5h\xe9afN\xa9\x0b\xf7Dru\xa3l}3l/\xa7\xd5\xf5\xf7\xbc\x9cP\xd7\xff\xb6;3\xfa\xc6D\xa0nN1\xcc\xdc-\xa2GL\xb7\x11\xce\x1e\xdd\xbb\x8d\xe8y\xcb\x9d\xf6\xf3m\xc0r\xa0J\xb3\xdfgrG\x91|\xba\x85^\xfa\xe1\xf4\xfb\xf6#\x17\xd3\xc1\xec@\xd7\xd2\x90\x91\x90`\xb9\x08\x96\xc6q\x05=\xa97\xd0\x9d\xd7\xdf\x06\xd2\xde\t\x9bfhC\xc56:vt\xea\xe8!\xa3yP\xf2]\xf4\r\xa6\x12\x9b\x14\x08\x0233\x8c\x94LrR\x02\xc5\x8d\x11\x16\x85\xf04z\x0c\x15\xa9\xb2J6B\xa4~\xa0\xc4\xf8P\xd0`v\x08\xdf\xaenxx\xe9\x13\x1b\x97,\xae"q\xd9OM\x7f\xf9\xe3\xbf\xbd4}\xe7\xa0\xaa\xcd\xcf\x0f\xd1f\xe8g\x1a\x96~Q\xf8\xf4\xfey\xb3gb\xf7\xd3+~\x9d1\xe9\x11\xfd\xec\x93Mz\xe3\xf2\xe5\x15k\x1e]\x81\xc7\xbeq\x1a\xdf\xbf\xf4\x8e1\xfa\xbb\xfa\xb7$\xbc\xea\xb9=\x1b\xd6?\xbfG\x1f~\xe7\x88_?\xf8\xe0\xea\x1d\xa3V\xf9\xbd!\x9f\xee\xbf\xbf9o\xd5\xba[\xb5R\xfd\x8f\xef\xec\xd6\xffs\xd6\x8c\xd9\x13\xee*+\x9a\xbe\xea\x91G\xf0\x887\x0e\xe1\x91\x8f,\xab\xdcW;\xf5\xeb\xa5\xfa\xaf\xfa\x87"\xc5\xbf\x9d\xce\x93b>\x8a\x8a\xde\xd5nE\x0e\x08\x10\x04:\xa0(\xf0\xd8\xa1r*r\x10\xf0YT\t\x1cT\x91^T\x1c\x9c*\xd3\x1b\xe0\xc5H5\xd4\x87\x11h\xd6\x90%\r\x15A\x05O\xb9\xc5\xc8\x19^8\xdd\xe6\xec\x9aX\xe88\xc8?\x04\xcd\x91\xc1\xf7\x07\xbcf\x9a0\xc8\xb1a\x1b\xb1I6\xd9\x86&\xa2\x85\xa8\x1c\xadG\x8a\x84e"r\n\x1f\x82\xc3I>\x9eH\xf2\xcc\xd3\xf1\x0c\xf2\x10^H\x1e\xe6\xe6\xf2\x8b\xa4\x87\xe4J\xbc\x86,7?I\xb6s[\xf9P\xc3\xc9\xa1Q\x06\x17\xc7\xf9H\xb3~\x91$\xeaK\xbf"Y\x7f]\xe3\xbfo\xcd\x19\xc1\xea\x0f\xe7\xf6]\xed\x81\x97\xe9+\x98\xfd:\x06\xb6\xb4\r\xfan\x8cC\xde\xa6\xf9\xc2Q\x8d\xaa\xd48W\xe0\x1a\xf5\x0f\xb1\x0e\x93L\\\xe1\xb1\x02\xb2F\x85\x08\xe1Q\xbd\x15\x14\xe5\xe4\xd9\xe8$\x1b\xd4\x06\x7f\x939\xdd,\x83\x95\x95v\xc0\x16\x0f\xbd\xe826\x19\xf7\xcfc\x93\xbc/\x0eW\xe3\xa1\xcf=\xfd\xf4sz3\xee\xb1e\xd3\xa6-\xba\x89\xf0\xdf\\]\xfep\xcd\xf3\xfa\xa5k\xfeo\xc91\xff\'\x95\xeb\xd6\xaf&\xa5\xfa\xe0\xb2\xb9\x0f\x96\xbf\xf0\xf6\xfe\xb5\xcf\xba\xbd\xadO~\xf0w`P:\x8f$\x19t@8\xea\xa7EX\x9e\xb1\xeeSk\x1c\xf8\x19\xb4\x8f\x07\xf1w\xac\x8f\x90\xc2-(\xcdm\x8f\xa0 \x06\xcc\x91\x91]K;h\x8b\x8c\x8d$\x00\x1e\xf5Q\x02~I\xbf\xfe\x1ek\xc7I\x88\x90\\\xfa\xcd\xca\xebH\xbf\x84\xed\x18\xad\xfc\xa6t\xd6\x0f\x8f\xe9\x7f\xd0\x97\xe0\n|w\xc5\x0f\xc2\xd43\xf7M\xd1\x8f\xea\x7f\xd3\xcf\xeaG\xa7\xdcwj\xf8p\xbc\x1b\x03%\xf0\xee\xdb\x99\x0c\xd3q\xa1\x86\x00\x1e{k\x1eT\xa3\x00\x06\xed2\xb1\xabH\x08\xb7\xa4\xa3(\x85w\xb2(\x0e\xe4\xd0@\x1a\xd8\x9a\x03\x85.\x86\xb0\x80\xedK\x8cc\xc7\x14\x8c\xab/\x83\x16\x8c\xd5?\xd7[\xf5\x1ch\xe7\x00\xde\xaa\xcf\xd0\xf3\xf4"!\xf5\xda"\x1c\x86{\xe3\x9e8\xf4\x05}\x9b\xbe\\\x7fT\xdf\xcat2\xa5\xe3:h\xdfD[\x17kxR\x83V\xc85\xfc\x1fT\x01+\x12\xf8\xa7|`D\xbd\xa5\x83^i\x07b-\xd0:\xf3=\x03\xfb1\xae\xc1\x1fA\x8e\xfa\xb3\xc8\x95\xf6\xc1\xd4\xb5\xcc\xad\xf7\x7fY\xdfQ\xbf\x0f\xeaWP\x8a\xe6\x0c\xd4\xcf\xff\x01\x0c\x07\xab\\5*7\xbaE\xab\xb6\x99\xbaV\xed;\xc6M\xf2\x97\x93<\x7f\xc3qZ\xeb\xf0z\x7f\x7f\x14\xa0%\xf5\x9d\xa2Q\x96\xe6EB$\xae\xe1"kd\xe73\x8e}\x9e\x1a\xeb&y}\x0cAQ\x8e\xbe|FX\xb8\xc9\x0e\xceu[\xfb\x85\xf6\x96\x0e\x9a\xea\xa7\x99JKd9\x03P5\x01*\xf2\xa1]\xe9\xcb\xbf\xa7\x1f"\xce\x05\xfa\xd7\xb5\xfa\xb3\xfa\x02\xbc\x0eO\xd9\x8c\xa5\xb2\xf2\xf6u\xfaE\xfd\x07\xec\xc2\xce\xfb\xf7\x9e\xc1\x9b^\xf0/\xbb{<\xde\x8eg\xe39x\xfb\xf0\xdc\x8f\xef+\xd4\xff\xa4\xffE\xff\xab\xfe\xa7\xc4`\xdf\xe9\x98\x1f\xe0\xb6\xa7\xe6\x96k\xc8\x1fx\xb4B\x15\xa1\xe3\xc2\x00\x05\x07Q\xdb\xce<\x88\xec\x0bPH;\x90\xc70\xdbe\x02\xc9\xb1\xe3\xe4?\x8e\x1f\xf7\xc7C\xff\xfd;I\xf1\xd5\x1e\x14\xcb\x81\xbaq5\xcb#\xf4~\r\xbdBhu,\xb9eg\xa3,,\xd2f\xb9\x07\xacY\xd2\x04#\xb1U%\xec\x16DZ;\xd4\n\xf5]\x05O\x14_\xdf\xaa\x97\xb2zL(Gs\x99\x08\x92j\x84\x06\xb4\xc2,\xc8bV\x00\xc4\x1b\xea\xbc\xc0l\x048*\x14\x87\xb4n\x8bf\xc9\xb3\x14Z\xaa,\xbb-\xacn\xbb\x18\x88\t\x8f\x1d?\xf9\xe5\x9dC*\xe6@C\xd5\xfaO\x97\xeb\xb7\xbe\xdb\x81\x93Y,_\xf0\xa3\xd6Mv\x80\xc7"9D6\x11#\xa09sdp>8\xf4\x8a"\xd2I\x1d2\x05\xc2\x14\x9c\xd4A\x11\x15\x9c\xc6a\x18\xff\xa02\xa4.\xcc\x01\x99\xa3\xcap\xb3\x9b`\x9e(r\x08\xe9&t\x93\xfb\x93~B_\xf9v\x92+\xdc&\x8f\'\xd3\xc9B\xb2HXE\xd6\x08U\xf2\x16\xf2\x94\xfc\r\xf1\x80\x8e\x14\x141\x92\x0b\x97\x04\xd0\xccR\x18\xd7M\xe8!v\x97\xfa\xf1\xfd\x84~b\xa6\x94f\xbe\x95\xd3\xf8a\x82&j\x92f\x9e\xca\x15B\x041]Z$\x94\x9b\xd7q\xeb\x84\rb\x95Te\xde\xc1=->-\x1d\xe2\xfe(\x1d\xe1\x8eH\x1fs\x1fI\xdfr\xdf\xf1\xdf\n\xff)\xfe\xc2]\x11~\x15{N~\x10M~\x90\xce&\xa1\x13\x140\xa3\xea.\xcc\xfb#\xb9\x08\xfdg\x7f\x06\xa5\xedZ\xb2\xc8?\xbc\xfdK\xf2g\x7f\x1f\xd4!7\x14O\x02x\x8df&48\x8a\x1b\x88x\x9a\xb32\xc6K\xd24%M\xca\x93\x96s\xcby\xde`\x1a\x10\xc4\xe3\xe4\xe3\xf6\xfb\x00\xe5g\xea\x8d:\xc4X\xa8\xc3\x8c\xde\xd2\xfa\x06\xa6M`"\xd3\x03G\x14\xd5\x98A\x11\x9c\x7f\xf1\x8al\x02k\x04\xa6HP\xc5(~\xb0\nx\xa7\xb30\xda\xa9\xb6\xbeq\x1eF\xd0\xfc\x04\xcd\x11`\xbe\xdcJ1\x9f\xcfQ\x13\xa4\x10\xd5C\xdc\x92KM"I\x92WJR\xbdj_)S\x9dI\x1e&K\xa5\xc5\xear\xb2RZ\xa9n$!<6q.\x1c\xc9\xf9pO.Y\xee\xa6\xf4\xc5\xd9\\\xbe\\\xa0\x94\xc8\xb3\x94\x85\xf2b\xd0\x83Op5\xf8)\xce\xcdb\xa9.3;\x8e\xe1^\xf8\x11\xbc\x0c\xf7:\xa2/k\xd5\x97\xb5\x08g\xdae\xee\xca\xd5\x1eBl;\xe2\xd1\xd5\xcf;\xf8,\x83\xe9\x9d\xc5Z\x8c\xe4\xa0y6\x07\xf8\x199\xd0Y\xe8\xaa b\x89D\xf1\xfd\xa4\x80\x0ej7R\xa9\xa9ld\xb2\x93\xbb\x18W\xc5R\x95\xa4\xa5\xf5#\x03\xa4\xe1\xe4vi&)\x95\x96\x13I\xc4\x8a\xe8\xc1\x11b.\x1e!N\xc0\x13\xc5\x12<S\\,\xae\xc6\x8f\x8b5x\x87\xb8\xdbdgP\xb3\x91S\x06\xb2\x9dlm\xd1/\xf9g\x01\xb4\xd7b\xf9\xcf\xaf\xf6\xe0?\xbf\x16\x0b\xfa?0\xbf\xb1#\x87W\xe3D5F\x0e/\xdc\x96\xc1\x85{\xeca\x0c\xbc.9<\xaa\xa2\x8c9 \xc9\x86\xbab\xbf\\\xf2y\xdd\x8f\xb9\xf3\xe71\xd6\xaf\x9f\xc7\x03\xf1C\xfa\x1a\xfd}\xfd\x08\xcd\xb1\n\xa3\xf4F\xfd+\xfdk\xbd\x11\x0f\xc7\x118\x12\x0f\xdf\xa3\xdf\xa3\xef\xa2\xd1\x0e\xde\x03\xf11D\xc8A[\xc4?\xc1l\x91\x0b\r\xd4\xc2\xc0\x0eQs\xe4\xb4\xab2\xe1\xa95\x1a\xe2\xa0\xe6\xc8mh-\x83-X\x16O3\xd9<\xb1\x9e!\x9e\xfb<\xafx\x04f\x97:\xec7\x0f\x96\xbb\x07 \x00W\xebO\xec\xd8\xf1\x84>\x00\x7fp\x8dBxM?.\xa4\xfa\xff\xbc\xb9\xb2b\xf3\x0b_\x9e\xfb\xe4\x0b\xff^\x8a\x0b\xfdJ\x00\x17\xd1h\xac\xd6\xdda\'6l\xb6\x98\xad\xd8b1\xe7\xd8b\xcc\x0c9a\x80\x1cK\x8c%\xd2\x06\xdenx$CQL\x90\x82TC\xd8[\x18\xa2\xb2\xba8P\xb0\xb3L^\x17\xd4\xb9\x8c\xa1\x89N\x04\x92\x1b\x108\x04\xab\x97?\x89\xf3\xd9\r\xfc\xe1A\x14\x9f\x7f\xf9g4^\xfd\xb3\xfe\xc9\x8f\x10\xb3<\x8f\x8b(\x12\x19R\xdb\xf5\rA\xbb>\x0ep\xe9BQh\xbf\x96\t~\x1e\xa7\x8a\x0e\x1a\xf0\xd0\xa9{9"\x8f<\x1c\xef\xa9Q\xdc5\x96\x15&^\x109\x07\xf8H!VA\r\x0f\xe7\x1dC\xdcj\x94\x99\x8ff\x88n\xa1\x98v\x18\xb6?\x9b\xa2\xdb\x99\xe5\xbc\xa9s\xc6\xd8\x91\x16\xc3\\\xc1%., \x01\x0b\xe0\xfcI\xbc\x07y\xb0\x9b\x84p\xa1|"J\xc4\x89$\x89K\x16\x93\xa4$9I\xf1\xc6\xf4\xc3\xfdH.\xce%3\x84\x05\xfc\x02a\x91k\x8d\xb8FzR|R\x8a\x9d\xccR}\xa1.:\xba\xda\x83\r\x92{\xa9\x1b\xd6AV\xee\x89[\x97\x0e>y\xf6\xad\x91\xeb\x1e:\x7f\x1c\x7f\x80Q\xfb*\xffZ}sM\xcdf\xd2\x1c\xb2\xf1Q}\x06^\xb6u\xaa\x7f\xadp\xe6\xa3\xbf=q\x98\x8c\xf1_\xac\\\xb5j5\x95I\x9a\xaf~\x16\xe8\x9b\x8c\x1e\xd5\xb2-fb5\x91\x98\xd8\x18Y!\x92JbccrTSL,\xef\xc1\xc8\xf3\x8c{KX\x8d\x83\xafA[\x12\xc19\xeb\x16\xa3\x9ab#%\x14\x1f\x19n\xed%\x85\xbb\xe3\xbb\xd9\xcf\xb7\x00\xc1/\xd0\x88\xc5\xb0G\x97\x03\x03\x9f\xefw\xa8\xa8\xae\xe3lt`\r\x9c\xa3\xc9\x87bSRS\xc6\xa4p\x86/\xc7\x12\x05\xb1\xbf\x91\xd4L\xc5\xc1\xec\t?|\xde\x89\xfb\x9e\x7fu\xd1\x0bK\xbe\xf8X\xffD\xfff\xd6\x8f\xcb\x97\xb6\xcd\xfdCs\xe5\x8e\xa5_\x1c\xc7\xa1\xff\x98\xf9wa\xcf\x91\xfe\xfd\x96/\x9cV\x12\x1b\xde\xe3\xec\xa1\xb3\x9f\xa5\xa5~8,w\xcd\xa3s\x1e\x8e\r\xeb\xf5\xf6K\xef_H\xa26\xf6*\xc8\x15\x9d\xb7 \xa1\x91\x9aU4\x94\xb9\x06\xee\x8f&\xc8\xf6\xd3\x17\xda/09JO\xc3w4\xa84\xbf$\xb3\xfc\x92\x8c\xe4`~\xc9\x85\x94Xd\x07\x15\x12+\xd9\x15M)Wv+\xcad.0\xf2!\xf2?\xfa/\xb6\xfa/\x82\x83t\xf5\x0c\xcd.at\x00tJ\n\xb4\xe7@\x9a\x16"\x13\x87\t\t5\xd6\xf5\nZ\xe1\x94\xa3\xd4\x01`Qouv\x9au6\x04f(\x98\xf4\x80\x97\t\x81l\xac\xab\xca\xb5\xdb\xc5Q\xb3b\x84p\xa0\xc8\x0cI9\xd0\xba\xef\xbdw\xf7\xb5\xea\x9f\x82 |\xa5\x7f\n\xcaw\xc1\xa5S\xa7.q\xeb\xda\xef\xd5\xcf\xeb\x1f\xe1\xee8\x81\xc2\x10\x8c\x8dD\xf4\x9a\x96\xccS;\xcf9\x08gXz\x8e~\xeb\xe1\xc0\x18\xe5p<~\x05\xd1\x00\x08\t\xe0\x11\x06\xe3\x1fP\xc2\xbfcg\xf2d\xca\xe3S\x11\xd7\x9d\xbb\x9d\xbf]\x98\xc4=\xc2\xad\xe2$\x11ID\xe6\xa9>v\x93\x08>B\xe8\x8e\x92p\x12I\xe1S\x84D\xd1+\x0f@\x198\x83d\xf3\xd9B\x7fq8\x1a\x86\x87\x91\x11\xfc\x08\xe1v\xb1\x00\xe5\x8b\xa5d&?SX\x82\x16BX\xb4\x98_,,\x10\x97\xcbO\xa2mb\n\xc8@\x1c\x9d\xfb\x99\x81\xc9H\xff\xfb\xa7\xf0Y\xfc\xf7\xbf\xfa\x8f\x82\xee\x0e\xe5\xbf\x03\xc7\t\xa3\xa1\x08I/P\xdb\x8a\x97j#\x84\x08Q\x00{\xcaG\xa8\n\x17\xa1\x9aT\x12\x81\xe9l\n\x91\x9a\\\x90w!`r\xcd\xf0\xb4\x03!s\x8e\n.\x8e\x08v\xc8$\x9bM\xaa"\x1b\xf3FL\x12\xb2\xd8O\x07f\x8dtL\xe2\xbe\x19\t\x1d\xc7\x8e\x10\x101\xdb\xfb\x93HD\x81\xa8\xe0W\xa9N\xb5\x9b\x90\x00Vw0\x19,\xf4U\xd3\xd4Q\xe4N!G\xd5\xd4\x022\x8b\xdc/LW\x0b\xd5\xa5d\x19yXX&,W\xb7\x92\x1a!ZB\n\x01\x0f\x80\x17\x05\xfa\xf1\r\x96x\xe0=IA\n\xaf\xaafd\x8d\xe0<\xbcG\x0e7\xdb\xad^>N\xf0\x8a^\xc9+\xfb\x94\x045\xd1\xe4\xb5z\xad\xd9d \x97\xc9g\x08ir?%\xcb4\xc4\x9cf\xcdE\xb9x$a>\x93\x90\x03\x067G\xd6dM\x19\xaa\xdei\xd6\xac\x9au"\x01\x1bo\xce\xb3\x96\x92\xe9\\\x11?U(\x14\x0b\xa5B\xb9X)V\x8bM\x8b\x80\x0eK\xc9C\xdc"~\xbe\xb0X\\,-\x92\xcb\xe5\x87\xcc\xcb\xcc\xcb\xac\x15\xa4\x92[\xc3\xaf\x15V+\x8f\x9b\xaa\xac\xdb\xf8\xdd\xd6W\xac\xf7P\x0bKID\xa9\xe4S\xb0o\xe8\tP\xd3Y_\xd2\x9f\x93\xfaZ\x1dt\xf7\xbb:P\xcc\xc9_\xa4;\xf8\x07\xf6\xab\x97\x8c\xf1\xcf\x0e\xbf\xbcT\x13-\xbc\x88T3\xb0\xdey\x88q\x0e.G\xcbT2\x19$\x93y\xa0\x94\x0eiw4\xe4\xe4M\xd4\xdc\xccMU\x1c@]\xe6\xab\x02!A\xac\x8c)\xd8\xc6\x7f\xcd\r\xb7$$+\xbc\x84\xe8\xe4bLTN\xc46\xf8W\x10\x00\x93\x02\x89W\x9c\xc5\xf3\xf0\x82\xb3\xba\x97\xa0\xb3\xfa\xbdz\xc1\xdf\x89\'0\xf5(\xa3\xfd\nY\xea_\xcdES\x9d\xd1\x0e:\xe3\x1bf\x8b\xb7h\xdd\x02\xde1&\x02=p\x04\xe8C\x19I\xce\xa1\xce\x8cH$^\x13@\x9bH\n\xd3&\xce\x7f-BH\xa5\xec\x92-\x107\xc9$i$\r(\x97K4\xa2\t\x9a|\x17\xb9K\xb8K.!\x8f\x91jb\x0f\xc1\x11\\\xac\x9a\x84S\xb8\xfex\x00\xa7\xa9\x10\xb3r\x0fq\xe5\xean\x95\x0e\x88p\x0c\xebt\xd6\xf2Y\xbc\x0b?u\xd6\x7f\xa9\x15z\xb1\x83\x94\xb6\xff\x04Q\xe0Q\xc3\x87\xbd\x17\xf0\x1c\xcb|\xb0\x8dZ$\xf3?e\x9at\xcf\x91A\x03r5\x02\xb0\x1c\xce\xe1\x91\xa8\xd2,\x1b\xcd/\xa9l\xf8C4\x86\xe6.8:\xc2\xdd\x1b\xb3\xf0\x9a\x06|.\x85I)\xe0^\x1a.\xd9pY\x118\x93\x8cL!\\\x84l7\xa5\x9a2\xb9,y\x88\xe9vn\xa4<\xc64\x9e+\x90K\xb9\x99r\x99i\x11\xf7\x90\xbc\xcc\xb4\xdb\x14\x12H\xce\xd3\x01:\x1c7\x8f\xafi\xcf\xe3\x8e^\xbb\x85kh\x9f.\x9c\xd9q\xad\xac~\x07\xbf\xa9c\xbc\x7f\xa2\xe8\x06\xbd=H\xb3\xf1u\xe2\x01R\x87\xf6C\xe8\xca\xddF\'\xcf\x072\x83,.\xea:\xa9\x80i\xd4\xf6\x13\xe9l\\\xf92K\x88\xd2|n\\\x03\xde{\xe9\x92\x0e\xf5U\xfd\xda^\xc5\xea\xbfa,\x18t\x06\\\x89\xe0\x00?\xf8\xbf\x19\x0b\x06\xe7\x05\xd7\xb3\xc1`:\x16,V\xd3\xba\x8e\xb2\xb9\x02\x14\xd64\xcd\xce\xd5\xe1\x03\x02\x85\x15\xdd\xc6\x8b\x81\xa9q6c\n\x16\x9d\xf5\xc0f_\xb1\xa9q\x0c@\x0c\xa10\x04\x85\x99\xa4L\x9f\xf8\xe3\x8f\xa2\xfb\xca\x7fT\x89|\x15\xcd\xd7r{\x85sL\x87\x87i*\xa8j\xb4B\xe20\xf0\xfc\xf9\x13\x0c\xaa\x13\xc0c\x01\xa6\xe6\x9aI\xec1}\xb8>\xfc\x18\x01\x82\xfbO\xe1u\xfa\x02\xd2\x8b\xf2q\x9b\x1e\xcd\xbb\xf5\x97\xa1\x8f\xb6?\xa2:\xd0\xfb\xbc\x9d\xe6\x12\xe8<F@?\xef\xbe\xf67\xfd\xe5\xaa*\x83_\xea\xf9Kd\xadX\n\xcf\xf6\xd1\x14|\x10\xbd\xcasC1o?\x1f\x98\xa1\x11\xc8BZY\xda\x91giG\x1e6#\xedH\xa1\xc0e8b\xbb~X,\xd5\x1f\xc7\x0b\xa1\x9b\x819\xf9\xa0\x13\x13Q\xb3\x96\x1c\x1ek\nU\xac\xa8.Tl\xb2:\xbc\x15\xb1\x87\xe9\xd4Z\xc7\xfaP3\n\xe5\xc2,\x8al\x8a\xe5d\xf7\xb0$@\xca\x89\xd3\xa0\x7f\r\xfe\x03o\xb2\xfd2\x9d\tD\xf3\xbe\x0e\xeaxis\xd2\xa2\xd3b\xd2b\xd3\xbciqi\xf1C\x92\xb5h-F\x8b\xd5\xbcZ\x9c\x16\x9f\x17\x9d\x17\x93\x17\x9b\xe7\xcd\x8b\xcb\x8b\xcfK.O^\x1d]\x19S\x19[\xe9\xad\x8c[\x1d\xbf1\xb96\xf9RrL\xf0\xd5\xe0K\xc1\x17\nc\nc\x0b\xbd\x85q\xe51\xe5\xb1\xe5\xde\xf2\xb8\xe51\xcbc\x97{\x97\xc7\x85u\x1d+\xbb\x05\xf7\x07Bu$R\xe3nH-\x937?}yE\xd9\xf6\xa6\xc6\xc6!\xcdk^n\xf5_\xc3\xe4\xc5m\x85\x87\xc6\x95\xbc9\xe9\x7f]"\x19\xa5K\xa7\xce;{0e\x94\x7fE}i\xd1;\xcf\xbe\xf1\xb6s\xd9\xba\xde\xbd\xeb\x93\x93\xdb\xd9<T\xc0\xd5\x1e\xe0\x1f\x13\xf8\xab\x03\xb4p\xae\xc9lS\x9a\xc2<\xebm\x8d\x91\xdb\xc2\x91\xd3y{\x98Y\x94#r\x99O\x9a~\x99\xe5\x16.\xd0\x91\xa8\xf7/\xa6\x1d*\x8cY\x1eS\x1b\xc3\x01\x9c\xc1\xf1\x17:w\x96\r\xe6\x05&\xd5R\t\xe0\xbezq\xf3\xe6\x17\xe9\xee\xdf0p\xff\xd2\x13\xe8\xfa\xf5\x13K\xf7\x0flj"\xa9\xad\xdf|\xd3\n;\x19[\\\xa47\xebW`k.*\xde\x0b\xd0\xe0\xe0wR(\x1c\r\xd1"Q\x05^\xc3[+,k\xd4&\x07\xdf\x14\xdaH\x13wN\x0b\x1a\xee\x1e\x16ao\xbf\x10L\xdc\xd9iJ\xfe\x1f\x17iX\x12i\x8f\\\x1e\xb91\xb26R\xc0]\x9c\xbe\x8c@\x02/>\x90\xc0\xe3\xbe\x19\xfdt\xde\xab\xef\xbf\xffj\xde\xd3\xa3\xef|~\xb2\x1f\xbc\x98^X\x1c\xff,\x9f\xf9r\x8f\x1e_\x9e<\xf9e\x8f\x1e\xf5\t\t\xd0!+v\xe2\x81>\x16+\xd1\xf9\xe6\x93\x00B\xbb\x81\xaf\x88&du7\t\xf2zk#\xde\x06\xee6\x92\xc9\xed\x0e\xa7iX4\x13\xb1\xf4\xf4\x0e|\xb5\xdc\x80/\x9a\xe6\xc9\x0cLF\x86\xc8$\xa4k\xbe\x9c{\xb6\xb1q\xe0\xfe\x87[\xaf\xa3\xeb\xad\x0f\xef\xf7\x1f\x05\xcc\xed\xdd\x0b\xd8\xe3\x0e\x91)\xbf\xb6\xed-.\xc2C\xb1\x0c\xdb\xd0"\xdd\x13@`\x00\xaee\x80/7\x8aD\xe5Z\x02\xf8\xffJ\x85\xbcF\xf0\xd4a\xa1\xc9\x8c_\x0fkr6\x9a\xd7GEz\x88\xec\x91\xd1\x1d\xc4i\x1b\x16\xc5@l\tL"\xbc\xdcf\x0c\xde^6\xc6\xe1R\x86D\x97G\xd7F\x7f\x18})Z\x18\x82\x86\xe0!d\x88gH\xa4\xd0SJ\x95S\x95\x9ej\x19*\xc3e\xa4\xccS\x16\xa9L~\x90\xa28\x8e9\xd1\x9d\xe9Q`\x01\x89\xa1]\xe2\x97\xb5\x1f0\x9f|m\xd6\xd1\xa9\xd3>\xbc_\xbf\xac\x1f\xc5)\xed_`\xa9\x91<\xbffG\x93\x95L\x99\xf4\xe6\xd1\xbe}\xf7u\xef\x89\x07`\x15\xbb\xf0m\xfa\'-\xdb\x0e\xee\xdbE\xf5B* \xfc\n\xe0\xda\x85\n\xb4(\xc1\x8e\xcdr\x9d\x88+\xd16\xab\xd8\xac\x12\x97\x84$E\x90-6\xd3(7\xd5s*U\xca&C)[Y\x99M9ni\xcfniq\x1a\xd3\x8e\xd3\xe98[\xba\x939\xba\x9a\'\xcfS\xeb\xa1!\x01\x00\x19\x8d\r\xa7\xda\x97\x99A\xc5\x8b\\i\x98v\'N\xd5\xff\xd2\xd4\xd0\xb0\xef\r\xd1\xbd=o\xc6\xb4\xaa\xf6T\xee/U\xa3_\x7f\x89\xe2Z\xcf\xe7\'\xb1\xef;\xba\x81g\xef\x0b7G+\xce\nWH\x93\x8dkJ\xf25&7+M\xb67"\xa2\x93\xc2\x91l\xbe]t:\xbd\xc3R\xd8\xf8\xad\xc1\x0e-\x17\x0c\x86\xd0\xcf\xb0\x91\x17\xe0\x8a\xee\xcb\xbb\xd7v\xbfI\x8aB\xed\xa436\xb9\x05w\x9d\xb7\x9e\x99\xc1=\xfb|\xcd\x96\xe7\x9f\xdfR\xf3|\xa3\xae_-z\xf9\xae\xbbv\x8d\xfd\xe3\xc1\xac\x03\x0f\xff\xa9\xbd\xfdO\x0f\x1f\xc8j$\xb7|p\xfe\xfc\x07G\xcf\x9f\xff^\xffB\xff.:\xe6\xd5\x9e\xdd\xdfx\xeb\x9eiS\xc1E\xa2\xa3\xdd\x03\xa7N\xab\x0f~\xabT\xcc\xf0\xdb\x17$_A\x9c\x15\x8b\x95VG\xa3y\x9b\x8a\xc1\xd7\x18Mu\xa31\x1f\x9d\t~6\x1d\x82\xa6\xf3\xbf\xd2\x0e\x14zX\x1e\xda\xe70@f\xdf\xa30]\xc4\x177>\xfcp\xcd\xcbMM9\xaf.x\xe7}\xb2\xc7\x7f/\xd9\xb5{\xd7\x9b{\xfc\x95\xa2\xdb\xbf\xab\xa4\xf8G\xf6}\x0c4\xbe\x18\xda\xa5c\x8a= 2z\x93\xdf\x8f\x9a\x89\x80e\x1e\xe5v\x8c\xad^h\xa7\t\x06{\xc7\xdcm\x81\xe5\xba\xd8P\xeb;\x8d\xf0\x8f~0%\xba\xbf\x83\xfa\xae\x9f\xd3\xf3Y}&dCC\xb5(\x13\x91\x90\xf5M\xb3T)\xbc\x81\x9a\xcd\xfb\xed\xb2]\x10\xc7X\xe8W\x94\xb9vV\xfb\x85,g\xe7\x18:#\x024\xe4\xd0\x1cy\x8eBG\xb9\xc3h\xc8\x1d\xccg\x1a\r>\xf7\xc7\xdc>3G\xb1V\xd7\x7f\xf4\xf6\xce\xa2\xedb\xb7\xef:\xbe\xf7\xda\tm\xab`iR~?\xaf\xd9\x8c\xb6\x05\x13\x9b2\xca\xbd1\xb1y\xe1w\x13\x9bv6\xcas\x1fOT9\x84$\x93\x14\xa1\x87\x9cO\xc0\x83\x96\xe7\x91E\xc2J\xb2V\xd8 W\x93\xad\xc26\xf99\xe2\xa4\xd9Lb\xe2T\xa9\x1b\x97\xcc\xd3\\f\x0fI3\xcf\xe0\n\xcdk\xb9\xd5\xe0A?!VI;\xb8mR=\xf7\xa2pH:"}$\xfd\xc2]\xe2~\xe1/\xf1\x114K\xd9\xf1\xc9\x1b\xfbv1\xf1{\xff>r\xff%\xff\xd1&\xd1\xdd>\x13\x7f\xe9\xbf\xec\x7f\x99\xf8\xfc\x9f@\x7f;i\x17\xff\x1a\xdaFho:\xe6\xbbi\x16\xbb\x10\x9cKyI\x10\r\x82\x01\xb1D\xf7\xafm\x01\\I\xd1 7\xf1h\x92\x96$:\x950\x1b\x12\xa3%\x8f\xb92\xda\xcb5F6\x87\xdb%\xe4\xb0\xc9\xb2\x98\xe7\x90myQa`v|,\x15\xd2\xde\xdef\x8c\xbafg_\xb8\xcc\x12\x92\x94\t5WZB^By\xc2\xc6\x84Z\xd8\xdeJ\xf84\xe1z\x82\x02\\i\x0c\xb7v\xe5\xcdN&\xf5\x18L\x9a2\xec\xed\x95\xaf\xbc\xd94wA\xd5\x0bMs\x17=\xf1BS\xd3\x90\x86\xc5K^\xe2\xd6>\xbc\xf0\x1f_P\x96}f\'eY\xb2\xeb\xd9\xa7\xdez\xce_\xc9\x17\xee\x9b>\xf5\xe1\xce\xef\x0f\x8b\xa1\x0f.\xd4\xefF\x99i\xfem\x99\xb9\x10\x94\x99\x83\x85\x9e?{\xc8\xcdR\xe3\xf9o\xa4\x06\x9a\xa6BC\x82\xdf\x03\xb2|\xe1H\xcd%69Q\x93\xb9\x91\xe6\x0b\x9d\xb6\xbb8\xa7g\xd8Ms\xfe4\xdf\x90\xf0\xa5h\xa9\xb8LZ&/S\x96\xa9\xcbLK\xcd\xcb,\xcb\xac\xcbl\xcb\xec\xcb\x1cK\x9d\xb5\xe1\x97\xc2\x1d7\xce\xc6\xb9aj\xe0\xbc\xc0\xc7e\xd5\xc1\x0f\xcb~\xc4\x8e\xce\xcf\xcavv|R\x96\x05:\xdb\x8d\x070\xdb\x18\xf8\x0e\x90\xd9\xc6\xc1Zd\xd066Z\xd7\xe37\xb8\xe6h\xb0\x8b\xb73\x0b\xd9\xc5\x9b\xb0_\xb8\x104\x8f\x9ab\xd8\xc7\xcfbx<9\xb1\x039\x01W\xe2\x06\x17c^SS\xa7\'A\x06\x04\xfd\x8b\xbd\xfe}\xa2Z\xdf\xc5\x97\xc0\xdf\x07\r\xa4a\xbb;\xf46\x83/\xe8\xeb4\xda\xd6G\xbe\x11\xde\x1c\xcd<\x9d\xdb\xe97F\x9d\xd6;\x08\xdf\xfb7\xc1\xf7O\x03\xdc\x01CN\x07\xb8}85h\xb3\xc9\xbcNK>\xb0\xb1\xb1\xc3\xe3\xf1\xef\xebb\xc6\x8b\xeb\x7f\xfd9\xc8[\xdcH\x80\xcf\x01\xbe\xbc[4\x814\x98\xb8Jk\xa3\xd2,\xa9"\x84~\xb9NjF\x98n\x04\xbb}\xfa\x045\xd4\x07\xf3\\\xbb]\x94\xab\x0c\x1f\xa7\x93\xa5B\xb9\x91\xb1#z\xee|\x110ux\xb5\xabw\x14w\xd0\xe9h}\xd3\x7f\x00\x18\xaat\x9a \xb0\xf6\xca\xc0\xc7:\n\xed%\xa3o\x02y\xb9\xbb\x03i\xb9\xbb;\xd3r\xe0{\xad\xe5\xdd\x15\x9e\xb5a\xd4\xf7Jl\xec\xcc\xcb\x8d\x8d\x94\xad\x92\xec\x8e\x1f\xd6\x8d\xc2u\xfa\x86\xbc\x1c\xd8\xb7\x7fPg\xccyc^.\x98\x96C\xc9T\xb1\xcd\x8eR\xa3LQ\xe6\xde\xe0P\xf44\xf54\x0fR\x06\xa9\x83L\x83\xcc&/\xf2\xe2\x04\xd2M\xedf\xea\xeeJu\xa7z\xba\x87t\x8b\xe9\x16\x9b\xe2M\x89KH\xaeP+L\x15\xe6\n\x8b\x93\xf6\x80\x10Q\x15M\x9c\x99\xb3pV\xce\xc6\xd9\xb9p.\x82\x8b\xe4\xa2\xf8h%95eH\xca})\xcbR\x96\xa7lL\xa9M\xb9\x94\x12\x06\xd1\xdf\x837\'\x00E\xdf?\'\x00\xe9<\x05n\xdd\xe8\xbd\x93\xd6\xae\x9d\xbaeH\xcb\xf3\xbf\xfcm\xd2{\x0f\x94\xbe_\xb4r}\xc9K\xdaKO~\xf6\xa7\xd2\x83\xfc\x90}\xdd\xba\x8d\x1b\xa7\x8d\x88\xb3v\xdf\xbev\xe7!\x9f\xef\xcd\xcc\xcc\x82\xbb\xee\xc8K\xb4%\xd4\xac\xdc\xf5r`\xdeY\x7f`\xba\x9f\x84]\xa0+\xc0S\xb4\n\xb2\x8d\xabC\x0e\xdc,W\xaa&\xc02H\x82\xddi\xa5\xba\x829)\xe9\x81\xb0\xd7\x98\xc0\x086\xf6\x15\xc3\xc6R\xcf\x84~b\xe9\xa1\xbe?\xf5P\x1cx\x11^\xaa\xaf\xbec\xde\x1bo\x9cy\xb6\xb2R\xd8\xa5\xbf[\xe5\xaf];z\xc7\xee\xbf\x92\xc2*<\xd8\xe0\xf5}\xa0/&2=\xe5\x86(6\xaaSS\xadWq\xb3\xbb\xd1\x0cz\xcam\x1a\r\x1a+\xd7C\x99=\xcb\xe0\xab\x0b\xe9\x1d\xea\xaa\xcc\xf36UW.G\x97L` \x04\xc1\xfb\xa8\xba\xfaCc\xe3m\xfb\x17\xbc\xf3\x01\xfe3>L^\xf0\x17\xed\xde\xfd\xe6\x1e\xb2\xf4Z\xed\xcb\xa5\xd3.q{\x03\xf9\x16\xba\xb6\x01\xc4\x91\xd7\xb4\xe4\x9bs\x19"\x12i.C\xa4\xb9\x8c\xb7h\x9a\x90`\x81G\x12\x9d5\xacv\x89\xaf\xdd\xe3\xe8\x1c\xde\x8e\xf8\xfa\xbfI\x14bm\xc3p2\x8b\xd0<W\x05YN6\x91=D\xa6\r)\x9c\xc2r\xe2\x11\\\x04\x9f\x84hr#\x85\xf7\xca\x99(\x13\x0f\xe4\x06\xf2i2\xcd]\x8d\xe0F\xf0\xb9\xc2pQ\x93\xf3Q>.\xe0\n\xf8<\xb9\x14\x95\xe2\x99\xdcL~\xba0C,\x94\x17\xa0\xf9x)\xb7\x94_ ,\x11W\xa3\xd5x-\xb7\x16,k\x85\xb8\x15m\xc5\xdb\xc8\x0e\xeeI\xfeIa\x9b\xb8WxQl\x90\xdf\x96?\x95\xaf\xcb\x83\x83\xb9*\xec\xbb\xe5=<\x05OyO\xbf\xf7*_\xd8>\x8e{\x99}\xd0\x8eQ>\xa0 \x93~\x13\x8d\xbf\xd7F\x08\xe3\x8d|\xe2xU\xe1\xc6\xd3|\xe2\xf8\x7f+\x9f\xf8\xd6o\xe4\x13)\x16\xefhp\xd0\xf9:\xce\x8e\x99;&\x03\x91\x14\xb3\xd8\xf88\xcb\x12\x98\xda\x13\xc4\xef\xff8\r\x89\xb5\xeb\x02\t!!B\xbc\x9a\xa9\x8e #\x84\\US\xef!\xf7\x08\xe3\xd5<u\x0e\x99#\x94\xaa\x8b\x81\x1a\x8b\x85eB%\xd9N\x9e\x14\xb6\xa8\xcd\xa4Y\xf8\x139\xca\xfdY\x88\x16\x88\xc2\x89\xbcIPe\x93\x02\x07\xb3\x87\x84s!|\x84\x10)G*n\x93\xc7LG/|$\x99\x8b\xe3\x13\x85x1^J\x94\x93\x95\x045\xce\xe43gq\xfd\xf8~r\x16\xcd;\x92\xe1\\.\xaf\xf19\xc6X\xad<T\x19\xaa\x0e5\xd1\x9c#\xa5c>\xc9\xe3\xef\x12\xc6\x8ac\xa5<\xf9ne\x9c:\xde4\r\x15\xe3\x122\x8b+\xe1g\t\xb3\xc4Y\xd2\x1c\xa5\xc84\xdd\\f]\x80\x16\xe0\xc5\xe4\x11\xee!\xfe\x11\xa0\xef2q\x89\xb4LzH^\xac,S\x96\xaa\x0bM\x8f\x98+\xe9\xe8\xb1u\x1b\xda\x86\xb7\x90jn\'\xff\x94@GM\xb6\xcbZ\xeaV\xf3n\xeb\x0b\xe8\x05\xbc\x87\xec\xe1^\xe2_\x12\xea\xc4:\xe9%y\x8f\xf9\x15\xeb\x1f\xc9~\xee\r\xfeu\xa1Qy\xcb\xdaB\xde\xe3N\xf0\xc7\x85\xc5\x8c\'"1\xfd\x8f}&\xec\xcbo\xfc\xfa\xab\xb3_\x7f\xd5\xa8\x9f;\xfb_?\x9d\x05\xee\xd8\xca\xcd\xa2\xfb\xb5Znk\xfb,\xe0\x91\xc0\xfa\x0b\xc8\x84o\xd3r\x05:\x9c\xc9;8^\xa2\x07\x81\xc7\x04s\x0e\x02dw\xc0\x93\xaaCQ1=\x98T`\x19\xc5\x01\x0c\x93\xa3J<\xe6e\x901\x12(\x81H\x98\x83\x0cb\xeb\x98\xda\xe50\x92pA\xa9\xebL\xc8\xb58Bo\x1a\x80\xbf\x99%\xfeY\n\x9fTy^\x8d\xe0=j\x92z\x0b\xdfG\x1d\xcfO\x90&\xaa\xa5\xeaB\xbc\x84_(\xcdW\x9f\xe0W\xaa\xdb\xf9\xdd\xfc6i\xb3\xbaQ}\x01\xd7\xf1\xaf\xf0\xcfK\xcf\xa9\xb5j\x94\xca\xf1\x02\xc8\x80)\x82\xf3\x08\x1e%\xc2\x94\xc2%\t\x89Jw\x93\xd72\x10gq\xfd\x85\xbe\x12\xcd7\xa7YFp\xb9\xc20e\xa4I\xb3\x14Pi%\x05\xdc\x04!_,\x90\xf2\xe5|\xa5\xc0\x94g)\xb3<\x84\x97Y\x9e\xc2[\xa4\x97\xf0\x1e\xa9\xc1\xf2g\xcb\xa7\x96\xeb\x96T:\xdd\x89\xf8X\xf6\n\xc4\x92/\xd6\xef\xc7\xf5g\xf5\xc3\xfa\xe1\xb3\xf8U}\xeeY\x9c\x82S\xf8B\xff\xa7\xfewp\xa3>\x9c\x8c$!\xfa\x83\xb8\x8a\xe92c\x9d\x16d\xc3\xeb\xb4\xdb$\x99(\x0ed\xa3hF\xc8fu\xd8\x90\xcd\xe20[\x10=X- \xb8f\x07\x88m\x8e\xc5\xa4\xd8\x91I\xa8\xe4\xde\xb0\x9a\x9a\xe9\xb7\xa2\xaa\x02\xd2*\xdbx\x9b\xc9\x1e$\x80\xcc\xd0n\xea\x82v\x931A\x9fa=06\xe3\xb8a\xe0\xef&i\x14~\x08M\xa78\xbf$"A\x16\x15\xce\x12\xa2\x86Z\xec\x16\x9f%\xd32B\x1d\xa3\x8e\xb6LR&\xa9\xb3\xd4J\xcbrK\xb5\xc5\xa9"\x00\x02$\xcdd5\xd9B\xb1\x87\xd8y\xbb\x10\xaa\xbaMns\x845\xc2\x96\x8c\x12\xc0\xf2zy\xaf\x90"wS\x12\xd5\x04S\x829\xd9\xd2\xdd\xda\xdd\xe6u\xf4\x07m\x99I\xd2\xf84a\x80\xda\xcf\xd4\xcf<\xc0\x92e\xcd\xb2\xa59nE\x1a\xd6\x88\xc6i\xbc\x16\x90\xc0\x1ce\x98z\xbbe\x84u\x84Ms\x8cCw\xe1\xbb\xc8x.\x8f\xcf\x03\xfa\x8c\x07\xfaLP&\x80\x14\x8e7\x17X\x0bly\x8eR\\Jf\xa83\xad3m\x85\x8e\xa5\xf2C\xd6\x87lk\xd1\xe3\xcaj\xd3j\xf3Z\xcbZ\xebZ\xdbv\xa5\xc6Tc\xdea\xdda\xdbc\xdac~\xc9\xfa\x92\xad\xc1\xf1g\xc7\xa7\x8e\xeb\x8e\x12\xa0\xa5`\xc5F\x986\x04\xb3\xf1\x00R=z\xcb\xc3\xd5\x0f\x8c\x1a\x97\x11\xa7\x0f2\x14\xee\x8c\x0f\x96\xec\x18^1\x8e\x1f\xdd\xbe\x85{\xc0\xb0\xcb\x13\xc1\xcf:\xc7\xd6`yZ\x8b\x90\x8d\xf9\xe0 .9r\x1dj\xe6\xea\x04\x99\xc3\x88\xc7Fz\xdadL\x7f\x0cJC\xe0[/&%-\xe9-\xbf\x9b\xaa\xce\xa1:1\x89\xdcNFH\x82I\xb6\x99\xc2\xb8H\xb9\x87\xec5\xf5\xe3\xb2\xe44\x13\xc5\xd70\x86\xaf\xdb\xe4\t\\\x81|\x9f\xa9\x10\x17\x92R\xae\x90/\x14\xa6\xca\xcbL\xcbM\xaf\x98"oHV?\xc8\xcd\xf2\x8f"\x07\xdb\x1f!\x07\xfd%|\xe1\xde\xf6s\xd5{\xb9D\xe8\x0bF\xfa\x01>\x14\xe2\xb1\x04\xb4H\xeb\x1bn\xf3\x98\xc4D%\xc2\xee\x896\t\xde8\x0e\x99\xea\x14T\x87\xdfV<u\xae\xfd\x89fE\x15\x12B\xc2Q\xb4*\xb8\x88\x1by\xc3oSmB"eD\x96\xd06>\xce\r\xb8"\xc6D\xd7\xac\xc0\xdc\xd0\xf6\xb6\x16\x1aT\x80_\xe0\xcc\xea\x98\x05\x9b\x95\x86\x0f\x80)\x9d,P\xcf\xe4\x16\x1c\xfc(\x04J\xfd\x06\x05\xb2*l\x0e_4\xf5\x95\xf9\xd0\xc1\xbf\xd6=\xb0\xe1\x96[\xaa\xee\xaf\xfbu\xf0\xd0\'\xf2\xef\x99S6)\xff\x8977n\xf9\xe4\xc7m\xf3\xab\xe6\xd5\\\xfa\xa4\xbaj\xe2\x13W\x9e\xde\x10\x1e\xb9a\xe7\x95\'&\xd2\xbe\xf1z4\xde\'FC\xac\xe9|\r\xa3\xfd\xecK>;[?\x8a~@N\xa7\x85\xec\xab\x17\xa3\xaf \xd9X]\xae\x0b.*\xb5~\xb1\x89\x91!f\x9b\x1ci\xf2\x84\xdbx\xc1\xcb\xa1\xf0\xbaHT\xe7{;\xd2V\xe7\xd8\x9f\x18\x15\x1e\xe1\xb1ap\xc1"<>\'\x8f"b=\xb7\x81\xa8\xf2\x89\x1d\xee\x07o\x90\x9be\x92x\x033\xe9\x80\x9a\x00R~\x137\xc6\x17\xa3\x06~\x82\xb8\t \xa4\x7fo\xdc\x81\xa1\x90h\x1c\xf0\xe7\x18\x86z\x00\xdc\xb9\xeb\xc7O*+\x9b4~}\xee\x90__|`\xc3\xe0\xc1\x1b\x1ex\xf1\xd7!o\xe6W]\xd9\xb9!2|\xc3\xd3W6L\xa8\xaa\xfe\xe4R\xcd\xbc\xaa\xf9\xdb~\xfcd\x0b\x9bS\x8dO\t\xe7\xb8>(\x1a\xf94;\xb6G\x9a\x91\x8b\xdf\x19\xe9\xdai\x8eA\xb6\x18;\x9dZg\xa7+1\xd8\xdf6(\xc5\xd2\x9e\xc9It\xebH\x1c\x87\x86\xd0\r \x14\xce\xcd|\xb5h\xcef\x93 \xd9\x9e\x9a2\xf1\xe5\xa9\xf4\xacZ\x15d\xebSS\xf2\xeb\xb8>\x07\xc6\x0c\x1d\xc4\x13N\x18|\xe7\xdd\x07\xc6\x0c\xcbf\xc5Q\x14\x06\x1f\xd8\xa57\xd8x\xf3\xe0\x83.\x87hqB\xbb\xb4\xe5C9v\xcb\n\xb1FHm\xa3\xc3ht\x01\x17\x9b\x03Y\xccv\x87\x03\x94\xa6\xc3luX,fc\xf5\x10\xf8\x91\xedm\x05\x89`\xd2\x18n\xfaw\x08r\x95\xc7;\xe6\xda\x9dC\x16\xf5\x8er\xf6\xd2\xe3\x8c\xb1\xb3?\xa6\'M\xae\x8ftt\x9f\xc5\xdf\x1f\x10\xe6\xce\xb9v\xc6z;5\xd2\n"*<\x9db\x18%\xf1\xbf\xbd\xde\x8e0\xc8\x98Ww\xb5\x87\xd0\xe3\xea\x19x5\xb8f\r\xbfXt;\x93@+\xd0uD\xaa\xd1\x8e\xeb\'\x90\xef\xa0\xa4:9\xa9G\x83\xf5\x8eq\r\xf6;\xc6\xdd\xd3\xe0\x81\x9f\x89\xaf#\'\xd2\xd8\x17\x9f\x03\n\xfa\x18\xdfu,\x06?n\x16\x1b3\xb1\xa0Xt\x8b\xe6\x88\xb3\xab\xe1\x11V\xe4\x89\x8a\xb6\x84p\xe1\x0e\xbb\xf7\xa6u+\xac\x16T\x13\xea\xf6\xac\x88\x95\x84\x9ahkl*]\xdf\xcb~\xf9<[\xb3\xc0\xf8x=\xc3\x98)\xcd%\xd0\x80<13\xc3\xc3\xd3\x02\x88\x1bg9\xfb\xf5\xd7g[\xcf^\xb8p\xb6U\x7fO\xaf\xc3\x13\xf0-\xad\xc0`\xe3\xf5\x97\xf4\xf7Z\xf9g\xdd\'\x8e\x1ciu\xbb[\x8f\x1c9\xe1n\xb7\x87\x82\x8aT`\xeb\x15\xban]\xa8~F\xff\x87\xfe\x8b~&\xf4\x00\xc4\x08%\xfa[l\x9cGB\xa1l\xed\xad(\xab\xab&\xdc\x1e\xcaEY\xdc5\xa1a\x81\xb5\xb7N\x04\xd7\xde\xaa\xb1\xacp\x86\xd8Ph\x8d\xfb\xa6\xb5\xb78Q\xe8\xd7\xdf\x19\x8e\xbb,\xbeu\x8al\xd1#\xcbC\xf5\xfd\x15IE\xdcC\xf5\xf5\xd7\xfe\xa3\xbe\x9e_qZ\xb7\xe8\x7f\x1c\xdac\xc8C\xb8/I\xc2\x11W\xcf\xe8\x1e|\xab\xfe\x16\xfe\xdeX\'\x85\xceAr\x8a(\x0f\x05\xd6M\xa1\xf3\x8c\xe1<\x87\xc53\x10\xd6\x08\xbd\xd9\xdaA\x1e\xd4S3\x85\x0es99\xabI\x96\xd5\x10{\xcb\xf9\xc0\x82\x19\x9aI\xae35K\xd6:\xb3\xadNJm3\x96\xac\xc1\x81\xa52\xd8\xbcO!.0\xc7\x98{\x90\xad\x951@\xaf!\tX\xd2\x7f\xc5\xd2\xa3\xabV\x91mt\xbd\x0c\xeed\xb5\xde\xbf\xdaX\xf1\xc8\xb0\x17\xc5\xf8;i\'Y\xcc\xc6\xb2H\x1d\xd8\x06\x94\xda\xf5kPi\xc0\x95\x0f\xc8\xe2\x8d\x1d\xf3\xf7:\xe7\x9fu\xae\xd9\xc5V\xfaz\x85\x08t\x9d\xaf(\xd4O\x8a\x12\xff\xed\xf9g\xf2\x00n\xb8|;7S.\xe5\x96\xd3Y\xe3\x8a\xe2\xe1#\x94\\~\x842\x81\x9f\xa8\x94\xf03\x95\xc5\xcaj\xfeq\xa5\x86\xdf\xa1\x18\xf3\xcf\x98j\xa4\xd4\xc0BF\x8b\x7f\x96~\xa9\x85l\xa5\xfcN\xa7\x9e\x19\xd3\xd0P\x10\xc7t\x9e \xe0\xf8\xce\xe0\x1a!R\x0f\xb6.R\xbafsX\xeaT\x19\x99D\x99-\x13b7Vv1\x16\n\xd1TQ%\xcd6s`\xad\x10\xbaXH\x97\xd5B\x02+\x86\x88O\x1a+\xbc\xe0\xbfwY4$\xb8p\x08F\xe3\x00O\x03\x01O6\x94\xa8\xa9\x0e^\x8d\x92LQ]\xd7`\xd2dS\x8d\xb8\x02\xd7t]\x84\xc9\xd9\xb1\x08\x13\'\x8e;;x\x02\xf7\xd0q=\xb2tj}\xea\x1eL\xc8D\x9d\nt\xa3\xff\xb8~\xc5\x1f\x98s\xb4\x83}/9D3G\xc6\x86s\xddC\xc2\x95D;\xfd\x1a\x92\xad\x94\xc5\xfa\x11\x12Q\x13i\xb6?c\xdb\xe7\xaa1\'>\x93\xb4/\xbe\x06m2\xafO\t\xcc\x18\x0e\xae\x9de|\xbc\x19\xfc\x9a\xea\xf7?\x82$#~\xc6\x036\xac\xda\xf4\x9c\xfe\xf4\xc5%\xfa\x85\x9e\xdb\xeb\x1en\xfe\xb0\xe9\xbd\x13\xa7_\xdd\xf5\xdc\xfb\x15\xf7\x9e|\xb0M\xb8D?s\x8c\x8bm\xd9\xf8\xf5w9Q\x1f\x16\xf4\xd8X\x13\xf8\x062\xec\xce#\xdd\xe2)\x9f\xaf\x01\xbe\x7f\x9f\x8d\xff\x87 M3\x85\xf1n!\xca\x81\xc2;Wf\xa2\xb81\xe7\x885\xf6\x15\x8a\xa7\x86\xfb\x03]\x9b\xe9\xf2\xbfX\x9b)\x83.\xb3&*8)!\xb3oB\n\xd3\x81\x18?U\xb3\x19\x0f\xd4\xdf\xdf\\\xa3\xff\x80\x9f,\xbe\x8e0D\x11\x84?\xae\xff\xa4/\xe4\x93WU\x12\xe7\xeak\xf9\xe4\x89\x88\xba\x8f\xff\xf4\xd9\xd5\x1ed\x91\x7f\xed\xcdsS\xc353_\x83W \x89\xf0Q\x98\xceMm?\xd1\xd2\xa7\xcb\x1aM\xc7\xb8g\xfc)lfRP&*\xd8\xbc\x8b\xce5\xdb:g\x98\xdf\xb4f\xdb+\xff\xe7k\xb6\xc51\xbf\x9eM\xb3\xfd+\xe6\xfco\x91\xfb\xce\xfb\xaf\xea?\xd2y\xb61\xe4\x0b\xff\x81\xf6\xc5\x1c\xd6\xbf\xd3CP`}\xc9d\xb6\xbe\xe4m\xa8cL\x82_\xcaV\xa2\x05\xfd\xc27\xa2\xb7\x08O\xb3\xdb\x02@\xc9\xbc\xbc\x0bi\x1aHr_~(o\x1751O,\x14\xcbE\xd9\xc8q\xbb\xdeil\xbc\x97\x0eH@\x05P\xd7\xc7B.\x97"\xda\xd9\xf8\xc6f:\xf3\xebO<:)\xe3b$\x14\x83M:\xdfn\xb80T\xd3##\x08\xb0\xb0\xa1\xed\x9b\xe7\x7fu\r\xd1\xd9" \xa1\xc6cl\x04\\\xa6\x8f\x07\x1f\xa3c\xfc\xe1\xbfY\x87\xe6\xa0\xaee\xa1\x00\xc0\xe2rR.\x00\xc8\x93q\x86\xc7G?T"SZ[\xf5\xc5\xad\xad\xa2\xfd\xf8\xf1\xe3l.\x81\x90\xc2e\x89\xc3\xc1\x82M\xd0\xac\xa6K\xbc\x84^\xb5\x82\xc3\x8e\xf3\xe9\xb2\x03m\xa7\x8d5uN\x07\x06\xe4\xa11+\x83\xc4\n\x9b\x01\t\xea\x98m`\x84\x93o\xd0;\xc6\x13\x01p\\\x19\xc68a\x06\xcb#\x1d]h*\x9a\x90_hY\xa8\xee\xda\xb4i\x978\xfc\x8e;F\x8e\xaa\xda\xb8\xd1\x98#\x81\xc8\x94\xc6\xfd\xc7\xab\x1f\xb9\xcf\x96\xfd\x0f\x14k\xb8x\x9f\xa5\xed\x9c\x10<\xfe\xf2Q\xfb(k\x81B\x97\x17\x81\x90\x16\x19\xff\xe0=i\xb6\x1e\x8d\x90U\xff\xe5\xa3\xabwY\x0b\x02+\x0ew\xfe\xab\xe6O\xa2Rq\x14\x9a\xc7\xff\x88\xca\xf9R\xf4 \xdf\x8cn\x912\x81\xcek\xd0\xfd|\x1bzP\x18\x84\x0e\x0b\x19\xe80_\x87\xb2\xe1\xde \xfe0\xda\xca\x9f\x81\xf3o\xd0Rz\x8f\xff\n\xdey\r\x9eq\xa3\xc3\xe2]\xb0+P\x8eF\xa3\xc4f\xf4\x0e\xff!\x9a\xcf\xf7\x85g\xa0\x1e\x91G\xc7\xf8[\xd1ji,<\xf31\xb4E\xdf\x99\x8b\x0e\x93u\xe0.@$\xc5\xedCG\xc4\x83h\x97\x10\x8a\xea\xa5\x1d\xf0\xfc-h\x05\xc9@G\xb8X\xd4\x00\xfb\x1e\x1e\xa1[\xe0\xfeYx~\x17\xf9\x12\x15\xc3\xf1\x1c9\x00\x92\x14\x8a*a\xff\x1c\xf6\xad\xb0\xef\x84\xbd\x18vZO\x15\xec{a_\x07\xfb\nx\xf6\x12\xec\xbbh\x1d\xc1\x9d\x1f\x82\xaa\x01\x93\x95\xc2bd\x17\x1eA\xc7\x84\xadh\x9e\x98\x02G+\xc0\xba\x03\x1d\x133\xe0\x1c\xe0&\xf7\xd2\xfd\xfaVa\x08\\_\x00\xd7\xbf\x81g\xda\xe1H\xf1v\xca8\nUp\xcd\x8d*\xf9/\xaf_\x15\xce\xa1\x03\xb4N\xe9;4TX\x8an\x81k\xedp\xbc\x97\xf6\x85\xc2\x0c\xc7\xa3\xac}t\xbd\r\xfaU\xcfp\t\xf8\xa3\xf8\x87\xe3\x83\x14_\xe4/(\x95\x96\x05\'\xe0(\x0b\xbdC\xb2\xae\x9f\xe3\x9f5\xcaR+\xe0\xcei\xe0\x9e\xbeG\x9f\xe3F\xc2y\x0fT\xc6\xf9P\x7f\xb8\xb7\x8f\xd2Q\\\x87\xf2\x19\xcd\xa0\xccg\xa0\x89B(F\xe4\x00\xe6\xe9\x91\xb5\xff\x19\xf2\xd1\xfeQ\xfa\x8a_\xa2\xc5\xa2\x86Jh\x7f\x18.^D\x83\x017\xc5\xac\x9f\xd0_i-<\xc3\xa3qB\x1c\xe0\xab\n\xad\x01\xa3yL\xd8g\xe0\x8c\xc2\x04\xfd\xf8\x18\xb1\tO(\x1euG\x1b\xd0V\xb4\x0b\x87\xe0Ix*\xde\x80\xdf\xc7\xdf\xe2K\xa47YH\x1e%\xcf\x92zr\x85C\x9c\x99\xcb\xe3\x96s\x7f\xe5#\xf8~|\x05\xbf\x81\xbf$\xc4\x08\x9b\x85\xe3\xc2\xcf\xc2\xcfb7q\x8ax\\Z(\xab\xca`e\x86R\xab\x9cP#\xd4\xa1j\xa1\xbaP}\\mP\x7f2u7\xd5\x9bc\xcc\x0f\x9b\xcf[\x86[6X\xaeX\xa7ZWZ\xeb\xad_\xdbd\xdbP[\x83\xbd\xdc~\xd1\x91\xeb\xd8\xec\xf8\xab\x938{:\x97;\xf79\xff\xeaR]\xbb\\o\xbb\x07\xbb7\xbb\xff\xe6\t\xf3<\x1a"\x87<\x16\xd2\x1c\xa2\x87\xce\t\x1b\x15\xb6+\x1c\x85\x17\x86o\x0c?\x14\xfeY\x04\x89\x08\x8b\xd0">\x8a\x8c\x8f\x9c\x13y8*!\xaa<\xeat\xb4=z@\xf4\xc2\xe8\x8b1\xe6\x9891\xf51\xed\xb1\xa3bw\xc6\x9e\xf6>\xe6}7\x8e\x8f\xdb\x1a\xbf\xd77+!/\xe1PbBbv\xe2\x81\xc4\xcbI\xfd\x92&%-I:\x9d\x1c\x91\x1c\x9f\xdc=yF\xf2\xa3\xc9\xa7\x93\xcfwsv\xcb\xe9\xb6\xab[[\x8a\x9c26eR\xca\xf2\x94\xf3\xdd\xe3\x03r\xbd\x85\x1b\x87z\xa0\x19\xe0\xc9\xd1/\xe9\xb6\xd3\xe8\x8d\xf7\x90\x108\xd25\xa4#\xf0\xe0\x0e\x99}\x12\xa7\x07\xca\x18\x99\xf0\x97\x812\x01\x07\xec\xd7@\x19"\\x\xd3(\xf3P\x1e\x18(\x0b\xc8L\n\x03e\x11\xa9dU\xa0,#\x07\xf0\xa3Q6\xa1h\x0e\x05\xca\x16\xe7\xd3\xdd&\x05\xcaV\xd4w\xd0\xd4@\x19b\xc2A\xaf\x04\xca\x0e\xc4\x0f:\x02-b\x1e"\x04\x9c\xc6Z\xa7e\x8cBpk\xa0L\x90\x8c\x7f\x0c\x949\xb8\xae\x07\xca<\n!\xf1\x81\xb2\x80\xc2Hn\xa0,"7\x99\x1d(\xcb(\x9el\x08\x94Mh i\t\x94-\x89\x03\xb9\x98@\xd9\x8af\x0c\xbc\x12(\xdbQ\xc8\xa0m\x81\xb2\x03\xc9\x83^\x07KF\xd7\x1b_\x8c\xe6\xa2\x99l%\xf2\xf9\xc8\x0b\xfe\xcf4\x94\x02\xc7t\x94\x06[\x06\x94\xa6\xc2\x13^\xf0\xaag\xc2}\xba.\xf9\\T\x82\x8a\xd0l\xd4\x13\xae\x8e@s\xe0\xf9\xdeP\xba\x15=\x00\x9b\x17\x8d\xed\xa8k\x1e;+\x81c\t\xbc\xb3\x10~\x8b\xe1I\xf5\xdfh\xb5_G\xab\xe3\xa0\xa5\x85\xd0\x16]\r{\x0e<M\xe1(\x82w\xfeg-\x0e\x85\xd2,x/\x1f-\x80\'\xa6\xc1\xb3E\xac\xb6\x12\xf6F\x11\xeb\x91\x17j\x99\x03\xbf\xe5\xf0\xccT\xa8w&<\xe7\x85\xf7\xcb\xa0\xf5"vOE\xe8\xb6\xb2\xf2\xc5sgN\x9f1\xdf\xdbmZ\x8a7=--\xc3;u\xb17g\xe6\xfcy\xf3\xe7\x96\x14\xcd\xee\xe9\x1d1gZo\xef\xad\x0f<\xe0\x1dK\x9f\x9a\xe7\x1d[2\xafd\xee\xc2\x92\xe2\xde\xea?\xbd\xda\x8f\xbe:\xaeh\xe1\xecYes\xa6{s\x8af\xfc\xce\x8bCKf\x15\xe5/\xf0N\x9bQ4gz\xc9<o\xd1\xdc\x12\xef\xcc9\xde\xf2\x05S\x1f\x989\xcd[\\6\xbbh\xe6\x1c\x80\xec\xc6.\xde\xcd:8\x0f.\x1b/\xdf]4\x07Nr\xa03e\xe8~(\x94\x95\xdd\xff\xef\xbd\xf2\xef<\x93\xcf\xb0=\x0fpT\xc60\x98\x0e8\xcf\xa0cY\xf9%s\xe7\xcd,\x9b\xe3M\xef\x9d\xd1\xff\xc6\xaan\xaa\xe8\xb7\xda*e\xb5\x194\x9d\x1f\xe0\xb8`\xbb\xa5es\x00E\xf3\x01\xe3\x88\xd1}>Pm J\x85\xad8P\xc7B\xa8\xa37\xbc[\x06\xc7\xb9@\xc9\x12V\xdf\\F\xf3\xdePo\t]\xcft\xc6\xfc\xf9\xe5\x03SS\x8b\xa1\xd2\x85\x0bz\xcf+[0wZIi\xd9\xdc\xe9%\xbd\xe7\x94\xc0\xed\xdc.\x10\x04y$\xc8\xa7\xff,\r\xf4\x1e\xe5\xbb\x12\xc6\xbb%\xc0Aeh\x11<K9\xf5\xff\r\xff\xd1\x9an\x87;\x8b\xe1\x99\x19\xec\xcd\x99p\xaf\x9c\xf5k>\xe3u\x8a\xb5\xb9\xec\r*\x1d\xb4\xd6\x857a\xf2\xe6~t\xca\xd7\x82\x1b\xe4\xeb\xf7zC\xe7\x8d\xffV\xdf\r\x1e(\x82RW\xac\xfd\xb3\xa4\xab\xa8\xd7\xff\xc5\xa6\xfe[\xda\xe3\xff\xbd\xce\xfamzw\xf6y&\xdcQYi>\xbbB\xb9p6\xc3\xf5\xfdp\xad\x0c(\xf0\xdf\xc1B{\x96\xc7\xea\x9b\xcdj\xeb\x94\xa6\x99\x0c\xa6\x19\xec^I\xa0_\xd3Y+s\x02T\xef\x19\xa0\xbbA-\xa35\x83\xc7\x0c~\xef\xc9\xe0*c\xd4\x9f\xc3\xde/\x0fH\xac\xd1B\x19\xd4:?\xc0c3\x03\\P\xc4\xea00\xad\x06\xea\x9c\xcf\xa0\xb8\x99\x9f\xa6\xb1\xe7(\x1f\x1a\xb5\x07k\x98\xcf\xfe\xb2\x05}\xc6\xe0\xe5\x12&\xf0\x06\xef\xc5w\xe1\x92xF9\xfan1;\xcecpM\x83w\x8a\x02\xfdS\x99\x14L\x03\x0e\x9d\xcdj\x99\xcf\xee\x04\xf1S\n\xa5\x07\x02\x92\xd4\xad\x03\xc6\xce\x16\xa8\xd6\xa2\xf0\xcf\x07\xfe5\xb8\x9f\xb6\xd8\x89\x13z\xa5\x9cIM1\xb40\x8d\xbd\x1d\x84\xa6\x98\xf5`>\xe3\xb5\xa9pw>\xbbk\xb4\xa1\xfe\x8b\x16z\x06\xa4y\x1a@\xb6\x80\xd5b\xe0d\x11\xe3\x81\x19L+\xcd\x0f`f6\xbb\xd6\xb5G\xc1>\xcc\xbd\x81+\rh\x170\x1c\xf6\xecB\x1dZ\x9e\xcd\xe8i\xd0Z\xed\xa2A\xe6\xc1\xdb=\x7f\xa7\x1f=;\xfa\x99\xca4\x88\x97\xd5l\xc8\x83Q\xf7\xcc\x00Vo\xa4\xfe\xbf\xeeu\x10s\x06\xb4\xe5\x1d\x1c=\x9f\xc1\xd5\xc9u\x9d=Z\xc4\xf01\xfb\xdfj!(\r\xa5L\xab\xcf\t\xf4\xb0\xa4K\x8b\xc5\xec\x97\xb6\xd1\x93\x1d)&f\xc1\x13\xd3X}\xc63A\xfaQ>~ \xa0\xd9\x82\x14\x9a\xc6\xda.f\x10\xcf\x0c@:\x90I\xe7\xb8\x00t\xf4\xaf\xb7\x941\xcd\xd0I\x83\xae\xba\xa8\x13\x03\xff\xac\t\xe8\xdfw\x99\x1f\x90\x86y7<\x1b\x94\x95N\x8cu\xd5\x01]\xdf\xf3\xb2>\x171\xc8U\xa6\x9bo\xe45\x03\x1b\x86-)\xfa\x17\xf4,cV\xd0\x1b\xa0\xfdlv\xec\xd4\x1f\xff\x0e-\xe63KD-kQ\xa0G\xbdo\xc0\xd4\xbfz\x97\xe2dq\xc0\xb6\x18\xadS\x9c\x972\x18\x8b\x03\x9c\xf4\x00\xe3\xd3\xb9\x1dW\x0cH)N\x8b\xbb\xd0\xbc+\xd7\x05-h\x11\xb3\x883\x99\xcex\x80\x9d\xa9\x1d=*f\x90Rz\xcd\xe9\x82\x8d\xe97\xd8U\xa3\xa5\xa0\x0e-b\xdcc\xf0n\xb0\x8d\x9b\xf13\xef\xbf\xedS\x10J5\xd0\x83N\x0e+b4\xfa\xf7!\xb8\xb1\x9d\x9b\xf1\xf1[\xb0\xf5\x0c\xd0\xfb\x01\xf6\xde\xcc\xdf\xd1\xe6j\x07u\xe62=[\xc4\xf4Jg\xbd\xc1+\xf3:82(/7[\x8f\x92\x80\x9e+a\xbd\x08\xb6\xb4\x88\xf5\xaa\x98\xbd\x1f\xff\x1b\xf60\xbe\xa3\xdf7\xbf\xa1\xc2\xbd\xa0\xb5\x8d\xef\xc2e\x86\xcc\x8c\xba\xc9\xbeLe\xf2^\xd6\x05\xd6\x05\x019\x08\xf2\xc9B\xb8;\xf370V\x82\x1ebx\x9e\x13\x90\xe4r\xd8\x0c\xebU\xc44jI\xc7\x1b]\xe9n\xc0\x1c\xbc\xa2\xfe\xa6\xa4\xcc`\x1a\xde\xcb\x8e\xf3\x020\x960N\xfa=>\t\xea\xba\xdf\xd2\xdd\xc5\xcc\x12\xccat\xef\x8a\xaf\xdf\xc2\xaa\xda\x05s]i\xf8\x7f*\xab\xf3\x98\xd6\x0c\xda\xeaNi\x0bJ\x12\xf5\x1c\x1e\xe8\xf0=\xe6\x06\xde\xb8\xb1\xc6r\xc6\xd1\xf7\xc3\xef\xf4\x00\xc5\x0c{H\xb9J\xed\xd0\xaa\xff?5\xd5\xef\xf7jj@F\xe6\x07\xecai\x07\xa6\x86\xa3a\xac\x9d1h4\x9c\xd1v\xc6\xc0\xd984\x01\xfc\xc8\xb1\xec\xde\x08\xb8\xe6\x05?n,\xdc\xc9\x873\xfa7\xc2\x862\xba\xdc\xca\xee\xd0\xfb\xf1L\x1a\'@\x99\xd68\x06\x8dgu\x19u\x8c\x85_Zw\x01\\\xa1u{\xd99=\xbb\x03\x9e\x1f\ru\xd1w\x87\xa1\x89\xac\x8daP\xdb\xdd\x00\xd9\x18(\xd3\xba\xef\x84\xab\xa3\xe08,\xf0\x1c}\xe36\xb82\x1e\xcei\xf9vD\xbdP\xa3=\xfa\x97\xca\xc61\xd9\xa1\xefQX\x0cH\xc7\xc1\xf5\xceVo\x84j\x04k1\x08\xd9\x9dp6\x16\xea\x1f\x1e\xb8K\xff*\xda\x08V\x1f\x85\xbf\'\xf3\x8fhyt\x00N\x03scY\xed\x14G\xb4fZ\xe7m\x00\xd1(vF\xaf\x8e\x87c\xde\xffn\xefJ\xa0\xdb(\xce\xb0\x93?\xdb\xc28vl\xe3\x04R \x1d\xdc\n\x12Pdp\xcb\xd1\x00\xad\xd7\xf2\xdaV"K\x8e$\xc7\x84\xbe\xf4u\xad]\xdb"\x92V\xdd\x95\xe2\x18j\x9aB\xb9\x8f\x84\x02\xa6\xe5*\x85^\x1c\xbdK\x12\x9a\xde\x07\xef\xb5\xd0\x8b\xeb\xd1\xbb\xe5\xe8\xdd\xd2\xfbP\xdf\x9b\xf4\x9f\xd9]\xadd+\xc6\xb1\x1d\'\xbcW\x93\x10i\xf7\x9f\xff\x9e\x99o>\xad\x9eQ..\xf2)\x8b\x98mo#"\x86.\xbco\xc7\xa2\x08\x0f\xecJ\xd8\x1e\x05\xc5o_\xdb,$\xf8\xefeK\x88,pK\tG\xd2/\xea\xc8\xe3\xe9\x14\xe3\xb9\xd5\rB\xca\xf6,\xeaT\x99\xbf\xf6\xb4\x04\x9c\\\xda~\xf0\xfco*Y\x8e\x8b\xf8\xc3\xf8\x1f\x15\xf1\'\xc4o~\xe3\xb5\x91Q\xbf\xab\xd7\xed\x9dn\xa1\x81\xfbMD6\xfaE|\xb2\xc8CTX\xe8\x10r<\x8b<\x9f\xe1R\xc7\xc5\xca\xaa\x12\x14\xf9\xe2u\xe3\x9ew\nK\xb2\xc8H\xbcj$\xae\xb6\xf2\xeaT\xeb\x0eR\xb2\xd0-\xe2SD\xa6\xc2B:\x8eyTP>T\xbab\xf7cH\xc4\x1atrm\xeb\xb4\xfb\xde\xee\x89pYv\x83"F^\xd9\x8dhUqzJ\x16\xb9\xab\x8c\x82\xd7i@\xf8\xefEaW@v\xfe\x1f,\xcb\x99W\xfd\x88S]\xd7\x9f\x84\xb0\x9c\xa8\x92\x95\x011\x17\x15!%\x8bZ\xc7Ks\xa4K\xcc\xdf^\xc7\xf3\xfeR\x87yk@\xbf\xd3\x9f\xd1\x92g\x95\xf9u\xe7\x91+7\x93\xb5\xc3\xd6\xe5\xda\xae\xac`\xa7\xe8\xa7\xb0\xe3a\xbc\x94\r[\x82L\xa3\xd7^\xbb\x14\xdc\xd7\x92\xe2\x9c\x93/\xad\xdb\x95;w9j\xf4\xd0h9\xee\xf4\x97\xad\xb5\xe5H\xc0^\x85\xbb\x85lf\x92\x9cw\xd5>-\xd9{\x96w\xd6)\xc7n\xd5N\xd8\xee\xe9\xd8\xc6\xf2.\xea\xf5\xd0\x87\xbdv\xdbg\xa2r\xd4\xab\t|nc@\xab\x84J\x0c\x81\x03\x8d\x122\x19\x15w\xbd==\xe7p\'F\xc59\x8f[V\xc5\xde\xef/\xd9r\xf7"O\x97\x8d+U\x81\x16\xb85\xabJ6\x0f\xbcC\x91)\'\xc3\x9c\xd8\xefm+\xa3\xe2u\xdeA&<\xbe\x82#\xcb\xaf_<\xe94\xec\xf2?Sk@\xab\xd6\xc0\x8d\xa5\x1ar(\xcf\xbf)\xea\x9ds\xceR)\x91a\x8e\'\x03\x8e^\xb3\xc6=\x97y9\xe1\x19\xb0y\xb7\xcc\xa4\xaa{\xdd\xc7\xb5\xad\xab\x99\xcc*\xf0\x1c\x0c\x97y\xae\x89\\\x93\x1a\x9b\xc3\xe36\x89X\xaf\\\x8e\xeb\xf0\xb3N\xf3\xcdY\x1fI|\x10\xa9\xe0\x83&#\xafC\xc7\x07\x91\xaa|\x10]`>\x88\xcc\x88\x0f\xaaD\xf2\xc92\x9f<\xae\xc3\x95\x9c\x19\x83Z\x8da!\x87\x8dW\xa2Sx%\xf2\x7f^\xa9\x8cW\xf2\x18\x86W&\xafD*v\xd8\xc3\xc7+\x91*\xa7\xb5#\x81W"Uy%/\xa2\x85\xe1\x95\xc84|\xc1\xc2\xf0J\xa4\xe6`y%\xefS\xa7\xf9\xe4\x95\xbc\xf9V\xc9+\x1dh\xf7=0\xbbd\x9f\xcfm$q\xa4\xb1K\xa4\xa6\x92]\xaa\xcen,\x0c\xbbD\xa6\xc9.-\xcb\xe0\x91\xcd2\x11\xd1cS\xd1\xcc\xc2\xb3L\xe4\x08f\x99\xc8$\x96\xc9;\xeb.$\xcbD^\x96e\xa2\x0b\xc62\x91\x83`\x99\xe8!c\x99\x88\xc8\xc1&\xd4\xba^xkg[\xc6\xfb\x0b\xc7\x1d\x91\xaa5?\\\xdc\x11\x99\xc2\x1d\xd1\xc3\xc6\x1d\x91\x03rG\x1e\x07t\xe8\xb9#r\x10\xdc\xd1tz\x0f-w\xe4\xae\xac\x07\xdeQ\xa62>d\x16\x8cO9K3\x9f\x8c\x0f\x99\x13\xe33\xf5\xcc6;\xc6\x87\x941>\xd3\xf1\x0e\xf3\xc1\xd0\xe4\xa7\xe8o\xaf\xf1\x98\x06"\xec\xf0w\x81\x9a\x9a.\xf1\x80\x16\x7fT\x8d?\xecVz>\x8e\xae\xb6t\x9d\x0e\xeaictM\x80\xce\xe0\xc1\xb6\x00\xedN\x8f\xe5F,\x9a\xca\xe4\x0c3\xafkt\xc842T6\xf5m\xceC`\xae\r\xf1 ]\xc1~\x90\xae\xdc\x0c!\x9e\xf5M\xba\xa9R\xdb\xb5\xd2\xd3xd\xed\xb4?d\xeas{3~\xe4\x8fN\xb2\x9c\xb2\x88J\xf3\xa6\xaa\xe9\x19\xd5\xdcJ\x8d\xa1\xc9Z\x08\xe9\xd3\xcdL\xca\x12\x0f\xcd\xa5,:\xa2\x9b:\xda\x1a6\xd5,\x86\xee\xc7\xd81,\x1c\x86\x193\x87u?\xcd\x1bT\xcd\x8e\xd1\x9cnZ8\xc0\x18\xccc\xc6R\x98\x02\x95&\xd1i\x82\x92\xf9\x11\xdd\xcdS2idr(\xce\x05\xf2#\xa8\x1d\xb3\xacg-\xcc^\x8bHI\xcb\x1aT\xa6Q\xd5\xb2\x8cdJE{D3\x92\x85\x8c\x9e\xcd\xaby\xee\xcfP*\x8dEZ\xcd5\x8a\x014n\x0c\xe5G1\xfd-k\x84\'\xa6\x9e3\r\xad\x90\xd4\x85\x1a-\x85\x81\xa5\x06\x0by\x9d\xfb@*\x06\xf8\xb1\xcc\xc9tA\xe3\x9e\x8c\xa6\xf2#F!\x8f\xcedR\x8e!n\xc1\xb4S\x89j\x0b\x16\xca\xf3p\xfc4\xa3\xf3\xa8\x89h\x10k\xc4_f\xc3\xcfm\xb6\x1a&\xb5t\xac\x03J\xa7\xd0U\'\xfcI\xa6\xb9s\xa86\xc7\x13\x9d\'v\xea\x84\xa1\xd1\x11l\xac)\x03x\x19\x86\nf\x16\r\xeab\xa0fP\xcb\xf0S\xab0x\x91\x9e\xcc\xf3+<\xbe!#\x8d\xcd\xc6\x03J\x1aY-\xc5\xe3\xb0\xd6\x11\x92@u\xea\xa0\xb1M\x17\x11\xd8]$\x1c(5A\xd6\xc8c\x19,\xfb*\xafJ\xce\xeb\x00\xfb\x1e\xb5F\xd4t\x9a\x0c\xeaN\xd6\xd0\r\x9c%jE\x9cF\x16\xfb\xc2\xa4\x19\xc3\xd4\xab\x86M\xf3c9}HEC\x01\xdb\xa9\xca\xbb\x19u\x0cg\x0b\x0e\xd7RC)\xdehj:\x8f\xad\x87/P\xa9\xaai"r;u|\x82\xaa&\xfaUH\xab&\xe1\x864\xddJ\rg\x85\x1b\xc3\xf6\\\xc5A\xbcC\xd5$*\xb1\xf8\x08\xd7\x1fk\xb2%\xae\x92\xa0\x01\x9105]]\x813\xc6\xf5\xc3\xd3\x86\xeee\xd3c4U\xd6\xe6\x84\x87c\xeaY5c\xcb\xf2\x17\x16O$\xaf\x8b;=t\xec9\xdd\x14\x83F\rS\xb3hKi\x1e\xb6p\xdb\xee\r\xd2\xc2\xa7m\x8bH\x19V&\xec\xcc\x97A\x1dg\x12\xd7Z\xc0\x1a\xf0\x9cl3R%\xc7\xf4\xedy\x9c1T\xcd\xe5pz\xa9\x83i\x9d\xdf\xb0cG\xcd\xfc\x05\xf1\x8a2\xa2\xe6\xe9\x88j\xa1F=[\x91\x13\xdeu^wk\xb4\x90\xd5\x1c\x87=W\x89p\xce\x8ep\xba\xaaZF\x9a\xcfjQ6^$\x95\xa6\xf9\xea\x81s\xc5\x15\xcc\xa9\xc9\xad\xea0\x06\x86\xf30k\x10\xde\xaa\x07\xd7T\x15\xa6p\xc1B\x17\xf5\xf4\x10w\xaaG\xa1]\xd1H\x82\xc6\xa3]\x89\x019\xa6\xd0P\x9c\xf6\xc5\xa2\x9bB\x9dJ\'m\x91\xe3\xf8\xbe\xc5O\x07B\x89\x9eh\x7f\x82\xa2DL\x8e$6\xd3h\x17\x95#\x9b\xe9\x86P\xa4\xd3O\x95\x0b\xfabJ<N\xa21\x1a\xea\xed\x0b\x87\x14\xbc\x16\x8a\x04\xc3\xfd\x9d\xa1H7\xed\xc0q\x91h\x82\x86C\xbd\xa1\x04*MD\xc5PGUH\x89se\xbdJ,\xd8\x83o\xe5\x8eP8\x94\xd8\xec\']\xa1D\x04u\xa2s1*\xd3>9\x96\x08\x05\xfb\xc3r\x8c\xf6\xf5\xc7\xfa\xa2q\x05ut\xa2\xdaH(\xd2\x15C+J\xaf\x82A\xa0\xa2`\xb4os,\xd4\xdd\x93\xf0\xe3\xa0\x04^\xf4\x93DL\xeeTz\xe5\xd8\x06?EeQ\x0c9F\x85H\x00\xbdD\x1dT\xd9\xc4\x07\xc7{\xe4p\x98v\x84\x12\xf1DL\x91{\xb9,\xcfNw$\xda\xab\x90\xaeh\x7f\xa4SN\x84\xa2\x11\xda\xa1`(rGX\xb1}\xc3P\x82a9\xd4\xeb\xa7\x9dr\xaf\xdc\xcd\xc3q\x8dp1;\x1c/\x1d\x84\x0f\xe8V"JL\x0e\xfbi\xbcO\t\x86\xf8\x0b\xccc(\xa6\x04\x13B\x12s\x8f\x99\x08\x0bw\x83\xd1H\\\xd9\xd8\x8f\x17P\xce5\xe1\'\x03=\x8a0\x81\x01\xc8\xf8\'(<\x13\xe1G0\\\xae\'\x11\x8d%J\xae\x0c\x84\xe2\x8a\x9f\xca\xb1P\x9cW\xa4+\x16Ewy=\xa3]\xa2\x03\xfa1\x9f\xbcx\x11\xc7_^#~mjw\xa0\x14\x1f\xed\x04\xd8\xa9\xc8aT\x18\xe7n\xe0\x05R!\x8b\xdd\xa5lO\xea\xb9<\xefmgr\xdbK\xa3XF\xed\xb5\xd3/\xba\xd6^\x04\xb0\x85\xbb\xb38q\xedk\xe2%nK8\xb3\xc4\xaec\xafn\xde\x86\xcd\xb7c\xbf\xbd\xf4\x8a\xe5\x03\xbb\x1bw"{\xe9\xd5\xb6\xe9\xb8\x02Z|)1Lb\xf0\xc5d4e\x89\x99\x8e[`\xc6\xb0\xf7<j\xa9i4\x86\xa3\xf8,\x12R\xb8V\xaai\x1cf\x95\xdc\xac\x98P\xc4\xdd\x0csf\n\x87\x8c\x9a\xa9<.&T-\xe0U3u\xb1\xb3\r\x9b\xce6%"\xa0^\x04\xdc\x8a\xb78\xd8\xfe\x9b\xba\x95\xc3]*\xb5MO\x8f\x05P\xd6\xe4{\x99\xf0$\x95\x1d2\xcc\x8c\x13\xbaH_2\xbf\xce\x85\ny:,\x94kF\x9e\x18\xe6p\x80\x12"\x10\xd7\x9c\xa1\xd3L\xbf\xf20?8\x88\xd88\x88\xce\x06\x07\x11\x0f\x07\xd1Y\xe2 2\x15\x079\x8b|Rh\xb2\xdc=\xa3\n@\xf5\x00\x0b\x99\x0bV\xa2.V"G\x06V"v\x1d\x0e\x19V"\xf6\x84\x9d\x13V"\xf3\x88\x95\x88\x87\x95\xe8,\xb1\x12\xa9\xc0\x05\xb3\xc0J\xe4@X\x89\xce\x1c+\x912\xacT>}+\xe0\x12\xee\xe7\xb8H\xcc\x17\\"\x0e\\\xa2s\x82K\xa4\xc2]qn\x9co\xc8D\xb2\x06\x9d3d"\xf3\n\x99\x88\x03\x99\xe8\xec!\x13\x99\x0c\x99\xe8l \x13\xa9\n\x99\xe8\xc1@&\x92\x907\xf5\xae\x8fr\xb7\xe5\x9eY\xa1#\xe2E>\x17tD\\tD\xe7\x82\x8eH9:\xa2\xb3BG\xa4*:\xa2sAG\xbcY+&J\t\xf8\x90\x03\x02\x1fz\x10\xc0\x87L\x0f|\xe8\x0c\x80\x0f\x11\xc0\xa7\x12;\xbc<\xa0\xc9\xbb\xf2\xed\x024\x90\x00\xfe\x13\x98\xcbw\x06[\x05o\xb7\x15\xff\xb6\n\xeeL\x13\x9f\xea\x05\xc4\xe7\xab9\xbcV\xf9i\xe1\xf4\xdf0l\x1dMmM\xb5\xa6p\xb1\xda\x1e\xc8\x8d\xe4Z\x9d\x15sV\xdf\xe5\x04\xfb\x0b\xd0\xfb\x9f\xad\xb9\xb0\xa6\xca\xcf\xde\xc5;\xda\xf7\xff\x97A\xb1\x19\xfe\xe3\x83\x7f\xb7\xc1\xbf&\xe0\x9f\xf5\xf0\x0f\x06\x7fg\xf07\x1f\xfc\xb5\x1e\xfe2\x01\x7f\xf6\xc1K\xd7\xca\xd2K\x0c\xfe4\x01\x7f\x9c\x80?\x14\xe1\xf7E\xf8\x1d\x83\xdf\xae\x83\xdft\xc0\xaf\x19\xfc\xaa\r^|!.\xbd8\x01/\xa0\xe0\x0bqx\xfe\xb9V\xe9\xf9"<\xd7\n\xbfd\xf0\x0b\x06?o\x83\x9f5\xc3O\'\xe0\'\x0c~\xdc\x04?\x1a\x87\x1f\xee\x83g\x19<\x83\xe2\xcf\x8c\xc3\xd3OuKO\x8f\xc3S\xdd\xf0\xe4\x13\xc7KO2x\xe2x\xf8\x01\x83\xef3\xf8\x1e\x83\xef2\xf8\xce\x04<\xfe\xd8*\xe9q\x06\x8f\xad\x82o\xb7\xc1\xb7\x18<zE\xa3\xf4\xe8\t\xf0\xcd\x15\xf0\r\x06_g\xf05\x06_e\xf0\x15\x06_f\xf0%\x06_d\xf0\x05\x06\xfb\x18|\xbe\x11\x1e\xb9\xd2\'=\xc2`\xef\x9e}\xd2^\x06{vo\x91\xf6\xec\x83=;\x96\xec~\xd8\'\xed\xde\xd2\xbe\x1fv\xb7/y\xd8\x07\x9fc\xf0\xd9\t\xf8\x0c\x83O3\xf8\x14\x83O2\xf8\x84\x06\x1f\xaf\x87\x87\x1e\xf4I\x0fi\xf0\xe0\x03M\xd2\x83>x\xa0\t\xeeG\xa7\xef/\xc2\xc7\x18|\x94\xc1G\x18|\xb8\t>\xc4\xe0\xbe{\xeb\xa5\xfb\xda\xe0\xdez\xf8\xa0\x06\xf7\xa0\xc8=\x13\xf0\x01\x06w\xdf\xb5T\xba\x9b\xc1]K\xe1\xce;VJwjp\xc7\xed\r\xd2\x1d+\xe1\xf6\x06x?\x81\xf71\xb8m\xa2N\xba\x8d\xc1D\x1d\xdc\x8a\x83n\x9d\x80[n\xae\x97nY\r7\xd7\xc3{\x8bp\xd3\xae}\xd2M\x0cv\xed\xdc"\xed\xda\x07\xbbv,\xd9y\xa3O\xda\xb9\x05v\xb6/\xb9\xd1\x0770\xb8\xfe\xba\x80t=\x83\xeb\x02p-\x86y\xad\x0c\xd7\\]+]\xd3\x0cW\xd7\xc2Ux\xe1*\r\xae\xc4L]\xe9\x83+\x1a\xe1=\x0c.\xbf\xacQ\xba\x9c\xc1e\x8d\xf0n\x06;\x18\xbc\x8bA\xfb\xfeK\xc7\xc7\xa5K\x19\x8c\x8f\xc3;5\xb8$\xb1\\\xba\xc4\x07\x173\x18c\xb0\xbd\x1eF\x97\xc26\x02\x05\x06\xf9"XE0\x8b\xf0\x8e"\xe4\x18\x18\x0c\xb2\x0c\xd2\'\xc1V\x06\x175vH\x17\xc5!\xc5`d\x1c\x86\xf1\xcd\x10\x03\x9d\x81\xc6 \xc9`\x90\x81\xba\x0e\xde^\x84\xb7-\x85-\x0c\xde\xca\xe0B\x06\x9b/ \xd2\xe6"\\@``\xc5Ji\xa0\r61\xe8G\xcb\xfd\x1d\x90X\x0e\xf1E\rR\xfc8\x885\xc3\xc6\xf5\xc7H\x1b\x19\xf4\xd5B\x94A\xa4\xb7A\x8a0\xe8m\x800\x83\rxg\x03\x83\xf5\xa1\x06i\xfd1\x10:\xb1N\n5@O\x1dt3\xe8\x9a\x00e\x02:\x19\x04\x17\xaf\x95\x82E\xe8\xd8\x07\xf2\x06hg\xf0\x16\x06o>\xbfIzs3\x9c\x7f\xde2\xe9\xfc&8\xef\xdc:\xe9\xbc\xf6\xfd\xcb\xe0\xdc:X\xc7\xe0M\x0c\xce9\xbbY:\xa7\x08g\x9f\xd5 \x9d\xdd\x0cg\x9dY+\x9d\xd5\x00g\xd6\xc2\x1bW\xc1\x1b\xea\xa0\xed\x8cZ\xa9\x8d\xc1\x19\xb5pzk\xadtz\x1d\xb4\xd6B`\xed\xd1R\xa0\x01\xd6\x1e\r\xfe68\xedT\x9ft\x9a\x06\xa7\xaei\x92N\xf5\xc1\x9a&X}\x8aOZ-\xc3)>8\xd9W+\x9d\xbc\x0c|\xb5\xf0z\x06\xafc\xd0\xb2\x0cN\xc28Oj\x02\xaa\xc1k\x8b\xb0\nCX\xa5\xc1\x89up\x02f\xf0\x04\x06\xc7\x17\xe15\x1d\xb0\x12\xdf\xacdp\x9c\x06\xc7b\xa6\x8ee\xb0\x02\x07\xadX\t\xcb\x19438\x86A\x13\n41h\xc4X\x1b;\xa0a\x1c\x96iP\xcf\xa0n\xe9\n\xa9\x8e\xc1R\x94^\xba\x02j\x19\x90\x068\x9a\xc1Q(v\x14\x83W7\xc3\xab4X\x827\x97`\x07,\x07\xbc\n\x0c\x16\xe3\xfb\xc5kaQ\x03\xd40X\xb4w\x91v\xc5\r\x8bN{%\xfc\xd4\x1cn\x07\xa6\xfd9\xf1\x7f\xfe\x15\xce1endstream\nendobj\n15 0 obj\n<<\n/Ascent 759.7656 /CapHeight 759.7656 /Descent -240.2344 /Flags 4 /FontBBox [ -1020.508 -462.8906 1793.457 1232.422 ] /FontFile2 14 0 R \n  /FontName /AAAAAA+DejaVuSans /ItalicAngle 0 /MissingWidth 600.0977 /StemV 87 /Type /FontDescriptor\n>>\nendobj\n16 0 obj\n<<\n/BaseFont /AAAAAA+DejaVuSans /FirstChar 0 /FontDescriptor 15 0 R /LastChar 145 /Name /F3+0 /Subtype /TrueType \n  /ToUnicode 13 0 R /Type /Font /Widths [ 600.0977 787.1094 616.6992 549.8047 591.7969 900.8789 691.4062 615.2344 653.8086 649.9023 \n  582.5195 591.7969 590.8203 604.0039 612.793 653.8086 611.8164 589.3555 634.7656 789.5508 \n  754.3945 639.1602 841.7969 601.5625 525.3906 615.2344 751.9531 531.7383 915.0391 854.9805 \n  589.3555 680.6641 317.8711 400.8789 459.9609 837.8906 636.2305 950.1953 779.7852 274.9023 \n  390.1367 390.1367 500 837.8906 317.8711 360.8398 317.8711 336.9141 636.2305 636.2305 \n  636.2305 636.2305 636.2305 636.2305 636.2305 636.2305 636.2305 636.2305 336.9141 336.9141 \n  837.8906 837.8906 837.8906 530.7617 1000 684.082 686.0352 698.2422 770.0195 631.8359 \n  575.1953 774.9023 751.9531 294.9219 294.9219 655.7617 557.1289 862.793 748.0469 787.1094 \n  603.0273 787.1094 694.8242 634.7656 610.8398 731.9336 684.082 988.7695 685.0586 610.8398 \n  685.0586 390.1367 336.9141 390.1367 837.8906 500 500 612.793 634.7656 549.8047 \n  634.7656 615.2344 352.0508 634.7656 633.7891 277.832 277.832 579.1016 277.832 974.1211 \n  633.7891 611.8164 634.7656 634.7656 411.1328 520.9961 392.0898 633.7891 591.7969 817.8711 \n  591.7969 591.7969 524.9023 636.2305 336.9141 636.2305 837.8906 600.0977 609.375 751.9531 \n  649.9023 860.8398 781.25 603.0273 686.0352 706.543 1000 748.0469 862.793 941.8945 \n  751.9531 641.1133 694.8242 609.8633 709.9609 698.2422 ]\n>>\nendobj\n17 0 obj\n<<\n/PageMode /UseNone /Pages 19 0 R /Type /Catalog\n>>\nendobj\n18 0 obj\n<<\n/Author (\\(anonymous\\)) /CreationDate (D:20251107040526+00\'00\') /Creator (\\(unspecified\\)) /Keywords () /ModDate (D:20251107040526+00\'00\') /Producer (ReportLab PDF Library - www.reportlab.com) \n  /Subject (\\(unspecified\\)) /Title (\\376\\377\\004\\032\\004>\\004=\\004A\\004?\\0045\\004:\\004B) /Trapped /False\n>>\nendobj\n19 0 obj\n<<\n/Count 6 /Kids [ 3 0 R 4 0 R 5 0 R 6 0 R 7 0 R 8 0 R ] /Type /Pages\n>>\nendobj\n20 0 obj\n<<\n/Filter [ /ASCII85Decode /FlateDecode ] /Length 2040\n>>\nstream\nGauHMh/=6$&:`#5Z-#uH_;1OXnl=\\C81b*E&7DIjIW.kQ8KhqB,!l6Up1*6&c9?S62QicqHae&X]CYQ^hs>pBnIP3ZorV-L/C]k"TE*O%G6N/%e`$i,Hu\\lS)3CZ7RI@?^\'tg-_]ncAh*7fE1md4/I!W#CJlaI5`H5>Y6O8"PkEI.O\\/(@,kk34Ob>!oqV?7&u:?7oPJ?=Bg!?`M(,[J3(:24c6Llf\\%%[5<g?d\\[2,Y6jEMJ9GeA0Dbp:%2t]/X5XYS!RUAR1\'g_o//r*nmX<^S?b>c#7:9Gk@6U=JIeU1ZqBsF5+9-u03`)=GrpoI0q`Mj"Z9D#Hn)j0&0D4YV/^0o\\Ip*u)MLa/bKobg9b`W4*9-@A#\\cecE&CNpMI"kc$QX#/t"Det%Jf=AC;>UPF>$KZ&$j+&HG\'_ms:]%k.63s?/$qe*EIFFT<;Y%;e"lh@)M"ZEQVmoA<=WQ62no>_h4Aq+SHY(Gt?C4HtVlH%\'ACmKqW.?^V#-s.RGrbaU4Ys)t1Hu<?OsC"3F-BP/&3VSi:$YA8#c-,%JjPSjDe.J;\'jL9]Ug;Y1qQd+PR?nrX7_I$q+Y/8Z,Zg:@G]QH]Q"r6gD?INi>&(@K2KC%KHI04J*>h_P3M`I2l&`3q&`m_Vab0ErR0Z6K_7hTZ87@a(Pg\\A)8pa9](l(R#27=ngNkD1nGO*UbAIk]b>cHfJbbZ"H4(UP7^rp_5S\'7BYPY@SV2DT?HLY8#/GsTME)6P7u;c79V4<DXd_fP)niAP2CZQ&7m<]T\'c%H\\UlbH30k@S%]$#pek_<Z3Vkj0Bt3!"[>q8#2qW1*%mB3@>J<-"eMh1:S\\a:bsk@EeL#LGiM0uFb<7GmFek!hZjf2NtT_VMVT=hL%^nnX-^#.hS6XIo61(O^J^g,a@":VYLiOCci8Dq^ONTboPqRU;So%M0F``*-9Xq-JtcM%1p%O?e-ViV;!^amAANTRl\'"b.D\'*FNA6O_icjE\\ipG3B8q3jQk#!Kj;dRZGYrVY+G+]JRaMA8=87O$;P9rp\'*7Z*TR,G$;p.Oc7oXPt<s,<%l)ToMKRAIM10oWM0pA2;NY-s5dc]=5?qJF6:sOViVTbd2BQ@ZJV?$-9a&BKJu5L+R,o0Bc@D7d?AtoU*cpi*WI@4l7A)"1sD?)(0us7$^/(:qk0E_A9`L8Ui(pk62XK%0/d>KXlTS9EtfOe.:VsN#Ie]8&@C=GltXFTFZ.o,=mnq;Xm^p6W:-SDF:jI:uGqsPGp5T6#JQ!-]DE3hR5d7.f>sl=q56):eb9VC=%`%+fll$R():pm^!"b/VUL8DPY(Y32\\JJ)@ULCR+6&U8Xo)nBm\\])JW-d_OE%]Q@(IRZ$L9+Zfg&5#B7Hpuic&tNDSRq.o93[Oe8[0sBb:E88TN^LanU0ch_fT5a`f=Z*4fq0/2@HV"2-6P0F[$[!7\'m=jWFn\\)s%`E.j\\D)e9")9j:HW]HF/r0N^-g\'7aX%1JMX((Ys5%*</b@]jR+XUkQ\\:ec,IZn+.p5O?M<G_M5\\sW_U?\'-Th]>`=qPk\'p$0HNTBj+]IXAQ<IV<bXJ^<6cU#ZK7p`[jI31rJWgI#CY"@#neB]djld;(V8$?o3LOnuf40/\'LC=`l$Jc=R19T8UZl17Z+]a:\\&RJLAsBK>4kSK*_?i$\\GDbkSa]Z=+&5N)\'BR^?l[Qdn:K(/TLKFISto5qJ?hj7hfTWN6\\a2;.^7YS&5J;9;TEdTKZMZ&F5,>er(o<fJS1lLG9(1PNi<"*nG1PR[JF(\'"B\\tg\'LAsq!N2cWj\'Z<eOL`EY3[#:"Y_KlmfCp@s2QOIA%lYS2Ho,.k7$m,-h"\':tk3X6bfF6t>+5]E*iCnpJ,1?0:(F_O6#Ro%.:Z&[-oSUO&aNEJmfT"ZQEYlW\\c?3XoaHS`Ua_r%KNe5FL"[Jo,R$Vf>dX76NN]`1P=gs)\\e>jt7Q*68.UKRV";Y-UKDuaHS><-AI^?mnDSH.BdEG?.JH8sDYm>397*7lC!P8NF9I$2Au8i@$?W&XGn_71Mb`*X:>gOfe3_`\'r*p)eDCFoM~>endstream\nendobj\n21 0 obj\n<<\n/Filter [ /ASCII85Decode /FlateDecode ] /Length 1997\n>>\nstream\nGauHNgMRrh&:O:S&:Uq>5b9.0Uc(I[;BSP.1bIJiaGV,#33)!qcG^FMk3pL:E-J\\C$alHU!_;r:aWZGWF3Y2J!o-!Ks5-!Gn`*5H]g.-HXSrp4(L!nh&^ONk?d=a:)S%Pu/5]MJ/saMMlZ^q1%76u545U#g;bF,4`5NXs]bIOA@eH:1HHg8j\\,]MYHXPl,lY+^@a\',i:qa%DlW:/P@%+?X&,VIX\\oGV9!I]V3"p?)>IG/&;Pee2s3T[nYE]n4m))>E0_q(CTsUPs%p=8.KL)hf*BU\\dH8n,+t+W5SO8kbnioi#5-,8,!+Z=WBEZ]%,%<`k(sK5;OMdITAUl7WJd_3eN&QI*h!?n2HL8JN@#M6"$Xhqh1^#&?1=):7T?j_rH=WcjYp=L%%cfT8e=D\'l>MKR,R.Po$bSSK&4u-H2D"]s%J?^EuKQ[J4bqk9*mdQ*Dj%,Lsrq_iWB<sQ\'O:$Et<.BjB5V[K@W?u6RQMMq*bOTlT.<0Vc)(!2E/7omLY2pS,N;`NJQ>N!][R=A//cCaGEis6`@[!kl(cu3HWmsST<Bl5.T#J&`^[1`6UJ\\S#2_^4&D"@2=3X(%@I/@;F;3:<F_h;&7U%>-,qKK7n@N-,XQBTh;!L-G\'gjWm@O?ihgTsbqYGL\'irVm`S@e15j6aIJ2]oo+E44J\\AiP!11L-^<-P(*)1jPV8\'$P&(K/,n-l5Duc%6?4Q*2+)Y<pBl-5n+WZ;UUAIVU`n3RDu2Q9U!4=.[t)uKr].`qYom<G/)dBKO[lJO\\<`+p=d\'>J[K"@\'p&Dd!G;\\rP9Stmi+&G>$raKP7/0,VSO`[A"J&,t`%X@#Lsq8LZinKaM$AqjGS\'a0eHQ,@Qr:kK2D%?RL\'tf?acu=kT;&X-`aqWH(JE4Q8&]M!cjE]Fi2a`dQ$9f`X%N4W7h5`(V`bE(m.Cnr)\'CjYF\'$A][@[>UEuX$%N5+09pY3`iUF_?!="&iI5)393RA"B6Duf_^:$BVIg1BOme*kABD0:q2LaPdDMA,7P,]]juHe4\\3+qj8_2*77I,GWYNV(?*Ila\'Z^5+b5F@X:$`F-Rk.B`MibNe5S7@3>sSL\']40ek(^r[W;(o`,1Gt8>M+Wn;-7a*_X,^M_;b8PlWRBNE,YL7(:=)of^]^SC:F/V$o)![U;X7RGZ^/^E`X#lVERk3@MU6[?U?\\+BHLH2aJIf<G!<KZe.CR-4lD2QW.r0oC(M07rjBKgF6_)1kV+;IS$3/*,\'ji,G8=-[IK0OprBf<g&3+s/l4AhIt)b;0b!Rp[\',`HbGG*rKD;3_#qer-h?g\\K]siQu-(EktlqnoOD$W_@n2eS?V32BBMA#P298CSq;=TTA3Qe@Q2&+66_-GX4D2cLn*p170.$QVf\\V!HZ)<H"92WT9,`\'ppp/<GQQO:h=]Q1K>rn]:!;<-1kjeu#T5iDP]RO>$+)TuuhD!/B17CdJ=P-n%PGk6+E87OAD4KR0FGP2ZmYA8A-\'Nj0"j>>(qa$hZDfYHCMVH\'oIVePY^el*,fO$0S?+a,O?04\'Bf6FD5ao^#VX0d!O2hWQ#=iCO@f4b5kTihcX)J4KPJ<\'DS@R\'%*V!hbct"_[Z<l[4I3/#"\'X!EZo\'@<N0OeIX;0."r\\Vi)4j<t^@E;Ma].%"<KflR]i6eNA,+QI7fW+cKW;jnm(dI3@tuP-nna[M@]H=LORA3cX:\\Af),D%(06B3q*/e357QU&BjP`QTY__F,4^?#Sn^;cZejUHb(u7\\$fr7@fP98oLI`=KaDIiM79jT24<_3lt-5*AX1SbEr6n/.kh.K3SBo\'^O]F945n!VK`%H?iZ7XIpP*i`/bmY_j(V9:Ns6J\'=g!C=tkHd\'Jt<Lg3Ze%JU)J>oIM<%NlNQP)#nOOAnd#A+%gR7PDFenF59-C+pg#U%s=ai#136;cRQ280/)>],T0I\'%\'+ILoJ6"N@Dfkq#ea=@68RJRkdlnAFLhHLqXJEV.M,,Rf1VhVZ$$DfW!dfUc??M6m3^3RRoX~>endstream\nendobj\n22 0 obj\n<<\n/Filter [ /ASCII85Decode /FlateDecode ] /Length 1327\n>>\nstream\nGauHKhiA^F%"?N0@GOiheTU<T[EApZW@^FZ"@VNJ*Weh[/_n0J:BLNBAj#dio;bG9UcRTq]Ba]R5(EQJ,Im<"r;ZTti6)9dH\\$\\MMdHKP(LZbB4C?>#Agit%\\hqcaOE9=P.:N&.m/-_ciL#2bS/C&+\\fUi\'2IDe(PX@jk^AdVBG0;LU+Jb^sqk5Z%J&%,aqgSPoNW\'G*\\0D2ARN4G<IK+Uo:r3gS!ms^CNBSr\'SmfeW[!D"GkpS-SU[j9/lEOUmdU=OG=2(U+bYrj`jV]3u"+EN&LKHa9#,/^XHif58YkY"`kR[qT*\'%JbZ5O^?rr.QIHLU_CF5GQh[)RWeo7P@.CYW&?<-FCF!K9=_=P)$@\'N=);n>ggpEtluq!ReGiY%!\\#]*)q8%$YPIe\\HOgmB[UXg\\GL&d7h6#,Zr]kN0[a[5NtYiE+n=e3QmRT2Gk\\m4aR?n4>aG?-H#-!TD-+(moPcq#cmECI_3=CW-=IV_\\u7kJabNaF,LcG-$\'^"lFO6e,SD"AC-S6sOl\\H57VGqVUq"Y\'6T0$5<H>_&<@NtZ71!mqc11,@LQQX=fgcSre.8sXHT=[n4R#V65Y)uJ!bRQN."L]<,UXU.cQRhh[m.R:rG);noktgg`]P2oOk=04I`8,*!]u0#K\'6-%EYL4Y.WVmf[>>:6R/1jY+Xu$#-b^KckRfZ5X(F7[VhC$"`?ig4EMgZ/[Vc/[_HQEA(Koe2PG3XcV9sS:k5*8RAC`_,lYqs9Q(q9d9DYD/\\LPcj->9K`%nG;Metjs!qfniIf$*sLqKi,.h=H+;f!iCFrr$WGqYW=oYobS.Z<cM<+HnVW4bB,%=uUN9AMY0S0h#M-%_JsY>X(?Xd^)He:Ot;d[N\'bsSD!j:M+u4+@/H0Enhp9):l"B]kLC`XkSpm::.^&C_P=-#2moTg_P_g@e%,ueI8I&IXYP4e7+b,FiIU@\'h8`:4P,4_2+\'YKbHVMrFCLuU-:+/aI041%3)NPU8=6&J]<-M0n/$dN?QfcjK[T6e+D;#i5\'6:3u<e!gOBj64a,80,q.JX/a:o.oFg[cQhEr#[?;fqe`K.n;8&;Jib"\\7LtpS7`j#\'@f!B=#KM)P4$XW;U!53[Bng?7316C\'[6qil!V6U5q4*g6BIm2O@+rfA%Z6T6S6oTaC1c)+t2R-U)gRr<@(Zf>s4,ONU*n%Q,%bY\\]p5gT72NGYFE[bsY@d9#b$rBl/4Glk!6?-n@#XYsU02c%=1f^FF::[$Es]/_0#56*5Og^hOA%<7ZdWd/AL"FOR*i3coNak=:q9`3@3MLQlXp2[;F4;<m/t)qPc4%dIIm).<.[?(W[(~>endstream\nendobj\n23 0 obj\n<<\n/Filter [ /ASCII85Decode /FlateDecode ] /Length 2082\n>>\nstream\nGauHM95bb.&AJ$C&3edL]AX0*])d4KJYY`^ZtLs4(EJ`$C?i0$;VOI+IpYBogf\\>;dS^esX(7R\'*-*+XI)?+2r?&u8lWYOH=bnFY5QH\\\\mfIU/`Sq-mHu\\lS)3CZ5c42gaE)q.q[G]s6__M_Z]fksC5ag-:IOh(XSa-OHmh]p?o_>6s."_S[dpFZ&"Fm,[PeXT?N5)I/gera:\'T70EnV-aQ3g3q%ci.j#Bc>1Cjoq!O$-8!S1i9j#qZR]DlC.Dsr"#S(OT**R#[S?i2TG1@gL8aLFuuX[5[U"SmlOZqht>tN0CumW%m"PmD#X=T[qG0i\'XpD55BT3_roPm(lcq*S;!+AdE2Fge,[96fqu^6oJ9M;&X*^2+pB![+W0>O=PQ-5M:m$9\'j&&Y4*[aS7i\'a[t)h_\'r=4YZ8)u?f-M^:>A=i[IOnCCZnEYBaKo3\'En_`;Wg(h/AlTJ<Lj2MJX\\6SXW9j2kV)o90u*;spW`AI$o=#r8NUbb0ON,*uVr4q,c%8C!/)*PH")J(_BKWDSHm-Kg-VKHC=pChZ0f8VB$sles<to7Ec4g,.NjW[JaOmHB;<Su9K-\']P9L>)LIl$]6fKX%IF`aK)#2"tN?c2q$6/c4&jNQr;0P`HBC[P\\uL09D])<PY]@gaMJAZKpb77UR7g@mRg@19CftW2#O<#8Wbdh/NLCH\\eZf#3.9q0,tDT#V-)Aa`j6Y00lD,tR:Cu7M5.m6Ap3f#qGJjt#^Il:,tDE:$>GmJ?$`[ESFVQJ9r[sT#!Jh`bdVPDnV6.G/\'=Yi@L/_K$/7QmNMidrfb,fcLM#Tl;N`JsNtp38P6%Y7ZN;6ug_1JP1GVOBKUb>QAQT6rUIfO\\B@Dli+&/7f8iWk"FplkVm68Kj043VLIs(AFmJ>dj,piX(LRqdYYOCqPs80$Ls(:fcj*GhoQp4_].LJ++H@ij27Blte=tLN>ENBLDlu<t4_0Y2lai1!_"<*;g(1GCo_N`";$q(W7-;^7!G\'H=lWI%Y-T,2IL,%-M7n8U8t1Q@X;)C&afR#*P,M,K(k&eRlsr0,UNN)6"Bittr3K>J>aF\\70T"r\\B`X_hYD>#kdQ4N]c+"0d\\G4(^+b\\;ZN"H\']+[Vhs*2-)o(>:;pVNNqlCFWQYeMV5dYm"p#V*9a$D7$%sS:\'\\\\]?7@*,Fct-#LB2X)J?kLWh5SQO%qj5BGE9\'N#+AS`NLjT@4j&G1Nkb=S0cr#iH6!R"#;i(t.\\I*BsZ;lN^DH8Z`8nK<8>7K?oj&_u-G-"2j+!b(^!Qc<2a_SF*PV>X]Pm\'nE/^e5)l&j5f6J5I"6Ju+=dhn#Q7W(1@X4pgA<81\'/qRhXd.9cfrATU@+%7d\'*ekmo0"#1Z2r@,13_p.S[!Q,WD-c[pDj\'W:Z/-KK1ae^*>nb\'9\'CE/(mn!`Q%FOq@4A.8)7HC9Fo*/K@N3NjZl""O@`P#%=EP\\beGo+BN76YOa/d?Z:C!c9_MZDL2JS=+JYjcIba1#dmBGBYc02i)Ti/hWaqq!@,5ZB/_8U/m9];t"J@3[s<,L!f;<Wt0E(Y4$i9mG7X8TueGb5(c4iOs:rUa"Rb\\J9!c\\LViflIO\\CTbcA"DQXWXRgbn2N<;IZJ]Y"kfeJ0SqRgja*(\\>%F4F^Rt,O!)L:FIRqIr3.0&bafl"B,no2%Hpqpo#f$5U>?OEC:/R$W;2!&p*7PP"+g?nhLBFlU]fc$niu-@(/kGSK=c@NoNk@0iPQOgIb9%LUo2N4?G.+lPO,P9Ed,&c_!D(`Rc:Z_"+e)#_N$a36d^.#7I#VbQUB"KU@n>)Z$UChgb:O/FHh/gjE5cU[d%]3_/AkQLEB`DuXLfAjC_>pguPsB-Ol;,&L]M,*bq8>_Zn\'Vf1?QHH#C^AE@cGlGhUGjt7ujHEJ4A8#Fepb^R`KE>2Bt0*!K(6_DBk8b7ol3V"R^A_e+c;6M#LQbGYhO(RL[Us+V"irPB"D<7DkqR5FCG64]na/MesB]2d+[3m<QEEnE`:1>u6aX9*:7I`iU()?!r,UfuDQ1C81AbI7`s7"90E\'rjGFZj.-3md\\63&B8uLuse):Bi8Xi1"F/gdEPK]f>m"]V1.^~>endstream\nendobj\n24 0 obj\n<<\n/Filter [ /ASCII85Decode /FlateDecode ] /Length 2041\n>>\nstream\nGauHNgMYe)&:O:S&:Uq>5b9,J;@:d+\'M)+99aeE<jCKFaEOLnV3#D%XD>q8^%&I+/DC\\.Ei2eMm*-+#$kKImBJGY,\\s4[c%IU%`1(FW+;eXlncVT%g:nU,KQjUA,bOdRY0M8G]:.uZdGn#WQ/KMISP^&_93PZU))M`"[b.9>oVl9!nqRb9)D"\'$gt@,joGB[TVq>-pWn6*FUnn(gnNe&_J50%L[-)J&8bXP!IEk5G!s^Nh<[&oeARepu>bK%NI/pZ%k@0&W=rN,;g$pP5^eKbqIuqa?8/r%gR9`;3X#W,f3%)Ftl=pB.,2%NKHDl=L?$h0agHR?7M7WuabU3<X&e_*K8/k]1h@)p*^tSZUcl0\\"R"6=+Sd<5K.ncJtSVED?^O#"O;4GUC8Q`kRUm2ATuMnFA^;l!f\',mqM+#r@j%WVFB<$%6t[oV9#@,"<XEL-s7\\2BjEpm!<TW#b8R7g#<*LjXK89bCS?KVP;B?=U4^X3*MEC1WG6:>S)%_$#fPcJrr1A9`,/$G*8526$8`laM,UKCW4`5qrW]5:3p_r\'\\SMJBb]G1@*;Gfo=bgkCZkHjQEcRhMr?o>\\o:JEca9&,ON:[NFN"<P=Qst&gj>J>/jQ>";rPrQ[\\(fa,q7lgoa1&+QT=7!:^sp01gYP\'L^:S[^+hS+oX6jSTF8\'d0C\\72Y_/2jmO-<^u3K7KE`X"n:6O9\\X-Us%>Zi\\*:h*<3`iPJA_)H"hfRe^\'_0krJmN8G:+RV6;eX)IV+rpANb^Y=\\Qa1O5BQ]B&K[<!PpCWE_2+9@Q*c4Ic=7D`cTa$@T]VInkEn;"_=O8L4/3g4lH@<t*]:+m+)&gX4u)DnbX61!3&)[o\\T8eLCBZkUb%/c[OP;oY#MMTQ,BQQr4f02+SNji%4njX-V9=1RKEmr\\#!Q1Tup*XJoDHPY8dlQHlr5]/XFXq@_cHLWf:D1&B?rc5X.D]_IiAXP3d692FEA!ht7)6-.7#G?RpKRU"s?)AYurJjS)<X4J7G`kIs30DK^,*tp,GFeP,7&$6I(.V;@A29UZPXTD;IJ.F)kE?0E9J7c)XqE!-%3R7?;=M+C$tMZ]0]?QX3\\0aM<\\Ai_\\;f_XM,]T=*q;A?@qf"hdH)1D7KABJ;cWcFdB,m]qOZn?cKQeS;MH#K>;2kWb\\um(hi[m"or#jF*#)bV>0?\\>&1_85S"Pen.PhV6=_s[9\'*q4*9<,LSq=cN-OkepVG"S0BRR,,k?P7$$#9)OI#\\Z#m2EiY05H`8WmMBS[NhZ@Fqoc=,@>G/^IBBS!$hq[HnOMaT>ac/9\'6%Z3DZaQD2T&tVUI%N*&<\\O73l]aIOq97\'\'(dYHLWEh"nOub>b,U"Mj@.U,.;\\$&VILPUF5S;X8fObb_\'F\\mo"%[;o"GUn,$uE-aMK);&c,+bbBlqQaQdkHFA=UBVQN)@;NAYV0CZ\':b3s<ML=rtN_?`b1OABuD$\'`5bbRclCogi:4`>QP6ekd;+@i8%NQ;[;il>=OI?\'fBu1,$GCUY6%\'@0^ogc;u`\\)nBL\'Z8s2VV8_QjOrKfTmn*8M)D<eJn\\+9B#?7+=B4V8:YbKQ>i01<77%_nU7jTB"DQk4aAY\'Di(`G],R9YhQV3][,m1#9tBRn09GT*RXb\'1oR;fNaU9c=?1;U%a-iDYLMrR8e"WWl,$"1L"G*NFe8ZXM:<WLei0\\jIOE7SM3?4BZd@d,iJc/:tF#ken-rLDuYt,+8W,E#kFd9CIjD(M/8.F<>@Y:*i5pr$Xf(1Zh8M,J1-tni?fW8r@:;O]Y&C+cV"<Pk\'=VI:d#]L.KP4bKu%=T&Y*o62]QhB^]Z\\6Zq\\IIF5p7FSR4`kW2p!+K4CAO4fo"MUQ]]\\i6Vl0GTk\'MBrl\';BeR?;Ygsj^s\'ST\'+%ep)XZ>$bRu\'1!MgYoR@&V..&u%2`ciPWbO&/XY8\'dM%ta).TQmjiSV7C^CIeggOA&XjIQ/ELO1mn&NkRN8K],_]qn%(Lc\'W8_[O9[>Jo?ArCf[5$?ST[X,&CS(8Ju[SS8sO7;Ro,+,(7;Gbtg(kip8n_4;3;~>endstream\nendobj\n25 0 obj\n<<\n/Filter [ /ASCII85Decode /FlateDecode ] /Length 1370\n>>\nstream\nGauHKhiA^F%"?N0@GOiheTU<T[EApZW@^FZ"@VNJ*Weh[/_n0J:BLNBAj#dio;bG9UcRTq]Ba]R5(EQJ,Im<"r;ZTti6)9dH\\$\\MMdHKP(LZbB4C?>#Agit%\\hqcaOE9=P.:N&.m/-_ciL#2bS/C&+\\fUi\'2IDe(PX@jk^AdVBG0;LU+Jb^sqk5Z%J&%,aqgSPoNW\'G*\\0D2ARN4G<IK+Uo:r3gS!ms^CNBSr\'SmfeW[!D"GkpS-SU[j9/lEOUmdU=OG=2(U+bYrj`jV]3u"+EN&LKHa9#,/^XHif58YkY"`kR[qT*\'%JbZ5O^?rr.QIHLU_CF5GQh[)RWeo7P@.CYW&?<-FCF!K9=_=P)$@\'N=);n>ggpEtluq!ReGiY%!\\#]*)q8%$YPIe\\HOgmB[UXg\\GL&d7h6#,Zr]kN0[a[5NtYiE+n=e3QmRT2Gk\\m4aR?n4>aG?-H#-!TD-+(moPcq#cmECI_3=CW-=IV_\\u7kJabNaF,LcG-$\'^"lFO6e,SD"AC-S6sOl\\H57VGqVUq"Y\'6T0$5<H>_&<@NtZ71!mqc11,@LQQX=fgcSre.8sXHT=[n4R#V65Y)uJ!bRQN."L]<,UXU.cQRhh[m.R:rG);noktgg`]P2oOk=04I`8,*!]u0#K\'6-%EYL4Y.WVmf[>>:6R/1jY+Xu$#-b^KckRfZ5X(F7[VhC$"`?ig4EMgZ/[Vc/[_HQEA(Koe2PG3XcV9sS:k5*8RAC`_,lYqs9Q(q9d9DYD/\\LPcj->9K`%nG;Metjs!qfniIf$*sLqKi,.h=H+;f!iCFrr$WGqYW=oYobS.Z<cM<+HnVW4bB,%=uUN9AMY0S0h#M-%_JsY>X(?Xd^)He:Ot;d[N\'bsSD!j:M+u4+@/H0Enhp9):l"B]kLC`XkSpm::.^&C_P=-#2moTg_P_g@e%,ueI8I&IXYP4e7+b,FiIU@\'h8`:4P,4_2+\'YKbHVMrFCLuU-:+/aI041%3)NPU8=6&J]<-M0n/$dN?QfcjK[T6e+D;#i5\'6:3u<e!gOBj64a,80,q.JX/a:o.oFg[cQhEr#[?;fqe`K.n;8&;Jib"\\7LtpS7`j#\'@f!B=#KM)P4$XW;U!53[Bng?7316C\'[6qil!V6U5q4*g6BIm2O@+rfA%Z6T6S6oTaC1c)+t2R-U)gRr<@(Zf>s4,ONU*n%Q,%bY\\]p5gT72NGYFE[bsY@d9#b$rBl/4Glk!6?-n@#XYsU02c%=1f^FF::[$Es]/_0#56*5Og^hOA%<7ZdWd/AL"FOR*i3coNak=:q9`3@3MLQlXp2[;F4;<m/t)qPc4%dIIm)8NOAoXX:mT]eaENh5:,RKHL>PpDY:$<;..n=Z<`GiKiWrrIk\\5;i~>endstream\nendobj\nxref\n0 26\n0000000000 65535 f \n0000000073 00000 n \n0000000130 00000 n \n0000000237 00000 n \n0000000442 00000 n \n0000000647 00000 n \n0000000852 00000 n \n0000001057 00000 n \n0000001262 00000 n \n0000001467 00000 n \n0000002349 00000 n \n0000023690 00000 n \n0000023960 00000 n \n0000025432 00000 n \n0000026334 00000 n \n0000048640 00000 n \n0000048899 00000 n \n0000050396 00000 n \n0000050466 00000 n \n0000050788 00000 n \n0000050878 00000 n \n0000053010 00000 n \n0000055099 00000 n \n0000056518 00000 n \n0000058692 00000 n \n0000060825 00000 n \ntrailer\n<<\n/ID \n[<2913851eea84e3d80584411ff579c205><2913851eea84e3d80584411ff579c205>]\n% ReportLab generated PDF document -- digest (http://www.reportlab.com)\n\n/Info 18 0 R\n/Root 17 0 R\n/Size 26\n>>\nstartxref\n62287\n%%EOF\n'
2025-11-07 14:07:49,100 - INFO - Asynchronous result handle_pdf:
2025-11-07 14:07:49,100 - INFO - 0
2025-11-07 14:07:49,100 - INFO - Update id=318836205 is handled. Duration 507 ms by bot id=7868636837
2025-11-07 14:40:17,272 - DEBUG - Error handling request from 78.135.107.199
Traceback (most recent call last):
  File "/tmp/onefile_1_1762487818_943230/aiohttp/web_protocol.py", line 408, in data_received
  File "aiohttp/_http_parser.pyx", line 558, in aiohttp._http_parser.HttpParser.feed_data
aiohttp.http_exceptions.BadHttpMethod: 400, message:
  Invalid method encountered:

    b'\x16\x03\x01\x01\xaa\x01'
      ^
2025-11-07 14:40:17,273 - INFO - 78.135.107.199 [07/Nov/2025:14:40:17 +0000] "UNKNOWN / HTTP/1.0" 400 227 "-" "-"
2025-11-07 15:03:05,464 - DEBUG - Error handling request from 78.135.107.199
Traceback (most recent call last):
  File "/tmp/onefile_1_1762487818_943230/aiohttp/web_protocol.py", line 408, in data_received
  File "aiohttp/_http_parser.pyx", line 558, in aiohttp._http_parser.HttpParser.feed_data
aiohttp.http_exceptions.BadHttpMethod: 400, message:
  Invalid method encountered:

    b'\x16\x03\x01'
      ^
2025-11-07 15:03:05,464 - INFO - 78.135.107.199 [07/Nov/2025:15:03:05 +0000] "UNKNOWN / HTTP/1.0" 400 215 "-" "-"
2025-11-07 15:05:28,680 - DEBUG - Error handling request from 52.176.147.29
Traceback (most recent call last):
  File "/tmp/onefile_1_1762487818_943230/aiohttp/web_protocol.py", line 408, in data_received
  File "aiohttp/_http_parser.pyx", line 558, in aiohttp._http_parser.HttpParser.feed_data
aiohttp.http_exceptions.BadHttpMethod: 400, message:
  Invalid method encountered:

    b'\x16\x03\x01'
      ^
2025-11-07 15:05:28,681 - INFO - 52.176.147.29 [07/Nov/2025:15:05:28 +0000] "UNKNOWN / HTTP/1.0" 400 215 "-" "-"
2025-11-07 15:13:05,635 - DEBUG - Error handling request from 40.119.24.130
Traceback (most recent call last):
  File "/tmp/onefile_1_1762487818_943230/aiohttp/web_protocol.py", line 408, in data_received
  File "aiohttp/_http_parser.pyx", line 558, in aiohttp._http_parser.HttpParser.feed_data
aiohttp.http_exceptions.BadHttpMethod: 400, message:
  Invalid method encountered:

    b'\x16\x03\x01'
      ^
2025-11-07 15:13:05,636 - INFO - 40.119.24.130 [07/Nov/2025:15:13:05 +0000] "UNKNOWN / HTTP/1.0" 400 215 "-" "-"
2025-11-07 15:28:09,758 - INFO - Asynchronous call: handle_back_tap
2025-11-07 15:28:09,932 - INFO - Asynchronous result handle_back_tap:
2025-11-07 15:28:09,933 - INFO - 0
2025-11-07 15:28:09,933 - INFO - Update id=318836206 is handled. Duration 174 ms by bot id=7868636837
2025-11-07 15:28:10,663 - INFO - Asynchronous call: handle_meets
2025-11-07 15:28:10,793 - INFO - Asynchronous result handle_meets:
2025-11-07 15:28:10,793 - INFO - 0
2025-11-07 15:28:10,793 - INFO - Update id=318836207 is handled. Duration 133 ms by bot id=7868636837
2025-11-07 15:31:35,945 - INFO - Asynchronous call: http_delete_meeting
2025-11-07 15:31:35,945 - INFO - Asynchronous call: handle_delete_meeting
2025-11-07 15:31:35,945 - INFO - Asynchronous call: get_msg_inv_auth_query
2025-11-07 15:31:35,991 - INFO - Asynchronous result get_msg_inv_auth_query:
2025-11-07 15:31:35,991 - INFO - [{'username': '@imishgen', 'participant_id': 20, 'tg_id': 6376686274, 'invite_msg_id': 272}, {'username': '@riftinink', 'participant_id': 17, 'tg_id': 877617880, 'invite_msg_id': 271}]
2025-11-07 15:31:36,253 - INFO - Asynchronous result handle_delete_meeting:
2025-11-07 15:31:36,253 - INFO - {'ok': True, 'sent': 2}
2025-11-07 15:31:36,253 - INFO - Asynchronous result http_delete_meeting:
2025-11-07 15:31:36,253 - INFO - <Response OK not prepared>
2025-11-07 15:31:36,254 - INFO - 109.69.21.24 [07/Nov/2025:15:31:35 +0000] "DELETE /delete_meeting HTTP/1.1" 200 183 "-" "python-httpx/0.28.1"
2025-11-07 15:31:38,174 - INFO - Asynchronous call: http_delete_meeting
2025-11-07 15:31:38,174 - INFO - Asynchronous call: handle_delete_meeting
2025-11-07 15:31:38,174 - INFO - Asynchronous call: get_msg_inv_auth_query
2025-11-07 15:31:38,176 - INFO - Asynchronous result get_msg_inv_auth_query:
2025-11-07 15:31:38,176 - INFO - [{'username': '@imishgen', 'participant_id': 20, 'tg_id': 6376686274, 'invite_msg_id': 177}]
2025-11-07 15:31:38,545 - INFO - Asynchronous result handle_delete_meeting:
2025-11-07 15:31:38,545 - INFO - {'ok': True, 'sent': 1}
2025-11-07 15:31:38,545 - INFO - Asynchronous result http_delete_meeting:
2025-11-07 15:31:38,545 - INFO - <Response OK not prepared>
2025-11-07 15:31:38,545 - INFO - 109.69.21.24 [07/Nov/2025:15:31:38 +0000] "DELETE /delete_meeting HTTP/1.1" 200 183 "-" "python-httpx/0.28.1"
2025-11-07 15:31:48,471 - INFO - Asynchronous call: handle_back_tap
2025-11-07 15:31:48,605 - INFO - Asynchronous result handle_back_tap:
2025-11-07 15:31:48,605 - INFO - 0
2025-11-07 15:31:48,605 - INFO - Update id=318836208 is handled. Duration 134 ms by bot id=7868636837
2025-11-07 15:31:49,452 - INFO - Asynchronous call: handle_abstract
2025-11-07 15:31:49,590 - INFO - Asynchronous result handle_abstract:
2025-11-07 15:31:49,590 - INFO - 0
2025-11-07 15:31:49,591 - INFO - Update id=318836209 is handled. Duration 141 ms by bot id=7868636837
2025-11-07 15:31:50,369 - INFO - Asynchronous call: handle_Transcripts_of_meetings
2025-11-07 15:31:50,553 - INFO - Asynchronous result handle_Transcripts_of_meetings:
2025-11-07 15:31:50,553 - INFO - 0
2025-11-07 15:31:50,553 - INFO - Update id=318836210 is handled. Duration 185 ms by bot id=7868636837
2025-11-07 15:31:51,390 - INFO - Asynchronous call: handle_edit_questionnaire
2025-11-07 15:31:51,390 - INFO - Asynchronous call: get_all_subordinates_with_details_query
2025-11-07 15:31:51,394 - INFO - Asynchronous result get_all_subordinates_with_details_query:
2025-11-07 15:31:51,394 - INFO - [{'username_tg': '@imishgen', 'full_name': 'Величко Михаил Павлович'}, {'username_tg': '@riftinink', 'full_name': 'Зулкашев Мурат Саматович'}, {'username_tg': '@madam_mayor', 'full_name': 'Кармалитова Екатерина Александровна'}, {'username_tg': '@kseni_laxx', 'full_name': 'Литвиненко Ксени Витальевна'}, {'username_tg': '@rin_rin16', 'full_name': 'Рынкевич Даниил Гелавич'}, {'username_tg': '@AlexandrTusikov', 'full_name': 'Тусиков Александр Александрович'}]
2025-11-07 15:31:51,729 - INFO - Asynchronous result handle_edit_questionnaire:
2025-11-07 15:31:51,729 - INFO - 0
2025-11-07 15:31:51,729 - INFO - Update id=318836211 is handled. Duration 339 ms by bot id=7868636837
2025-11-07 15:31:57,295 - INFO - Asynchronous call: handle_get_period
2025-11-07 15:31:57,378 - INFO - Asynchronous result handle_get_period:
2025-11-07 15:31:57,378 - INFO - 0
2025-11-07 15:31:57,379 - INFO - Update id=318836212 is handled. Duration 83 ms by bot id=7868636837
2025-11-07 15:32:09,486 - INFO - Asynchronous call: handle_thats_all_person
2025-11-07 15:32:09,486 - INFO - Asynchronous call: get_meetings_with_summary_by_all_participants_query
2025-11-07 15:32:09,490 - INFO - Asynchronous result get_meetings_with_summary_by_all_participants_query:
2025-11-07 15:32:09,490 - INFO - []
2025-11-07 15:32:09,757 - INFO - Asynchronous result handle_thats_all_person:
2025-11-07 15:32:09,757 - INFO - 0
2025-11-07 15:32:09,757 - INFO - Update id=318836213 is handled. Duration 273 ms by bot id=7868636837
